[0.315s] DEBUG:colcon:Command line arguments: ['/usr/bin/colcon', 'build', '--symlink-install']
[0.315s] DEBUG:colcon:Parsed command line arguments: Namespace(log_base=None, log_level=None, verb_name='build', build_base='build', install_base='install', merge_install=False, symlink_install=True, test_result_base=None, continue_on_error=False, executor='parallel', parallel_workers=12, event_handlers=None, ignore_user_meta=False, metas=['./colcon.meta'], base_paths=['.'], packages_ignore=None, packages_ignore_regex=None, paths=None, packages_up_to=None, packages_up_to_regex=None, packages_above=None, packages_above_and_dependencies=None, packages_above_depth=None, packages_select_by_dep=None, packages_skip_by_dep=None, packages_skip_up_to=None, packages_select_build_failed=False, packages_skip_build_finished=False, packages_select_test_failures=False, packages_skip_test_passed=False, packages_select=None, packages_skip=None, packages_select_regex=None, packages_skip_regex=None, packages_start=None, packages_end=None, cmake_args=None, cmake_target=None, cmake_target_skip_unavailable=False, cmake_clean_cache=False, cmake_clean_first=False, cmake_force_configure=False, ament_cmake_args=None, catkin_cmake_args=None, catkin_skip_building_tests=False, mixin_files=None, mixin=None, verb_parser=<colcon_mixin.mixin.mixin_argument.MixinArgumentDecorator object at 0x7fbe2e2170a0>, verb_extension=<colcon_core.verb.build.BuildVerb object at 0x7fbe2e216a10>, main=<bound method BuildVerb.main of <colcon_core.verb.build.BuildVerb object at 0x7fbe2e216a10>>, mixin_verb=('build',))
[0.606s] Level 1:colcon.colcon_core.package_discovery:discover_packages(colcon_meta) check parameters
[0.606s] Level 1:colcon.colcon_core.package_discovery:discover_packages(recursive) check parameters
[0.606s] Level 1:colcon.colcon_core.package_discovery:discover_packages(ignore) check parameters
[0.606s] Level 1:colcon.colcon_core.package_discovery:discover_packages(path) check parameters
[0.607s] Level 1:colcon.colcon_core.package_discovery:discover_packages(colcon_meta) discover
[0.607s] Level 1:colcon.colcon_core.package_discovery:discover_packages(recursive) discover
[0.607s] INFO:colcon.colcon_core.package_discovery:Crawling recursively for packages in '/home/student/ros2_ws'
[0.607s] Level 1:colcon.colcon_core.package_identification:_identify(.) by extensions ['ignore', 'ignore_ament_install']
[0.607s] Level 1:colcon.colcon_core.package_identification:_identify(.) by extension 'ignore'
[0.607s] Level 1:colcon.colcon_core.package_identification:_identify(.) by extension 'ignore_ament_install'
[0.607s] Level 1:colcon.colcon_core.package_identification:_identify(.) by extensions ['colcon_pkg']
[0.608s] Level 1:colcon.colcon_core.package_identification:_identify(.) by extension 'colcon_pkg'
[0.608s] Level 1:colcon.colcon_core.package_identification:_identify(.) by extensions ['colcon_meta']
[0.608s] Level 1:colcon.colcon_core.package_identification:_identify(.) by extension 'colcon_meta'
[0.608s] Level 1:colcon.colcon_core.package_identification:_identify(.) by extensions ['ros']
[0.608s] Level 1:colcon.colcon_core.package_identification:_identify(.) by extension 'ros'
[0.624s] Level 1:colcon.colcon_core.package_identification:_identify(.) by extensions ['cmake', 'python']
[0.624s] Level 1:colcon.colcon_core.package_identification:_identify(.) by extension 'cmake'
[0.625s] Level 1:colcon.colcon_core.package_identification:_identify(.) by extension 'python'
[0.625s] Level 1:colcon.colcon_core.package_identification:_identify(.) by extensions ['python_setup_py']
[0.625s] Level 1:colcon.colcon_core.package_identification:_identify(.) by extension 'python_setup_py'
[0.625s] Level 1:colcon.colcon_core.package_identification:_identify(build) by extensions ['ignore', 'ignore_ament_install']
[0.626s] Level 1:colcon.colcon_core.package_identification:_identify(build) by extension 'ignore'
[0.626s] Level 1:colcon.colcon_core.package_identification:_identify(build) ignored
[0.626s] Level 1:colcon.colcon_core.package_identification:_identify(install) by extensions ['ignore', 'ignore_ament_install']
[0.626s] Level 1:colcon.colcon_core.package_identification:_identify(install) by extension 'ignore'
[0.626s] Level 1:colcon.colcon_core.package_identification:_identify(install) ignored
[0.626s] Level 1:colcon.colcon_core.package_identification:_identify(log) by extensions ['ignore', 'ignore_ament_install']
[0.627s] Level 1:colcon.colcon_core.package_identification:_identify(log) by extension 'ignore'
[0.627s] Level 1:colcon.colcon_core.package_identification:_identify(log) ignored
[0.627s] Level 1:colcon.colcon_core.package_identification:_identify(src) by extensions ['ignore', 'ignore_ament_install']
[0.627s] Level 1:colcon.colcon_core.package_identification:_identify(src) by extension 'ignore'
[0.627s] Level 1:colcon.colcon_core.package_identification:_identify(src) by extension 'ignore_ament_install'
[0.627s] Level 1:colcon.colcon_core.package_identification:_identify(src) by extensions ['colcon_pkg']
[0.628s] Level 1:colcon.colcon_core.package_identification:_identify(src) by extension 'colcon_pkg'
[0.628s] Level 1:colcon.colcon_core.package_identification:_identify(src) by extensions ['colcon_meta']
[0.628s] Level 1:colcon.colcon_core.package_identification:_identify(src) by extension 'colcon_meta'
[0.628s] Level 1:colcon.colcon_core.package_identification:_identify(src) by extensions ['ros']
[0.628s] Level 1:colcon.colcon_core.package_identification:_identify(src) by extension 'ros'
[0.628s] Level 1:colcon.colcon_core.package_identification:_identify(src) by extensions ['cmake', 'python']
[0.628s] Level 1:colcon.colcon_core.package_identification:_identify(src) by extension 'cmake'
[0.628s] Level 1:colcon.colcon_core.package_identification:_identify(src) by extension 'python'
[0.629s] Level 1:colcon.colcon_core.package_identification:_identify(src) by extensions ['python_setup_py']
[0.629s] Level 1:colcon.colcon_core.package_identification:_identify(src) by extension 'python_setup_py'
[0.629s] Level 1:colcon.colcon_core.package_identification:_identify(src/acs6121_team08_2025) by extensions ['ignore', 'ignore_ament_install']
[0.629s] Level 1:colcon.colcon_core.package_identification:_identify(src/acs6121_team08_2025) by extension 'ignore'
[0.629s] Level 1:colcon.colcon_core.package_identification:_identify(src/acs6121_team08_2025) by extension 'ignore_ament_install'
[0.629s] Level 1:colcon.colcon_core.package_identification:_identify(src/acs6121_team08_2025) by extensions ['colcon_pkg']
[0.630s] Level 1:colcon.colcon_core.package_identification:_identify(src/acs6121_team08_2025) by extension 'colcon_pkg'
[0.630s] Level 1:colcon.colcon_core.package_identification:_identify(src/acs6121_team08_2025) by extensions ['colcon_meta']
[0.630s] Level 1:colcon.colcon_core.package_identification:_identify(src/acs6121_team08_2025) by extension 'colcon_meta'
[0.630s] Level 1:colcon.colcon_core.package_identification:_identify(src/acs6121_team08_2025) by extensions ['ros']
[0.630s] Level 1:colcon.colcon_core.package_identification:_identify(src/acs6121_team08_2025) by extension 'ros'
[0.634s] DEBUG:colcon.colcon_core.package_identification:Package 'src/acs6121_team08_2025' with type 'ros.ament_cmake' and name 'acs6121_team08_2025'
[0.635s] Level 1:colcon.colcon_core.package_identification:_identify(src/build) by extensions ['ignore', 'ignore_ament_install']
[0.635s] Level 1:colcon.colcon_core.package_identification:_identify(src/build) by extension 'ignore'
[0.635s] Level 1:colcon.colcon_core.package_identification:_identify(src/build) ignored
[0.635s] Level 1:colcon.colcon_core.package_identification:_identify(src/install) by extensions ['ignore', 'ignore_ament_install']
[0.636s] Level 1:colcon.colcon_core.package_identification:_identify(src/install) by extension 'ignore'
[0.636s] Level 1:colcon.colcon_core.package_identification:_identify(src/install) ignored
[0.636s] Level 1:colcon.colcon_core.package_identification:_identify(src/log) by extensions ['ignore', 'ignore_ament_install']
[0.636s] Level 1:colcon.colcon_core.package_identification:_identify(src/log) by extension 'ignore'
[0.636s] Level 1:colcon.colcon_core.package_identification:_identify(src/log) ignored
[0.637s] Level 1:colcon.colcon_core.package_identification:_identify(src/part1_pubsub) by extensions ['ignore', 'ignore_ament_install']
[0.637s] Level 1:colcon.colcon_core.package_identification:_identify(src/part1_pubsub) by extension 'ignore'
[0.637s] Level 1:colcon.colcon_core.package_identification:_identify(src/part1_pubsub) by extension 'ignore_ament_install'
[0.637s] Level 1:colcon.colcon_core.package_identification:_identify(src/part1_pubsub) by extensions ['colcon_pkg']
[0.637s] Level 1:colcon.colcon_core.package_identification:_identify(src/part1_pubsub) by extension 'colcon_pkg'
[0.637s] Level 1:colcon.colcon_core.package_identification:_identify(src/part1_pubsub) by extensions ['colcon_meta']
[0.637s] Level 1:colcon.colcon_core.package_identification:_identify(src/part1_pubsub) by extension 'colcon_meta'
[0.638s] Level 1:colcon.colcon_core.package_identification:_identify(src/part1_pubsub) by extensions ['ros']
[0.638s] Level 1:colcon.colcon_core.package_identification:_identify(src/part1_pubsub) by extension 'ros'
[0.639s] DEBUG:colcon.colcon_core.package_identification:Package 'src/part1_pubsub' with type 'ros.ament_cmake' and name 'part1_pubsub'
[0.639s] Level 1:colcon.colcon_core.package_identification:_identify(src/part2_navigation) by extensions ['ignore', 'ignore_ament_install']
[0.639s] Level 1:colcon.colcon_core.package_identification:_identify(src/part2_navigation) by extension 'ignore'
[0.640s] Level 1:colcon.colcon_core.package_identification:_identify(src/part2_navigation) by extension 'ignore_ament_install'
[0.640s] Level 1:colcon.colcon_core.package_identification:_identify(src/part2_navigation) by extensions ['colcon_pkg']
[0.640s] Level 1:colcon.colcon_core.package_identification:_identify(src/part2_navigation) by extension 'colcon_pkg'
[0.640s] Level 1:colcon.colcon_core.package_identification:_identify(src/part2_navigation) by extensions ['colcon_meta']
[0.640s] Level 1:colcon.colcon_core.package_identification:_identify(src/part2_navigation) by extension 'colcon_meta'
[0.640s] Level 1:colcon.colcon_core.package_identification:_identify(src/part2_navigation) by extensions ['ros']
[0.640s] Level 1:colcon.colcon_core.package_identification:_identify(src/part2_navigation) by extension 'ros'
[0.642s] DEBUG:colcon.colcon_core.package_identification:Package 'src/part2_navigation' with type 'ros.ament_cmake' and name 'part2_navigation'
[0.643s] Level 1:colcon.colcon_core.package_identification:_identify(src/part3_beyond_basics) by extensions ['ignore', 'ignore_ament_install']
[0.643s] Level 1:colcon.colcon_core.package_identification:_identify(src/part3_beyond_basics) by extension 'ignore'
[0.644s] Level 1:colcon.colcon_core.package_identification:_identify(src/part3_beyond_basics) by extension 'ignore_ament_install'
[0.644s] Level 1:colcon.colcon_core.package_identification:_identify(src/part3_beyond_basics) by extensions ['colcon_pkg']
[0.644s] Level 1:colcon.colcon_core.package_identification:_identify(src/part3_beyond_basics) by extension 'colcon_pkg'
[0.645s] Level 1:colcon.colcon_core.package_identification:_identify(src/part3_beyond_basics) by extensions ['colcon_meta']
[0.645s] Level 1:colcon.colcon_core.package_identification:_identify(src/part3_beyond_basics) by extension 'colcon_meta'
[0.645s] Level 1:colcon.colcon_core.package_identification:_identify(src/part3_beyond_basics) by extensions ['ros']
[0.646s] Level 1:colcon.colcon_core.package_identification:_identify(src/part3_beyond_basics) by extension 'ros'
[0.648s] DEBUG:colcon.colcon_core.package_identification:Package 'src/part3_beyond_basics' with type 'ros.ament_cmake' and name 'part3_beyond_basics'
[0.649s] Level 1:colcon.colcon_core.package_identification:_identify(src/tuos_ros) by extensions ['ignore', 'ignore_ament_install']
[0.649s] Level 1:colcon.colcon_core.package_identification:_identify(src/tuos_ros) by extension 'ignore'
[0.649s] Level 1:colcon.colcon_core.package_identification:_identify(src/tuos_ros) by extension 'ignore_ament_install'
[0.649s] Level 1:colcon.colcon_core.package_identification:_identify(src/tuos_ros) by extensions ['colcon_pkg']
[0.649s] Level 1:colcon.colcon_core.package_identification:_identify(src/tuos_ros) by extension 'colcon_pkg'
[0.650s] Level 1:colcon.colcon_core.package_identification:_identify(src/tuos_ros) by extensions ['colcon_meta']
[0.650s] Level 1:colcon.colcon_core.package_identification:_identify(src/tuos_ros) by extension 'colcon_meta'
[0.650s] Level 1:colcon.colcon_core.package_identification:_identify(src/tuos_ros) by extensions ['ros']
[0.650s] Level 1:colcon.colcon_core.package_identification:_identify(src/tuos_ros) by extension 'ros'
[0.650s] Level 1:colcon.colcon_core.package_identification:_identify(src/tuos_ros) by extensions ['cmake', 'python']
[0.650s] Level 1:colcon.colcon_core.package_identification:_identify(src/tuos_ros) by extension 'cmake'
[0.650s] Level 1:colcon.colcon_core.package_identification:_identify(src/tuos_ros) by extension 'python'
[0.651s] Level 1:colcon.colcon_core.package_identification:_identify(src/tuos_ros) by extensions ['python_setup_py']
[0.651s] Level 1:colcon.colcon_core.package_identification:_identify(src/tuos_ros) by extension 'python_setup_py'
[0.651s] Level 1:colcon.colcon_core.package_identification:_identify(src/tuos_ros/com2009_simulations) by extensions ['ignore', 'ignore_ament_install']
[0.651s] Level 1:colcon.colcon_core.package_identification:_identify(src/tuos_ros/com2009_simulations) by extension 'ignore'
[0.651s] Level 1:colcon.colcon_core.package_identification:_identify(src/tuos_ros/com2009_simulations) by extension 'ignore_ament_install'
[0.651s] Level 1:colcon.colcon_core.package_identification:_identify(src/tuos_ros/com2009_simulations) by extensions ['colcon_pkg']
[0.652s] Level 1:colcon.colcon_core.package_identification:_identify(src/tuos_ros/com2009_simulations) by extension 'colcon_pkg'
[0.652s] Level 1:colcon.colcon_core.package_identification:_identify(src/tuos_ros/com2009_simulations) by extensions ['colcon_meta']
[0.652s] Level 1:colcon.colcon_core.package_identification:_identify(src/tuos_ros/com2009_simulations) by extension 'colcon_meta'
[0.652s] Level 1:colcon.colcon_core.package_identification:_identify(src/tuos_ros/com2009_simulations) by extensions ['ros']
[0.652s] Level 1:colcon.colcon_core.package_identification:_identify(src/tuos_ros/com2009_simulations) by extension 'ros'
[0.654s] DEBUG:colcon.colcon_core.package_identification:Package 'src/tuos_ros/com2009_simulations' with type 'ros.ament_cmake' and name 'com2009_simulations'
[0.654s] Level 1:colcon.colcon_core.package_identification:_identify(src/tuos_ros/tuos_examples) by extensions ['ignore', 'ignore_ament_install']
[0.654s] Level 1:colcon.colcon_core.package_identification:_identify(src/tuos_ros/tuos_examples) by extension 'ignore'
[0.654s] Level 1:colcon.colcon_core.package_identification:_identify(src/tuos_ros/tuos_examples) by extension 'ignore_ament_install'
[0.654s] Level 1:colcon.colcon_core.package_identification:_identify(src/tuos_ros/tuos_examples) by extensions ['colcon_pkg']
[0.655s] Level 1:colcon.colcon_core.package_identification:_identify(src/tuos_ros/tuos_examples) by extension 'colcon_pkg'
[0.655s] Level 1:colcon.colcon_core.package_identification:_identify(src/tuos_ros/tuos_examples) by extensions ['colcon_meta']
[0.655s] Level 1:colcon.colcon_core.package_identification:_identify(src/tuos_ros/tuos_examples) by extension 'colcon_meta'
[0.655s] Level 1:colcon.colcon_core.package_identification:_identify(src/tuos_ros/tuos_examples) by extensions ['ros']
[0.656s] Level 1:colcon.colcon_core.package_identification:_identify(src/tuos_ros/tuos_examples) by extension 'ros'
[0.660s] DEBUG:colcon.colcon_core.package_identification:Package 'src/tuos_ros/tuos_examples' with type 'ros.ament_cmake' and name 'tuos_examples'
[0.661s] Level 1:colcon.colcon_core.package_identification:_identify(src/tuos_ros/tuos_interfaces) by extensions ['ignore', 'ignore_ament_install']
[0.662s] Level 1:colcon.colcon_core.package_identification:_identify(src/tuos_ros/tuos_interfaces) by extension 'ignore'
[0.664s] Level 1:colcon.colcon_core.package_identification:_identify(src/tuos_ros/tuos_interfaces) by extension 'ignore_ament_install'
[0.665s] Level 1:colcon.colcon_core.package_identification:_identify(src/tuos_ros/tuos_interfaces) by extensions ['colcon_pkg']
[0.665s] Level 1:colcon.colcon_core.package_identification:_identify(src/tuos_ros/tuos_interfaces) by extension 'colcon_pkg'
[0.666s] Level 1:colcon.colcon_core.package_identification:_identify(src/tuos_ros/tuos_interfaces) by extensions ['colcon_meta']
[0.666s] Level 1:colcon.colcon_core.package_identification:_identify(src/tuos_ros/tuos_interfaces) by extension 'colcon_meta'
[0.666s] Level 1:colcon.colcon_core.package_identification:_identify(src/tuos_ros/tuos_interfaces) by extensions ['ros']
[0.666s] Level 1:colcon.colcon_core.package_identification:_identify(src/tuos_ros/tuos_interfaces) by extension 'ros'
[0.667s] DEBUG:colcon.colcon_core.package_identification:Package 'src/tuos_ros/tuos_interfaces' with type 'ros.ament_cmake' and name 'tuos_interfaces'
[0.667s] Level 1:colcon.colcon_core.package_identification:_identify(src/tuos_ros/tuos_ros) by extensions ['ignore', 'ignore_ament_install']
[0.668s] Level 1:colcon.colcon_core.package_identification:_identify(src/tuos_ros/tuos_ros) by extension 'ignore'
[0.668s] Level 1:colcon.colcon_core.package_identification:_identify(src/tuos_ros/tuos_ros) by extension 'ignore_ament_install'
[0.668s] Level 1:colcon.colcon_core.package_identification:_identify(src/tuos_ros/tuos_ros) by extensions ['colcon_pkg']
[0.668s] Level 1:colcon.colcon_core.package_identification:_identify(src/tuos_ros/tuos_ros) by extension 'colcon_pkg'
[0.668s] Level 1:colcon.colcon_core.package_identification:_identify(src/tuos_ros/tuos_ros) by extensions ['colcon_meta']
[0.668s] Level 1:colcon.colcon_core.package_identification:_identify(src/tuos_ros/tuos_ros) by extension 'colcon_meta'
[0.668s] Level 1:colcon.colcon_core.package_identification:_identify(src/tuos_ros/tuos_ros) by extensions ['ros']
[0.668s] Level 1:colcon.colcon_core.package_identification:_identify(src/tuos_ros/tuos_ros) by extension 'ros'
[0.669s] DEBUG:colcon.colcon_core.package_identification:Package 'src/tuos_ros/tuos_ros' with type 'ros.ament_cmake' and name 'tuos_ros'
[0.669s] Level 1:colcon.colcon_core.package_identification:_identify(src/tuos_ros/tuos_simulations) by extensions ['ignore', 'ignore_ament_install']
[0.669s] Level 1:colcon.colcon_core.package_identification:_identify(src/tuos_ros/tuos_simulations) by extension 'ignore'
[0.670s] Level 1:colcon.colcon_core.package_identification:_identify(src/tuos_ros/tuos_simulations) by extension 'ignore_ament_install'
[0.670s] Level 1:colcon.colcon_core.package_identification:_identify(src/tuos_ros/tuos_simulations) by extensions ['colcon_pkg']
[0.670s] Level 1:colcon.colcon_core.package_identification:_identify(src/tuos_ros/tuos_simulations) by extension 'colcon_pkg'
[0.670s] Level 1:colcon.colcon_core.package_identification:_identify(src/tuos_ros/tuos_simulations) by extensions ['colcon_meta']
[0.670s] Level 1:colcon.colcon_core.package_identification:_identify(src/tuos_ros/tuos_simulations) by extension 'colcon_meta'
[0.670s] Level 1:colcon.colcon_core.package_identification:_identify(src/tuos_ros/tuos_simulations) by extensions ['ros']
[0.670s] Level 1:colcon.colcon_core.package_identification:_identify(src/tuos_ros/tuos_simulations) by extension 'ros'
[0.671s] DEBUG:colcon.colcon_core.package_identification:Package 'src/tuos_ros/tuos_simulations' with type 'ros.ament_cmake' and name 'tuos_simulations'
[0.672s] Level 1:colcon.colcon_core.package_identification:_identify(src/tuos_ros/tuos_tb3_tools) by extensions ['ignore', 'ignore_ament_install']
[0.672s] Level 1:colcon.colcon_core.package_identification:_identify(src/tuos_ros/tuos_tb3_tools) by extension 'ignore'
[0.673s] Level 1:colcon.colcon_core.package_identification:_identify(src/tuos_ros/tuos_tb3_tools) by extension 'ignore_ament_install'
[0.674s] Level 1:colcon.colcon_core.package_identification:_identify(src/tuos_ros/tuos_tb3_tools) by extensions ['colcon_pkg']
[0.675s] Level 1:colcon.colcon_core.package_identification:_identify(src/tuos_ros/tuos_tb3_tools) by extension 'colcon_pkg'
[0.675s] Level 1:colcon.colcon_core.package_identification:_identify(src/tuos_ros/tuos_tb3_tools) by extensions ['colcon_meta']
[0.675s] Level 1:colcon.colcon_core.package_identification:_identify(src/tuos_ros/tuos_tb3_tools) by extension 'colcon_meta'
[0.675s] Level 1:colcon.colcon_core.package_identification:_identify(src/tuos_ros/tuos_tb3_tools) by extensions ['ros']
[0.675s] Level 1:colcon.colcon_core.package_identification:_identify(src/tuos_ros/tuos_tb3_tools) by extension 'ros'
[0.676s] DEBUG:colcon.colcon_core.package_identification:Package 'src/tuos_ros/tuos_tb3_tools' with type 'ros.ament_cmake' and name 'tuos_tb3_tools'
[0.676s] Level 1:colcon.colcon_core.package_discovery:discover_packages(recursive) using defaults
[0.676s] Level 1:colcon.colcon_core.package_discovery:discover_packages(ignore) discover
[0.676s] Level 1:colcon.colcon_core.package_discovery:discover_packages(ignore) using defaults
[0.676s] Level 1:colcon.colcon_core.package_discovery:discover_packages(path) discover
[0.676s] Level 1:colcon.colcon_core.package_discovery:discover_packages(path) using defaults
[0.740s] Level 5:colcon.colcon_core.verb:set package 'part1_pubsub' build argument 'cmake_args' from command line to 'None'
[0.740s] Level 5:colcon.colcon_core.verb:set package 'part1_pubsub' build argument 'cmake_target' from command line to 'None'
[0.740s] Level 5:colcon.colcon_core.verb:set package 'part1_pubsub' build argument 'cmake_target_skip_unavailable' from command line to 'False'
[0.740s] Level 5:colcon.colcon_core.verb:set package 'part1_pubsub' build argument 'cmake_clean_cache' from command line to 'False'
[0.740s] Level 5:colcon.colcon_core.verb:set package 'part1_pubsub' build argument 'cmake_clean_first' from command line to 'False'
[0.740s] Level 5:colcon.colcon_core.verb:set package 'part1_pubsub' build argument 'cmake_force_configure' from command line to 'False'
[0.740s] Level 5:colcon.colcon_core.verb:set package 'part1_pubsub' build argument 'ament_cmake_args' from command line to 'None'
[0.740s] Level 5:colcon.colcon_core.verb:set package 'part1_pubsub' build argument 'catkin_cmake_args' from command line to 'None'
[0.740s] Level 5:colcon.colcon_core.verb:set package 'part1_pubsub' build argument 'catkin_skip_building_tests' from command line to 'False'
[0.740s] DEBUG:colcon.colcon_core.verb:Building package 'part1_pubsub' with the following arguments: {'ament_cmake_args': None, 'build_base': '/home/student/ros2_ws/build/part1_pubsub', 'catkin_cmake_args': None, 'catkin_skip_building_tests': False, 'cmake_args': None, 'cmake_clean_cache': False, 'cmake_clean_first': False, 'cmake_force_configure': False, 'cmake_target': None, 'cmake_target_skip_unavailable': False, 'install_base': '/home/student/ros2_ws/install/part1_pubsub', 'merge_install': False, 'path': '/home/student/ros2_ws/src/part1_pubsub', 'symlink_install': True, 'test_result_base': None}
[0.741s] Level 5:colcon.colcon_core.verb:set package 'part2_navigation' build argument 'cmake_args' from command line to 'None'
[0.741s] Level 5:colcon.colcon_core.verb:set package 'part2_navigation' build argument 'cmake_target' from command line to 'None'
[0.741s] Level 5:colcon.colcon_core.verb:set package 'part2_navigation' build argument 'cmake_target_skip_unavailable' from command line to 'False'
[0.741s] Level 5:colcon.colcon_core.verb:set package 'part2_navigation' build argument 'cmake_clean_cache' from command line to 'False'
[0.741s] Level 5:colcon.colcon_core.verb:set package 'part2_navigation' build argument 'cmake_clean_first' from command line to 'False'
[0.741s] Level 5:colcon.colcon_core.verb:set package 'part2_navigation' build argument 'cmake_force_configure' from command line to 'False'
[0.741s] Level 5:colcon.colcon_core.verb:set package 'part2_navigation' build argument 'ament_cmake_args' from command line to 'None'
[0.741s] Level 5:colcon.colcon_core.verb:set package 'part2_navigation' build argument 'catkin_cmake_args' from command line to 'None'
[0.741s] Level 5:colcon.colcon_core.verb:set package 'part2_navigation' build argument 'catkin_skip_building_tests' from command line to 'False'
[0.741s] DEBUG:colcon.colcon_core.verb:Building package 'part2_navigation' with the following arguments: {'ament_cmake_args': None, 'build_base': '/home/student/ros2_ws/build/part2_navigation', 'catkin_cmake_args': None, 'catkin_skip_building_tests': False, 'cmake_args': None, 'cmake_clean_cache': False, 'cmake_clean_first': False, 'cmake_force_configure': False, 'cmake_target': None, 'cmake_target_skip_unavailable': False, 'install_base': '/home/student/ros2_ws/install/part2_navigation', 'merge_install': False, 'path': '/home/student/ros2_ws/src/part2_navigation', 'symlink_install': True, 'test_result_base': None}
[0.741s] Level 5:colcon.colcon_core.verb:set package 'part3_beyond_basics' build argument 'cmake_args' from command line to 'None'
[0.742s] Level 5:colcon.colcon_core.verb:set package 'part3_beyond_basics' build argument 'cmake_target' from command line to 'None'
[0.742s] Level 5:colcon.colcon_core.verb:set package 'part3_beyond_basics' build argument 'cmake_target_skip_unavailable' from command line to 'False'
[0.742s] Level 5:colcon.colcon_core.verb:set package 'part3_beyond_basics' build argument 'cmake_clean_cache' from command line to 'False'
[0.742s] Level 5:colcon.colcon_core.verb:set package 'part3_beyond_basics' build argument 'cmake_clean_first' from command line to 'False'
[0.742s] Level 5:colcon.colcon_core.verb:set package 'part3_beyond_basics' build argument 'cmake_force_configure' from command line to 'False'
[0.742s] Level 5:colcon.colcon_core.verb:set package 'part3_beyond_basics' build argument 'ament_cmake_args' from command line to 'None'
[0.742s] Level 5:colcon.colcon_core.verb:set package 'part3_beyond_basics' build argument 'catkin_cmake_args' from command line to 'None'
[0.742s] Level 5:colcon.colcon_core.verb:set package 'part3_beyond_basics' build argument 'catkin_skip_building_tests' from command line to 'False'
[0.742s] DEBUG:colcon.colcon_core.verb:Building package 'part3_beyond_basics' with the following arguments: {'ament_cmake_args': None, 'build_base': '/home/student/ros2_ws/build/part3_beyond_basics', 'catkin_cmake_args': None, 'catkin_skip_building_tests': False, 'cmake_args': None, 'cmake_clean_cache': False, 'cmake_clean_first': False, 'cmake_force_configure': False, 'cmake_target': None, 'cmake_target_skip_unavailable': False, 'install_base': '/home/student/ros2_ws/install/part3_beyond_basics', 'merge_install': False, 'path': '/home/student/ros2_ws/src/part3_beyond_basics', 'symlink_install': True, 'test_result_base': None}
[0.743s] Level 5:colcon.colcon_core.verb:set package 'tuos_examples' build argument 'cmake_args' from command line to 'None'
[0.743s] Level 5:colcon.colcon_core.verb:set package 'tuos_examples' build argument 'cmake_target' from command line to 'None'
[0.743s] Level 5:colcon.colcon_core.verb:set package 'tuos_examples' build argument 'cmake_target_skip_unavailable' from command line to 'False'
[0.743s] Level 5:colcon.colcon_core.verb:set package 'tuos_examples' build argument 'cmake_clean_cache' from command line to 'False'
[0.743s] Level 5:colcon.colcon_core.verb:set package 'tuos_examples' build argument 'cmake_clean_first' from command line to 'False'
[0.743s] Level 5:colcon.colcon_core.verb:set package 'tuos_examples' build argument 'cmake_force_configure' from command line to 'False'
[0.743s] Level 5:colcon.colcon_core.verb:set package 'tuos_examples' build argument 'ament_cmake_args' from command line to 'None'
[0.743s] Level 5:colcon.colcon_core.verb:set package 'tuos_examples' build argument 'catkin_cmake_args' from command line to 'None'
[0.744s] Level 5:colcon.colcon_core.verb:set package 'tuos_examples' build argument 'catkin_skip_building_tests' from command line to 'False'
[0.744s] DEBUG:colcon.colcon_core.verb:Building package 'tuos_examples' with the following arguments: {'ament_cmake_args': None, 'build_base': '/home/student/ros2_ws/build/tuos_examples', 'catkin_cmake_args': None, 'catkin_skip_building_tests': False, 'cmake_args': None, 'cmake_clean_cache': False, 'cmake_clean_first': False, 'cmake_force_configure': False, 'cmake_target': None, 'cmake_target_skip_unavailable': False, 'install_base': '/home/student/ros2_ws/install/tuos_examples', 'merge_install': False, 'path': '/home/student/ros2_ws/src/tuos_ros/tuos_examples', 'symlink_install': True, 'test_result_base': None}
[0.744s] Level 5:colcon.colcon_core.verb:set package 'tuos_interfaces' build argument 'cmake_args' from command line to 'None'
[0.744s] Level 5:colcon.colcon_core.verb:set package 'tuos_interfaces' build argument 'cmake_target' from command line to 'None'
[0.744s] Level 5:colcon.colcon_core.verb:set package 'tuos_interfaces' build argument 'cmake_target_skip_unavailable' from command line to 'False'
[0.744s] Level 5:colcon.colcon_core.verb:set package 'tuos_interfaces' build argument 'cmake_clean_cache' from command line to 'False'
[0.744s] Level 5:colcon.colcon_core.verb:set package 'tuos_interfaces' build argument 'cmake_clean_first' from command line to 'False'
[0.744s] Level 5:colcon.colcon_core.verb:set package 'tuos_interfaces' build argument 'cmake_force_configure' from command line to 'False'
[0.744s] Level 5:colcon.colcon_core.verb:set package 'tuos_interfaces' build argument 'ament_cmake_args' from command line to 'None'
[0.744s] Level 5:colcon.colcon_core.verb:set package 'tuos_interfaces' build argument 'catkin_cmake_args' from command line to 'None'
[0.745s] Level 5:colcon.colcon_core.verb:set package 'tuos_interfaces' build argument 'catkin_skip_building_tests' from command line to 'False'
[0.745s] DEBUG:colcon.colcon_core.verb:Building package 'tuos_interfaces' with the following arguments: {'ament_cmake_args': None, 'build_base': '/home/student/ros2_ws/build/tuos_interfaces', 'catkin_cmake_args': None, 'catkin_skip_building_tests': False, 'cmake_args': None, 'cmake_clean_cache': False, 'cmake_clean_first': False, 'cmake_force_configure': False, 'cmake_target': None, 'cmake_target_skip_unavailable': False, 'install_base': '/home/student/ros2_ws/install/tuos_interfaces', 'merge_install': False, 'path': '/home/student/ros2_ws/src/tuos_ros/tuos_interfaces', 'symlink_install': True, 'test_result_base': None}
[0.745s] Level 5:colcon.colcon_core.verb:set package 'tuos_simulations' build argument 'cmake_args' from command line to 'None'
[0.745s] Level 5:colcon.colcon_core.verb:set package 'tuos_simulations' build argument 'cmake_target' from command line to 'None'
[0.745s] Level 5:colcon.colcon_core.verb:set package 'tuos_simulations' build argument 'cmake_target_skip_unavailable' from command line to 'False'
[0.745s] Level 5:colcon.colcon_core.verb:set package 'tuos_simulations' build argument 'cmake_clean_cache' from command line to 'False'
[0.745s] Level 5:colcon.colcon_core.verb:set package 'tuos_simulations' build argument 'cmake_clean_first' from command line to 'False'
[0.745s] Level 5:colcon.colcon_core.verb:set package 'tuos_simulations' build argument 'cmake_force_configure' from command line to 'False'
[0.745s] Level 5:colcon.colcon_core.verb:set package 'tuos_simulations' build argument 'ament_cmake_args' from command line to 'None'
[0.745s] Level 5:colcon.colcon_core.verb:set package 'tuos_simulations' build argument 'catkin_cmake_args' from command line to 'None'
[0.745s] Level 5:colcon.colcon_core.verb:set package 'tuos_simulations' build argument 'catkin_skip_building_tests' from command line to 'False'
[0.745s] DEBUG:colcon.colcon_core.verb:Building package 'tuos_simulations' with the following arguments: {'ament_cmake_args': None, 'build_base': '/home/student/ros2_ws/build/tuos_simulations', 'catkin_cmake_args': None, 'catkin_skip_building_tests': False, 'cmake_args': None, 'cmake_clean_cache': False, 'cmake_clean_first': False, 'cmake_force_configure': False, 'cmake_target': None, 'cmake_target_skip_unavailable': False, 'install_base': '/home/student/ros2_ws/install/tuos_simulations', 'merge_install': False, 'path': '/home/student/ros2_ws/src/tuos_ros/tuos_simulations', 'symlink_install': True, 'test_result_base': None}
[0.746s] Level 5:colcon.colcon_core.verb:set package 'tuos_tb3_tools' build argument 'cmake_args' from command line to 'None'
[0.746s] Level 5:colcon.colcon_core.verb:set package 'tuos_tb3_tools' build argument 'cmake_target' from command line to 'None'
[0.746s] Level 5:colcon.colcon_core.verb:set package 'tuos_tb3_tools' build argument 'cmake_target_skip_unavailable' from command line to 'False'
[0.746s] Level 5:colcon.colcon_core.verb:set package 'tuos_tb3_tools' build argument 'cmake_clean_cache' from command line to 'False'
[0.746s] Level 5:colcon.colcon_core.verb:set package 'tuos_tb3_tools' build argument 'cmake_clean_first' from command line to 'False'
[0.746s] Level 5:colcon.colcon_core.verb:set package 'tuos_tb3_tools' build argument 'cmake_force_configure' from command line to 'False'
[0.746s] Level 5:colcon.colcon_core.verb:set package 'tuos_tb3_tools' build argument 'ament_cmake_args' from command line to 'None'
[0.746s] Level 5:colcon.colcon_core.verb:set package 'tuos_tb3_tools' build argument 'catkin_cmake_args' from command line to 'None'
[0.746s] Level 5:colcon.colcon_core.verb:set package 'tuos_tb3_tools' build argument 'catkin_skip_building_tests' from command line to 'False'
[0.746s] DEBUG:colcon.colcon_core.verb:Building package 'tuos_tb3_tools' with the following arguments: {'ament_cmake_args': None, 'build_base': '/home/student/ros2_ws/build/tuos_tb3_tools', 'catkin_cmake_args': None, 'catkin_skip_building_tests': False, 'cmake_args': None, 'cmake_clean_cache': False, 'cmake_clean_first': False, 'cmake_force_configure': False, 'cmake_target': None, 'cmake_target_skip_unavailable': False, 'install_base': '/home/student/ros2_ws/install/tuos_tb3_tools', 'merge_install': False, 'path': '/home/student/ros2_ws/src/tuos_ros/tuos_tb3_tools', 'symlink_install': True, 'test_result_base': None}
[0.747s] Level 5:colcon.colcon_core.verb:set package 'acs6121_team08_2025' build argument 'cmake_args' from command line to 'None'
[0.747s] Level 5:colcon.colcon_core.verb:set package 'acs6121_team08_2025' build argument 'cmake_target' from command line to 'None'
[0.747s] Level 5:colcon.colcon_core.verb:set package 'acs6121_team08_2025' build argument 'cmake_target_skip_unavailable' from command line to 'False'
[0.747s] Level 5:colcon.colcon_core.verb:set package 'acs6121_team08_2025' build argument 'cmake_clean_cache' from command line to 'False'
[0.747s] Level 5:colcon.colcon_core.verb:set package 'acs6121_team08_2025' build argument 'cmake_clean_first' from command line to 'False'
[0.747s] Level 5:colcon.colcon_core.verb:set package 'acs6121_team08_2025' build argument 'cmake_force_configure' from command line to 'False'
[0.747s] Level 5:colcon.colcon_core.verb:set package 'acs6121_team08_2025' build argument 'ament_cmake_args' from command line to 'None'
[0.747s] Level 5:colcon.colcon_core.verb:set package 'acs6121_team08_2025' build argument 'catkin_cmake_args' from command line to 'None'
[0.747s] Level 5:colcon.colcon_core.verb:set package 'acs6121_team08_2025' build argument 'catkin_skip_building_tests' from command line to 'False'
[0.747s] DEBUG:colcon.colcon_core.verb:Building package 'acs6121_team08_2025' with the following arguments: {'ament_cmake_args': None, 'build_base': '/home/student/ros2_ws/build/acs6121_team08_2025', 'catkin_cmake_args': None, 'catkin_skip_building_tests': False, 'cmake_args': None, 'cmake_clean_cache': False, 'cmake_clean_first': False, 'cmake_force_configure': False, 'cmake_target': None, 'cmake_target_skip_unavailable': False, 'install_base': '/home/student/ros2_ws/install/acs6121_team08_2025', 'merge_install': False, 'path': '/home/student/ros2_ws/src/acs6121_team08_2025', 'symlink_install': True, 'test_result_base': None}
[0.748s] Level 5:colcon.colcon_core.verb:set package 'com2009_simulations' build argument 'cmake_args' from command line to 'None'
[0.748s] Level 5:colcon.colcon_core.verb:set package 'com2009_simulations' build argument 'cmake_target' from command line to 'None'
[0.748s] Level 5:colcon.colcon_core.verb:set package 'com2009_simulations' build argument 'cmake_target_skip_unavailable' from command line to 'False'
[0.748s] Level 5:colcon.colcon_core.verb:set package 'com2009_simulations' build argument 'cmake_clean_cache' from command line to 'False'
[0.748s] Level 5:colcon.colcon_core.verb:set package 'com2009_simulations' build argument 'cmake_clean_first' from command line to 'False'
[0.748s] Level 5:colcon.colcon_core.verb:set package 'com2009_simulations' build argument 'cmake_force_configure' from command line to 'False'
[0.748s] Level 5:colcon.colcon_core.verb:set package 'com2009_simulations' build argument 'ament_cmake_args' from command line to 'None'
[0.748s] Level 5:colcon.colcon_core.verb:set package 'com2009_simulations' build argument 'catkin_cmake_args' from command line to 'None'
[0.748s] Level 5:colcon.colcon_core.verb:set package 'com2009_simulations' build argument 'catkin_skip_building_tests' from command line to 'False'
[0.748s] DEBUG:colcon.colcon_core.verb:Building package 'com2009_simulations' with the following arguments: {'ament_cmake_args': None, 'build_base': '/home/student/ros2_ws/build/com2009_simulations', 'catkin_cmake_args': None, 'catkin_skip_building_tests': False, 'cmake_args': None, 'cmake_clean_cache': False, 'cmake_clean_first': False, 'cmake_force_configure': False, 'cmake_target': None, 'cmake_target_skip_unavailable': False, 'install_base': '/home/student/ros2_ws/install/com2009_simulations', 'merge_install': False, 'path': '/home/student/ros2_ws/src/tuos_ros/com2009_simulations', 'symlink_install': True, 'test_result_base': None}
[0.749s] Level 5:colcon.colcon_core.verb:set package 'tuos_ros' build argument 'cmake_args' from command line to 'None'
[0.749s] Level 5:colcon.colcon_core.verb:set package 'tuos_ros' build argument 'cmake_target' from command line to 'None'
[0.749s] Level 5:colcon.colcon_core.verb:set package 'tuos_ros' build argument 'cmake_target_skip_unavailable' from command line to 'False'
[0.749s] Level 5:colcon.colcon_core.verb:set package 'tuos_ros' build argument 'cmake_clean_cache' from command line to 'False'
[0.749s] Level 5:colcon.colcon_core.verb:set package 'tuos_ros' build argument 'cmake_clean_first' from command line to 'False'
[0.749s] Level 5:colcon.colcon_core.verb:set package 'tuos_ros' build argument 'cmake_force_configure' from command line to 'False'
[0.749s] Level 5:colcon.colcon_core.verb:set package 'tuos_ros' build argument 'ament_cmake_args' from command line to 'None'
[0.749s] Level 5:colcon.colcon_core.verb:set package 'tuos_ros' build argument 'catkin_cmake_args' from command line to 'None'
[0.749s] Level 5:colcon.colcon_core.verb:set package 'tuos_ros' build argument 'catkin_skip_building_tests' from command line to 'False'
[0.749s] DEBUG:colcon.colcon_core.verb:Building package 'tuos_ros' with the following arguments: {'ament_cmake_args': None, 'build_base': '/home/student/ros2_ws/build/tuos_ros', 'catkin_cmake_args': None, 'catkin_skip_building_tests': False, 'cmake_args': None, 'cmake_clean_cache': False, 'cmake_clean_first': False, 'cmake_force_configure': False, 'cmake_target': None, 'cmake_target_skip_unavailable': False, 'install_base': '/home/student/ros2_ws/install/tuos_ros', 'merge_install': False, 'path': '/home/student/ros2_ws/src/tuos_ros/tuos_ros', 'symlink_install': True, 'test_result_base': None}
[0.750s] INFO:colcon.colcon_core.executor:Executing jobs using 'parallel' executor
[0.751s] DEBUG:colcon.colcon_parallel_executor.executor.parallel:run_until_complete
[0.752s] INFO:colcon.colcon_ros.task.ament_cmake.build:Building ROS package in '/home/student/ros2_ws/src/tuos_ros/tuos_simulations' with build type 'ament_cmake'
[0.752s] INFO:colcon.colcon_cmake.task.cmake.build:Building CMake package in '/home/student/ros2_ws/src/tuos_ros/tuos_simulations'
[0.755s] INFO:colcon.colcon_core.plugin_system:Skipping extension 'colcon_core.shell.bat': Not used on non-Windows systems
[0.755s] INFO:colcon.colcon_core.shell:Skip shell extension 'powershell' for command environment: Not usable outside of PowerShell
[0.756s] DEBUG:colcon.colcon_core.shell:Skip shell extension 'dsv' for command environment
[0.757s] WARNING:colcon.colcon_ros.prefix_path.ament:The path '/home/student/ros2_ws/install/tuos_ros' in the environment variable AMENT_PREFIX_PATH doesn't exist
[0.757s] WARNING:colcon.colcon_ros.prefix_path.ament:The path '/home/student/ros2_ws/install/tuos_tb3_tools' in the environment variable AMENT_PREFIX_PATH doesn't exist
[0.757s] WARNING:colcon.colcon_ros.prefix_path.ament:The path '/home/student/ros2_ws/install/com2009_simulations' in the environment variable AMENT_PREFIX_PATH doesn't exist
[0.758s] WARNING:colcon.colcon_ros.prefix_path.ament:The path '/home/student/ros2_ws/install/tuos_simulations' in the environment variable AMENT_PREFIX_PATH doesn't exist
[0.758s] WARNING:colcon.colcon_ros.prefix_path.ament:The path '/home/student/ros2_ws/install/tuos_interfaces' in the environment variable AMENT_PREFIX_PATH doesn't exist
[0.758s] WARNING:colcon.colcon_ros.prefix_path.ament:The path '/home/student/ros2_ws/install/tuos_examples' in the environment variable AMENT_PREFIX_PATH doesn't exist
[0.758s] WARNING:colcon.colcon_ros.prefix_path.ament:The path '/home/student/ros2_ws/install/part3_beyond_basics' in the environment variable AMENT_PREFIX_PATH doesn't exist
[0.758s] WARNING:colcon.colcon_ros.prefix_path.ament:The path '/home/student/ros2_ws/install/part2_navigation' in the environment variable AMENT_PREFIX_PATH doesn't exist
[0.758s] WARNING:colcon.colcon_ros.prefix_path.ament:The path '/home/student/ros2_ws/install/part1_pubsub' in the environment variable AMENT_PREFIX_PATH doesn't exist
[0.758s] WARNING:colcon.colcon_ros.prefix_path.catkin:The path '/home/student/ros2_ws/install/tuos_ros' in the environment variable CMAKE_PREFIX_PATH doesn't exist
[0.758s] WARNING:colcon.colcon_ros.prefix_path.catkin:The path '/home/student/ros2_ws/install/tuos_tb3_tools' in the environment variable CMAKE_PREFIX_PATH doesn't exist
[0.758s] WARNING:colcon.colcon_ros.prefix_path.catkin:The path '/home/student/ros2_ws/install/com2009_simulations' in the environment variable CMAKE_PREFIX_PATH doesn't exist
[0.758s] WARNING:colcon.colcon_ros.prefix_path.catkin:The path '/home/student/ros2_ws/install/tuos_simulations' in the environment variable CMAKE_PREFIX_PATH doesn't exist
[0.758s] WARNING:colcon.colcon_ros.prefix_path.catkin:The path '/home/student/ros2_ws/install/tuos_interfaces' in the environment variable CMAKE_PREFIX_PATH doesn't exist
[0.758s] WARNING:colcon.colcon_ros.prefix_path.catkin:The path '/home/student/ros2_ws/install/tuos_examples' in the environment variable CMAKE_PREFIX_PATH doesn't exist
[0.758s] WARNING:colcon.colcon_ros.prefix_path.catkin:The path '/home/student/ros2_ws/install/part3_beyond_basics' in the environment variable CMAKE_PREFIX_PATH doesn't exist
[0.758s] WARNING:colcon.colcon_ros.prefix_path.catkin:The path '/home/student/ros2_ws/install/part2_navigation' in the environment variable CMAKE_PREFIX_PATH doesn't exist
[0.758s] WARNING:colcon.colcon_ros.prefix_path.catkin:The path '/home/student/ros2_ws/install/part1_pubsub' in the environment variable CMAKE_PREFIX_PATH doesn't exist
[0.764s] INFO:colcon.colcon_ros.task.ament_cmake.build:Building ROS package in '/home/student/ros2_ws/src/tuos_ros/tuos_examples' with build type 'ament_cmake'
[0.764s] INFO:colcon.colcon_cmake.task.cmake.build:Building CMake package in '/home/student/ros2_ws/src/tuos_ros/tuos_examples'
[0.765s] INFO:colcon.colcon_core.shell:Skip shell extension 'powershell' for command environment: Not usable outside of PowerShell
[0.765s] DEBUG:colcon.colcon_core.shell:Skip shell extension 'dsv' for command environment
[0.782s] INFO:colcon.colcon_ros.task.ament_cmake.build:Building ROS package in '/home/student/ros2_ws/src/tuos_ros/tuos_interfaces' with build type 'ament_cmake'
[0.786s] INFO:colcon.colcon_cmake.task.cmake.build:Building CMake package in '/home/student/ros2_ws/src/tuos_ros/tuos_interfaces'
[0.788s] INFO:colcon.colcon_core.shell:Skip shell extension 'powershell' for command environment: Not usable outside of PowerShell
[0.788s] DEBUG:colcon.colcon_core.shell:Skip shell extension 'dsv' for command environment
[0.804s] INFO:colcon.colcon_ros.task.ament_cmake.build:Building ROS package in '/home/student/ros2_ws/src/tuos_ros/tuos_tb3_tools' with build type 'ament_cmake'
[0.805s] INFO:colcon.colcon_cmake.task.cmake.build:Building CMake package in '/home/student/ros2_ws/src/tuos_ros/tuos_tb3_tools'
[0.806s] INFO:colcon.colcon_core.shell:Skip shell extension 'powershell' for command environment: Not usable outside of PowerShell
[0.811s] DEBUG:colcon.colcon_core.shell:Skip shell extension 'dsv' for command environment
[0.832s] INFO:colcon.colcon_ros.task.ament_cmake.build:Building ROS package in '/home/student/ros2_ws/src/part1_pubsub' with build type 'ament_cmake'
[0.833s] INFO:colcon.colcon_cmake.task.cmake.build:Building CMake package in '/home/student/ros2_ws/src/part1_pubsub'
[0.834s] INFO:colcon.colcon_core.shell:Skip shell extension 'powershell' for command environment: Not usable outside of PowerShell
[0.837s] DEBUG:colcon.colcon_core.shell:Skip shell extension 'dsv' for command environment
[0.846s] INFO:colcon.colcon_ros.task.ament_cmake.build:Building ROS package in '/home/student/ros2_ws/src/part2_navigation' with build type 'ament_cmake'
[0.847s] INFO:colcon.colcon_cmake.task.cmake.build:Building CMake package in '/home/student/ros2_ws/src/part2_navigation'
[0.848s] INFO:colcon.colcon_core.shell:Skip shell extension 'powershell' for command environment: Not usable outside of PowerShell
[0.848s] DEBUG:colcon.colcon_core.shell:Skip shell extension 'dsv' for command environment
[0.860s] INFO:colcon.colcon_ros.task.ament_cmake.build:Building ROS package in '/home/student/ros2_ws/src/part3_beyond_basics' with build type 'ament_cmake'
[0.861s] INFO:colcon.colcon_cmake.task.cmake.build:Building CMake package in '/home/student/ros2_ws/src/part3_beyond_basics'
[0.862s] INFO:colcon.colcon_core.shell:Skip shell extension 'powershell' for command environment: Not usable outside of PowerShell
[0.862s] DEBUG:colcon.colcon_core.shell:Skip shell extension 'dsv' for command environment
[0.873s] DEBUG:colcon.colcon_core.event_handler.log_command:Invoking command in '/home/student/ros2_ws/build/tuos_simulations': CMAKE_PREFIX_PATH=${CMAKE_PREFIX_PATH}:/opt/ros/humble /usr/bin/cmake /home/student/ros2_ws/src/tuos_ros/tuos_simulations -DAMENT_CMAKE_SYMLINK_INSTALL=1 -DCMAKE_INSTALL_PREFIX=/home/student/ros2_ws/install/tuos_simulations
[0.907s] DEBUG:colcon.colcon_core.event_handler.log_command:Invoking command in '/home/student/ros2_ws/build/tuos_examples': CMAKE_PREFIX_PATH=${CMAKE_PREFIX_PATH}:/opt/ros/humble /usr/bin/cmake /home/student/ros2_ws/src/tuos_ros/tuos_examples -DAMENT_CMAKE_SYMLINK_INSTALL=1 -DCMAKE_INSTALL_PREFIX=/home/student/ros2_ws/install/tuos_examples
[0.917s] DEBUG:colcon.colcon_core.event_handler.log_command:Invoking command in '/home/student/ros2_ws/build/tuos_interfaces': CMAKE_PREFIX_PATH=${CMAKE_PREFIX_PATH}:/opt/ros/humble /usr/bin/cmake /home/student/ros2_ws/src/tuos_ros/tuos_interfaces -DAMENT_CMAKE_SYMLINK_INSTALL=1 -DCMAKE_INSTALL_PREFIX=/home/student/ros2_ws/install/tuos_interfaces
[0.924s] DEBUG:colcon.colcon_core.event_handler.log_command:Invoking command in '/home/student/ros2_ws/build/tuos_tb3_tools': CMAKE_PREFIX_PATH=${CMAKE_PREFIX_PATH}:/opt/ros/humble /usr/bin/cmake /home/student/ros2_ws/src/tuos_ros/tuos_tb3_tools -DAMENT_CMAKE_SYMLINK_INSTALL=1 -DCMAKE_INSTALL_PREFIX=/home/student/ros2_ws/install/tuos_tb3_tools
[0.932s] DEBUG:colcon.colcon_core.event_handler.log_command:Invoking command in '/home/student/ros2_ws/build/part1_pubsub': CMAKE_PREFIX_PATH=${CMAKE_PREFIX_PATH}:/opt/ros/humble /usr/bin/cmake /home/student/ros2_ws/src/part1_pubsub -DAMENT_CMAKE_SYMLINK_INSTALL=1 -DCMAKE_INSTALL_PREFIX=/home/student/ros2_ws/install/part1_pubsub
[0.958s] DEBUG:colcon.colcon_core.event_handler.log_command:Invoking command in '/home/student/ros2_ws/build/part2_navigation': CMAKE_PREFIX_PATH=${CMAKE_PREFIX_PATH}:/opt/ros/humble /usr/bin/cmake /home/student/ros2_ws/src/part2_navigation -DAMENT_CMAKE_SYMLINK_INSTALL=1 -DCMAKE_INSTALL_PREFIX=/home/student/ros2_ws/install/part2_navigation
[1.067s] DEBUG:colcon.colcon_core.event_handler.log_command:Invoking command in '/home/student/ros2_ws/build/part3_beyond_basics': CMAKE_PREFIX_PATH=${CMAKE_PREFIX_PATH}:/opt/ros/humble /usr/bin/cmake /home/student/ros2_ws/src/part3_beyond_basics -DAMENT_CMAKE_SYMLINK_INSTALL=1 -DCMAKE_INSTALL_PREFIX=/home/student/ros2_ws/install/part3_beyond_basics
[7.746s] DEBUG:colcon.colcon_core.event_handler.log_command:Invoked command in '/home/student/ros2_ws/build/tuos_interfaces' returned '0': CMAKE_PREFIX_PATH=${CMAKE_PREFIX_PATH}:/opt/ros/humble /usr/bin/cmake /home/student/ros2_ws/src/tuos_ros/tuos_interfaces -DAMENT_CMAKE_SYMLINK_INSTALL=1 -DCMAKE_INSTALL_PREFIX=/home/student/ros2_ws/install/tuos_interfaces
[7.746s] DEBUG:colcon.colcon_core.event_handler.log_command:Invoking command in '/home/student/ros2_ws/build/tuos_interfaces': CMAKE_PREFIX_PATH=${CMAKE_PREFIX_PATH}:/opt/ros/humble /usr/bin/cmake --build /home/student/ros2_ws/build/tuos_interfaces -- -j12 -l12
[10.528s] DEBUG:colcon.colcon_core.event_handler.log_command:Invoked command in '/home/student/ros2_ws/build/tuos_examples' returned '0': CMAKE_PREFIX_PATH=${CMAKE_PREFIX_PATH}:/opt/ros/humble /usr/bin/cmake /home/student/ros2_ws/src/tuos_ros/tuos_examples -DAMENT_CMAKE_SYMLINK_INSTALL=1 -DCMAKE_INSTALL_PREFIX=/home/student/ros2_ws/install/tuos_examples
[10.529s] DEBUG:colcon.colcon_core.event_handler.log_command:Invoking command in '/home/student/ros2_ws/build/tuos_examples': CMAKE_PREFIX_PATH=${CMAKE_PREFIX_PATH}:/opt/ros/humble /usr/bin/cmake --build /home/student/ros2_ws/build/tuos_examples -- -j12 -l12
[11.130s] DEBUG:colcon.colcon_core.event_handler.log_command:Invoked command in '/home/student/ros2_ws/build/tuos_tb3_tools' returned '0': CMAKE_PREFIX_PATH=${CMAKE_PREFIX_PATH}:/opt/ros/humble /usr/bin/cmake /home/student/ros2_ws/src/tuos_ros/tuos_tb3_tools -DAMENT_CMAKE_SYMLINK_INSTALL=1 -DCMAKE_INSTALL_PREFIX=/home/student/ros2_ws/install/tuos_tb3_tools
[11.131s] DEBUG:colcon.colcon_core.event_handler.log_command:Invoking command in '/home/student/ros2_ws/build/tuos_tb3_tools': CMAKE_PREFIX_PATH=${CMAKE_PREFIX_PATH}:/opt/ros/humble /usr/bin/cmake --build /home/student/ros2_ws/build/tuos_tb3_tools -- -j12 -l12
[11.481s] DEBUG:colcon.colcon_core.event_handler.log_command:Invoked command in '/home/student/ros2_ws/build/part2_navigation' returned '0': CMAKE_PREFIX_PATH=${CMAKE_PREFIX_PATH}:/opt/ros/humble /usr/bin/cmake /home/student/ros2_ws/src/part2_navigation -DAMENT_CMAKE_SYMLINK_INSTALL=1 -DCMAKE_INSTALL_PREFIX=/home/student/ros2_ws/install/part2_navigation
[11.482s] DEBUG:colcon.colcon_core.event_handler.log_command:Invoking command in '/home/student/ros2_ws/build/part2_navigation': CMAKE_PREFIX_PATH=${CMAKE_PREFIX_PATH}:/opt/ros/humble /usr/bin/cmake --build /home/student/ros2_ws/build/part2_navigation -- -j12 -l12
[11.505s] DEBUG:colcon.colcon_core.event_handler.log_command:Invoked command in '/home/student/ros2_ws/build/tuos_simulations' returned '0': CMAKE_PREFIX_PATH=${CMAKE_PREFIX_PATH}:/opt/ros/humble /usr/bin/cmake /home/student/ros2_ws/src/tuos_ros/tuos_simulations -DAMENT_CMAKE_SYMLINK_INSTALL=1 -DCMAKE_INSTALL_PREFIX=/home/student/ros2_ws/install/tuos_simulations
[11.505s] DEBUG:colcon.colcon_core.event_handler.log_command:Invoking command in '/home/student/ros2_ws/build/tuos_simulations': CMAKE_PREFIX_PATH=${CMAKE_PREFIX_PATH}:/opt/ros/humble /usr/bin/cmake --build /home/student/ros2_ws/build/tuos_simulations -- -j12 -l12
[11.561s] DEBUG:colcon.colcon_core.event_handler.log_command:Invoked command in '/home/student/ros2_ws/build/part3_beyond_basics' returned '0': CMAKE_PREFIX_PATH=${CMAKE_PREFIX_PATH}:/opt/ros/humble /usr/bin/cmake /home/student/ros2_ws/src/part3_beyond_basics -DAMENT_CMAKE_SYMLINK_INSTALL=1 -DCMAKE_INSTALL_PREFIX=/home/student/ros2_ws/install/part3_beyond_basics
[11.564s] DEBUG:colcon.colcon_core.event_handler.log_command:Invoking command in '/home/student/ros2_ws/build/part3_beyond_basics': CMAKE_PREFIX_PATH=${CMAKE_PREFIX_PATH}:/opt/ros/humble /usr/bin/cmake --build /home/student/ros2_ws/build/part3_beyond_basics -- -j12 -l12
[11.581s] DEBUG:colcon.colcon_core.event_handler.log_command:Invoked command in '/home/student/ros2_ws/build/tuos_simulations' returned '0': CMAKE_PREFIX_PATH=${CMAKE_PREFIX_PATH}:/opt/ros/humble /usr/bin/cmake --build /home/student/ros2_ws/build/tuos_simulations -- -j12 -l12
[11.603s] DEBUG:colcon.colcon_core.event_handler.log_command:Invoking command in '/home/student/ros2_ws/build/tuos_simulations': CMAKE_PREFIX_PATH=${CMAKE_PREFIX_PATH}:/opt/ros/humble /usr/bin/cmake --install /home/student/ros2_ws/build/tuos_simulations
[12.928s] DEBUG:colcon.colcon_core.event_handler.log_command:Invoked command in '/home/student/ros2_ws/build/part1_pubsub' returned '0': CMAKE_PREFIX_PATH=${CMAKE_PREFIX_PATH}:/opt/ros/humble /usr/bin/cmake /home/student/ros2_ws/src/part1_pubsub -DAMENT_CMAKE_SYMLINK_INSTALL=1 -DCMAKE_INSTALL_PREFIX=/home/student/ros2_ws/install/part1_pubsub
[12.936s] DEBUG:colcon.colcon_core.event_handler.log_command:Invoking command in '/home/student/ros2_ws/build/part1_pubsub': CMAKE_PREFIX_PATH=${CMAKE_PREFIX_PATH}:/opt/ros/humble /usr/bin/cmake --build /home/student/ros2_ws/build/part1_pubsub -- -j12 -l12
[13.804s] Level 1:colcon.colcon_core.environment:create_environment_scripts_only(tuos_simulations)
[13.807s] Level 1:colcon.colcon_core.environment:checking '/home/student/ros2_ws/install/tuos_simulations' for CMake module files
[13.808s] Level 1:colcon.colcon_core.environment:checking '/home/student/ros2_ws/install/tuos_simulations' for CMake config files
[13.808s] Level 1:colcon.colcon_core.shell:create_environment_hook('tuos_simulations', 'cmake_prefix_path')
[13.809s] INFO:colcon.colcon_core.shell:Creating environment hook '/home/student/ros2_ws/install/tuos_simulations/share/tuos_simulations/hook/cmake_prefix_path.ps1'
[13.811s] DEBUG:colcon.colcon_core.event_handler.log_command:Invoked command in '/home/student/ros2_ws/build/tuos_simulations' returned '0': CMAKE_PREFIX_PATH=${CMAKE_PREFIX_PATH}:/opt/ros/humble /usr/bin/cmake --install /home/student/ros2_ws/build/tuos_simulations
[13.812s] INFO:colcon.colcon_core.shell:Creating environment descriptor '/home/student/ros2_ws/install/tuos_simulations/share/tuos_simulations/hook/cmake_prefix_path.dsv'
[13.813s] INFO:colcon.colcon_core.shell:Creating environment hook '/home/student/ros2_ws/install/tuos_simulations/share/tuos_simulations/hook/cmake_prefix_path.sh'
[13.814s] Level 1:colcon.colcon_core.environment:checking '/home/student/ros2_ws/install/tuos_simulations/bin'
[13.815s] Level 1:colcon.colcon_core.environment:checking '/home/student/ros2_ws/install/tuos_simulations/lib/pkgconfig/tuos_simulations.pc'
[13.818s] Level 1:colcon.colcon_core.environment:checking '/home/student/ros2_ws/install/tuos_simulations/lib/python3.10/site-packages'
[13.838s] Level 1:colcon.colcon_core.environment:checking '/home/student/ros2_ws/install/tuos_simulations/bin'
[13.844s] INFO:colcon.colcon_core.shell:Creating package script '/home/student/ros2_ws/install/tuos_simulations/share/tuos_simulations/package.ps1'
[13.846s] INFO:colcon.colcon_core.shell:Creating package descriptor '/home/student/ros2_ws/install/tuos_simulations/share/tuos_simulations/package.dsv'
[13.847s] INFO:colcon.colcon_core.shell:Creating package script '/home/student/ros2_ws/install/tuos_simulations/share/tuos_simulations/package.sh'
[13.848s] INFO:colcon.colcon_core.shell:Creating package script '/home/student/ros2_ws/install/tuos_simulations/share/tuos_simulations/package.bash'
[13.871s] INFO:colcon.colcon_core.shell:Creating package script '/home/student/ros2_ws/install/tuos_simulations/share/tuos_simulations/package.zsh'
[13.873s] Level 1:colcon.colcon_core.environment:create_file_with_runtime_dependencies(/home/student/ros2_ws/install/tuos_simulations/share/colcon-core/packages/tuos_simulations)
[13.875s] Level 1:colcon.colcon_core.environment:create_environment_scripts_only(tuos_simulations)
[13.876s] Level 1:colcon.colcon_core.environment:checking '/home/student/ros2_ws/install/tuos_simulations' for CMake module files
[13.876s] Level 1:colcon.colcon_core.environment:checking '/home/student/ros2_ws/install/tuos_simulations' for CMake config files
[13.877s] Level 1:colcon.colcon_core.shell:create_environment_hook('tuos_simulations', 'cmake_prefix_path')
[13.877s] INFO:colcon.colcon_core.shell:Creating environment hook '/home/student/ros2_ws/install/tuos_simulations/share/tuos_simulations/hook/cmake_prefix_path.ps1'
[13.878s] INFO:colcon.colcon_core.shell:Creating environment descriptor '/home/student/ros2_ws/install/tuos_simulations/share/tuos_simulations/hook/cmake_prefix_path.dsv'
[13.879s] INFO:colcon.colcon_core.shell:Creating environment hook '/home/student/ros2_ws/install/tuos_simulations/share/tuos_simulations/hook/cmake_prefix_path.sh'
[13.881s] Level 1:colcon.colcon_core.environment:checking '/home/student/ros2_ws/install/tuos_simulations/bin'
[13.881s] Level 1:colcon.colcon_core.environment:checking '/home/student/ros2_ws/install/tuos_simulations/lib/pkgconfig/tuos_simulations.pc'
[13.882s] Level 1:colcon.colcon_core.environment:checking '/home/student/ros2_ws/install/tuos_simulations/lib/python3.10/site-packages'
[13.882s] Level 1:colcon.colcon_core.environment:checking '/home/student/ros2_ws/install/tuos_simulations/bin'
[13.883s] INFO:colcon.colcon_core.shell:Creating package script '/home/student/ros2_ws/install/tuos_simulations/share/tuos_simulations/package.ps1'
[13.885s] INFO:colcon.colcon_core.shell:Creating package descriptor '/home/student/ros2_ws/install/tuos_simulations/share/tuos_simulations/package.dsv'
[13.887s] INFO:colcon.colcon_core.shell:Creating package script '/home/student/ros2_ws/install/tuos_simulations/share/tuos_simulations/package.sh'
[13.891s] INFO:colcon.colcon_core.shell:Creating package script '/home/student/ros2_ws/install/tuos_simulations/share/tuos_simulations/package.bash'
[13.892s] INFO:colcon.colcon_core.shell:Creating package script '/home/student/ros2_ws/install/tuos_simulations/share/tuos_simulations/package.zsh'
[13.892s] Level 1:colcon.colcon_core.environment:create_file_with_runtime_dependencies(/home/student/ros2_ws/install/tuos_simulations/share/colcon-core/packages/tuos_simulations)
[13.893s] INFO:colcon.colcon_ros.task.ament_cmake.build:Building ROS package in '/home/student/ros2_ws/src/tuos_ros/com2009_simulations' with build type 'ament_cmake'
[13.893s] INFO:colcon.colcon_cmake.task.cmake.build:Building CMake package in '/home/student/ros2_ws/src/tuos_ros/com2009_simulations'
[13.894s] INFO:colcon.colcon_core.shell:Skip shell extension 'powershell' for command environment: Not usable outside of PowerShell
[13.894s] DEBUG:colcon.colcon_core.shell:Skip shell extension 'dsv' for command environment
[13.920s] INFO:colcon.colcon_ros.task.ament_cmake.build:Building ROS package in '/home/student/ros2_ws/src/acs6121_team08_2025' with build type 'ament_cmake'
[13.921s] INFO:colcon.colcon_cmake.task.cmake.build:Building CMake package in '/home/student/ros2_ws/src/acs6121_team08_2025'
[13.922s] INFO:colcon.colcon_core.shell:Skip shell extension 'powershell' for command environment: Not usable outside of PowerShell
[13.922s] DEBUG:colcon.colcon_core.shell:Skip shell extension 'dsv' for command environment
[13.983s] DEBUG:colcon.colcon_core.event_handler.log_command:Invoking command in '/home/student/ros2_ws/build/acs6121_team08_2025': CMAKE_PREFIX_PATH=/home/student/ros2_ws/install/tuos_simulations:/home/student/ros2_ws/install/acs6121_team08_2025:/home/student/ros2_ws/install/tuos_ros:/home/student/ros2_ws/install/tuos_tb3_tools:/home/student/ros2_ws/install/com2009_simulations:/home/student/ros2_ws/install/tuos_interfaces:/home/student/ros2_ws/install/tuos_examples:/home/student/ros2_ws/install/part3_beyond_basics:/home/student/ros2_ws/install/part2_navigation:/home/student/ros2_ws/install/part1_pubsub:/opt/ros/humble /usr/bin/cmake /home/student/ros2_ws/src/acs6121_team08_2025 -DAMENT_CMAKE_SYMLINK_INSTALL=1 -DCMAKE_INSTALL_PREFIX=/home/student/ros2_ws/install/acs6121_team08_2025
[14.020s] DEBUG:colcon.colcon_core.event_handler.log_command:Invoking command in '/home/student/ros2_ws/build/com2009_simulations': CMAKE_PREFIX_PATH=/home/student/ros2_ws/install/tuos_simulations:/home/student/ros2_ws/install/acs6121_team08_2025:/home/student/ros2_ws/install/tuos_ros:/home/student/ros2_ws/install/tuos_tb3_tools:/home/student/ros2_ws/install/com2009_simulations:/home/student/ros2_ws/install/tuos_interfaces:/home/student/ros2_ws/install/tuos_examples:/home/student/ros2_ws/install/part3_beyond_basics:/home/student/ros2_ws/install/part2_navigation:/home/student/ros2_ws/install/part1_pubsub:/opt/ros/humble /usr/bin/cmake /home/student/ros2_ws/src/tuos_ros/com2009_simulations -DAMENT_CMAKE_SYMLINK_INSTALL=1 -DCMAKE_INSTALL_PREFIX=/home/student/ros2_ws/install/com2009_simulations
[20.591s] DEBUG:colcon.colcon_core.event_handler.log_command:Invoked command in '/home/student/ros2_ws/build/tuos_examples' returned '0': CMAKE_PREFIX_PATH=${CMAKE_PREFIX_PATH}:/opt/ros/humble /usr/bin/cmake --build /home/student/ros2_ws/build/tuos_examples -- -j12 -l12
[20.591s] DEBUG:colcon.colcon_core.event_handler.log_command:Invoking command in '/home/student/ros2_ws/build/tuos_examples': CMAKE_PREFIX_PATH=${CMAKE_PREFIX_PATH}:/opt/ros/humble /usr/bin/cmake --install /home/student/ros2_ws/build/tuos_examples
[20.605s] DEBUG:colcon.colcon_core.event_handler.log_command:Invoked command in '/home/student/ros2_ws/build/tuos_tb3_tools' returned '0': CMAKE_PREFIX_PATH=${CMAKE_PREFIX_PATH}:/opt/ros/humble /usr/bin/cmake --build /home/student/ros2_ws/build/tuos_tb3_tools -- -j12 -l12
[20.606s] DEBUG:colcon.colcon_core.event_handler.log_command:Invoking command in '/home/student/ros2_ws/build/tuos_tb3_tools': CMAKE_PREFIX_PATH=${CMAKE_PREFIX_PATH}:/opt/ros/humble /usr/bin/cmake --install /home/student/ros2_ws/build/tuos_tb3_tools
[21.221s] Level 1:colcon.colcon_core.environment:create_environment_scripts_only(tuos_tb3_tools)
[21.222s] Level 1:colcon.colcon_core.environment:checking '/home/student/ros2_ws/install/tuos_tb3_tools' for CMake module files
[21.222s] Level 1:colcon.colcon_core.environment:checking '/home/student/ros2_ws/install/tuos_tb3_tools' for CMake config files
[21.223s] Level 1:colcon.colcon_core.shell:create_environment_hook('tuos_tb3_tools', 'cmake_prefix_path')
[21.224s] INFO:colcon.colcon_core.shell:Creating environment hook '/home/student/ros2_ws/install/tuos_tb3_tools/share/tuos_tb3_tools/hook/cmake_prefix_path.ps1'
[21.225s] INFO:colcon.colcon_core.shell:Creating environment descriptor '/home/student/ros2_ws/install/tuos_tb3_tools/share/tuos_tb3_tools/hook/cmake_prefix_path.dsv'
[21.226s] INFO:colcon.colcon_core.shell:Creating environment hook '/home/student/ros2_ws/install/tuos_tb3_tools/share/tuos_tb3_tools/hook/cmake_prefix_path.sh'
[21.227s] Level 1:colcon.colcon_core.environment:checking '/home/student/ros2_ws/install/tuos_tb3_tools/lib'
[21.228s] Level 1:colcon.colcon_core.environment:checking '/home/student/ros2_ws/install/tuos_tb3_tools/bin'
[21.228s] Level 1:colcon.colcon_core.environment:checking '/home/student/ros2_ws/install/tuos_tb3_tools/lib/pkgconfig/tuos_tb3_tools.pc'
[21.228s] Level 1:colcon.colcon_core.environment:checking '/home/student/ros2_ws/install/tuos_tb3_tools/lib/python3.10/site-packages'
[21.228s] Level 1:colcon.colcon_core.environment:checking '/home/student/ros2_ws/install/tuos_tb3_tools/bin'
[21.229s] INFO:colcon.colcon_core.shell:Creating package script '/home/student/ros2_ws/install/tuos_tb3_tools/share/tuos_tb3_tools/package.ps1'
[21.229s] INFO:colcon.colcon_core.shell:Creating package descriptor '/home/student/ros2_ws/install/tuos_tb3_tools/share/tuos_tb3_tools/package.dsv'
[21.230s] DEBUG:colcon.colcon_core.event_handler.log_command:Invoked command in '/home/student/ros2_ws/build/tuos_tb3_tools' returned '0': CMAKE_PREFIX_PATH=${CMAKE_PREFIX_PATH}:/opt/ros/humble /usr/bin/cmake --install /home/student/ros2_ws/build/tuos_tb3_tools
[21.231s] INFO:colcon.colcon_core.shell:Creating package script '/home/student/ros2_ws/install/tuos_tb3_tools/share/tuos_tb3_tools/package.sh'
[21.232s] INFO:colcon.colcon_core.shell:Creating package script '/home/student/ros2_ws/install/tuos_tb3_tools/share/tuos_tb3_tools/package.bash'
[21.234s] INFO:colcon.colcon_core.shell:Creating package script '/home/student/ros2_ws/install/tuos_tb3_tools/share/tuos_tb3_tools/package.zsh'
[21.235s] Level 1:colcon.colcon_core.environment:create_file_with_runtime_dependencies(/home/student/ros2_ws/install/tuos_tb3_tools/share/colcon-core/packages/tuos_tb3_tools)
[21.238s] Level 1:colcon.colcon_core.environment:create_environment_scripts_only(tuos_tb3_tools)
[21.239s] Level 1:colcon.colcon_core.environment:checking '/home/student/ros2_ws/install/tuos_tb3_tools' for CMake module files
[21.240s] Level 1:colcon.colcon_core.environment:checking '/home/student/ros2_ws/install/tuos_tb3_tools' for CMake config files
[21.240s] Level 1:colcon.colcon_core.shell:create_environment_hook('tuos_tb3_tools', 'cmake_prefix_path')
[21.241s] INFO:colcon.colcon_core.shell:Creating environment hook '/home/student/ros2_ws/install/tuos_tb3_tools/share/tuos_tb3_tools/hook/cmake_prefix_path.ps1'
[21.250s] INFO:colcon.colcon_core.shell:Creating environment descriptor '/home/student/ros2_ws/install/tuos_tb3_tools/share/tuos_tb3_tools/hook/cmake_prefix_path.dsv'
[21.254s] INFO:colcon.colcon_core.shell:Creating environment hook '/home/student/ros2_ws/install/tuos_tb3_tools/share/tuos_tb3_tools/hook/cmake_prefix_path.sh'
[21.256s] Level 1:colcon.colcon_core.environment:checking '/home/student/ros2_ws/install/tuos_tb3_tools/lib'
[21.256s] Level 1:colcon.colcon_core.environment:checking '/home/student/ros2_ws/install/tuos_tb3_tools/bin'
[21.256s] Level 1:colcon.colcon_core.environment:checking '/home/student/ros2_ws/install/tuos_tb3_tools/lib/pkgconfig/tuos_tb3_tools.pc'
[21.257s] Level 1:colcon.colcon_core.environment:checking '/home/student/ros2_ws/install/tuos_tb3_tools/lib/python3.10/site-packages'
[21.257s] Level 1:colcon.colcon_core.environment:checking '/home/student/ros2_ws/install/tuos_tb3_tools/bin'
[21.259s] INFO:colcon.colcon_core.shell:Creating package script '/home/student/ros2_ws/install/tuos_tb3_tools/share/tuos_tb3_tools/package.ps1'
[21.261s] INFO:colcon.colcon_core.shell:Creating package descriptor '/home/student/ros2_ws/install/tuos_tb3_tools/share/tuos_tb3_tools/package.dsv'
[21.262s] INFO:colcon.colcon_core.shell:Creating package script '/home/student/ros2_ws/install/tuos_tb3_tools/share/tuos_tb3_tools/package.sh'
[21.262s] INFO:colcon.colcon_core.shell:Creating package script '/home/student/ros2_ws/install/tuos_tb3_tools/share/tuos_tb3_tools/package.bash'
[21.263s] INFO:colcon.colcon_core.shell:Creating package script '/home/student/ros2_ws/install/tuos_tb3_tools/share/tuos_tb3_tools/package.zsh'
[21.264s] Level 1:colcon.colcon_core.environment:create_file_with_runtime_dependencies(/home/student/ros2_ws/install/tuos_tb3_tools/share/colcon-core/packages/tuos_tb3_tools)
[21.463s] DEBUG:colcon.colcon_core.event_handler.log_command:Invoked command in '/home/student/ros2_ws/build/part2_navigation' returned '0': CMAKE_PREFIX_PATH=${CMAKE_PREFIX_PATH}:/opt/ros/humble /usr/bin/cmake --build /home/student/ros2_ws/build/part2_navigation -- -j12 -l12
[21.464s] DEBUG:colcon.colcon_core.event_handler.log_command:Invoking command in '/home/student/ros2_ws/build/part2_navigation': CMAKE_PREFIX_PATH=${CMAKE_PREFIX_PATH}:/opt/ros/humble /usr/bin/cmake --install /home/student/ros2_ws/build/part2_navigation
[21.662s] Level 1:colcon.colcon_core.environment:create_environment_scripts_only(tuos_examples)
[21.662s] Level 1:colcon.colcon_core.environment:checking '/home/student/ros2_ws/install/tuos_examples' for CMake module files
[21.664s] Level 1:colcon.colcon_core.environment:checking '/home/student/ros2_ws/install/tuos_examples' for CMake config files
[21.666s] Level 1:colcon.colcon_core.shell:create_environment_hook('tuos_examples', 'cmake_prefix_path')
[21.667s] INFO:colcon.colcon_core.shell:Creating environment hook '/home/student/ros2_ws/install/tuos_examples/share/tuos_examples/hook/cmake_prefix_path.ps1'
[21.668s] INFO:colcon.colcon_core.shell:Creating environment descriptor '/home/student/ros2_ws/install/tuos_examples/share/tuos_examples/hook/cmake_prefix_path.dsv'
[21.674s] DEBUG:colcon.colcon_core.event_handler.log_command:Invoked command in '/home/student/ros2_ws/build/tuos_examples' returned '0': CMAKE_PREFIX_PATH=${CMAKE_PREFIX_PATH}:/opt/ros/humble /usr/bin/cmake --install /home/student/ros2_ws/build/tuos_examples
[21.675s] INFO:colcon.colcon_core.shell:Creating environment hook '/home/student/ros2_ws/install/tuos_examples/share/tuos_examples/hook/cmake_prefix_path.sh'
[21.677s] Level 1:colcon.colcon_core.environment:checking '/home/student/ros2_ws/install/tuos_examples/lib'
[21.677s] Level 1:colcon.colcon_core.environment:checking '/home/student/ros2_ws/install/tuos_examples/bin'
[21.677s] Level 1:colcon.colcon_core.environment:checking '/home/student/ros2_ws/install/tuos_examples/lib/pkgconfig/tuos_examples.pc'
[21.678s] Level 1:colcon.colcon_core.environment:checking '/home/student/ros2_ws/install/tuos_examples/lib/python3.10/site-packages'
[21.678s] Level 1:colcon.colcon_core.environment:checking '/home/student/ros2_ws/install/tuos_examples/bin'
[21.679s] INFO:colcon.colcon_core.shell:Creating package script '/home/student/ros2_ws/install/tuos_examples/share/tuos_examples/package.ps1'
[21.679s] INFO:colcon.colcon_core.shell:Creating package descriptor '/home/student/ros2_ws/install/tuos_examples/share/tuos_examples/package.dsv'
[21.680s] INFO:colcon.colcon_core.shell:Creating package script '/home/student/ros2_ws/install/tuos_examples/share/tuos_examples/package.sh'
[21.681s] INFO:colcon.colcon_core.shell:Creating package script '/home/student/ros2_ws/install/tuos_examples/share/tuos_examples/package.bash'
[21.681s] INFO:colcon.colcon_core.shell:Creating package script '/home/student/ros2_ws/install/tuos_examples/share/tuos_examples/package.zsh'
[21.682s] Level 1:colcon.colcon_core.environment:create_file_with_runtime_dependencies(/home/student/ros2_ws/install/tuos_examples/share/colcon-core/packages/tuos_examples)
[21.688s] Level 1:colcon.colcon_core.environment:create_environment_scripts_only(tuos_examples)
[21.689s] Level 1:colcon.colcon_core.environment:checking '/home/student/ros2_ws/install/tuos_examples' for CMake module files
[21.690s] Level 1:colcon.colcon_core.environment:checking '/home/student/ros2_ws/install/tuos_examples' for CMake config files
[21.690s] Level 1:colcon.colcon_core.shell:create_environment_hook('tuos_examples', 'cmake_prefix_path')
[21.691s] INFO:colcon.colcon_core.shell:Creating environment hook '/home/student/ros2_ws/install/tuos_examples/share/tuos_examples/hook/cmake_prefix_path.ps1'
[21.692s] INFO:colcon.colcon_core.shell:Creating environment descriptor '/home/student/ros2_ws/install/tuos_examples/share/tuos_examples/hook/cmake_prefix_path.dsv'
[21.693s] INFO:colcon.colcon_core.shell:Creating environment hook '/home/student/ros2_ws/install/tuos_examples/share/tuos_examples/hook/cmake_prefix_path.sh'
[21.695s] Level 1:colcon.colcon_core.environment:checking '/home/student/ros2_ws/install/tuos_examples/lib'
[21.696s] Level 1:colcon.colcon_core.environment:checking '/home/student/ros2_ws/install/tuos_examples/bin'
[21.696s] Level 1:colcon.colcon_core.environment:checking '/home/student/ros2_ws/install/tuos_examples/lib/pkgconfig/tuos_examples.pc'
[21.697s] Level 1:colcon.colcon_core.environment:checking '/home/student/ros2_ws/install/tuos_examples/lib/python3.10/site-packages'
[21.697s] Level 1:colcon.colcon_core.environment:checking '/home/student/ros2_ws/install/tuos_examples/bin'
[21.698s] INFO:colcon.colcon_core.shell:Creating package script '/home/student/ros2_ws/install/tuos_examples/share/tuos_examples/package.ps1'
[21.700s] INFO:colcon.colcon_core.shell:Creating package descriptor '/home/student/ros2_ws/install/tuos_examples/share/tuos_examples/package.dsv'
[21.702s] INFO:colcon.colcon_core.shell:Creating package script '/home/student/ros2_ws/install/tuos_examples/share/tuos_examples/package.sh'
[21.703s] INFO:colcon.colcon_core.shell:Creating package script '/home/student/ros2_ws/install/tuos_examples/share/tuos_examples/package.bash'
[21.705s] INFO:colcon.colcon_core.shell:Creating package script '/home/student/ros2_ws/install/tuos_examples/share/tuos_examples/package.zsh'
[21.710s] Level 1:colcon.colcon_core.environment:create_file_with_runtime_dependencies(/home/student/ros2_ws/install/tuos_examples/share/colcon-core/packages/tuos_examples)
[22.034s] DEBUG:colcon.colcon_core.event_handler.log_command:Invoked command in '/home/student/ros2_ws/build/part3_beyond_basics' returned '0': CMAKE_PREFIX_PATH=${CMAKE_PREFIX_PATH}:/opt/ros/humble /usr/bin/cmake --build /home/student/ros2_ws/build/part3_beyond_basics -- -j12 -l12
[22.037s] DEBUG:colcon.colcon_core.event_handler.log_command:Invoking command in '/home/student/ros2_ws/build/part3_beyond_basics': CMAKE_PREFIX_PATH=${CMAKE_PREFIX_PATH}:/opt/ros/humble /usr/bin/cmake --install /home/student/ros2_ws/build/part3_beyond_basics
[22.214s] Level 1:colcon.colcon_core.environment:create_environment_scripts_only(part2_navigation)
[22.216s] Level 1:colcon.colcon_core.environment:checking '/home/student/ros2_ws/install/part2_navigation' for CMake module files
[22.218s] Level 1:colcon.colcon_core.environment:checking '/home/student/ros2_ws/install/part2_navigation' for CMake config files
[22.218s] Level 1:colcon.colcon_core.shell:create_environment_hook('part2_navigation', 'cmake_prefix_path')
[22.218s] INFO:colcon.colcon_core.shell:Creating environment hook '/home/student/ros2_ws/install/part2_navigation/share/part2_navigation/hook/cmake_prefix_path.ps1'
[22.220s] INFO:colcon.colcon_core.shell:Creating environment descriptor '/home/student/ros2_ws/install/part2_navigation/share/part2_navigation/hook/cmake_prefix_path.dsv'
[22.221s] DEBUG:colcon.colcon_core.event_handler.log_command:Invoked command in '/home/student/ros2_ws/build/part2_navigation' returned '0': CMAKE_PREFIX_PATH=${CMAKE_PREFIX_PATH}:/opt/ros/humble /usr/bin/cmake --install /home/student/ros2_ws/build/part2_navigation
[22.223s] INFO:colcon.colcon_core.shell:Creating environment hook '/home/student/ros2_ws/install/part2_navigation/share/part2_navigation/hook/cmake_prefix_path.sh'
[22.224s] Level 1:colcon.colcon_core.environment:checking '/home/student/ros2_ws/install/part2_navigation/lib'
[22.224s] Level 1:colcon.colcon_core.environment:checking '/home/student/ros2_ws/install/part2_navigation/bin'
[22.224s] Level 1:colcon.colcon_core.environment:checking '/home/student/ros2_ws/install/part2_navigation/lib/pkgconfig/part2_navigation.pc'
[22.225s] Level 1:colcon.colcon_core.environment:checking '/home/student/ros2_ws/install/part2_navigation/lib/python3.10/site-packages'
[22.225s] Level 1:colcon.colcon_core.environment:checking '/home/student/ros2_ws/install/part2_navigation/bin'
[22.226s] INFO:colcon.colcon_core.shell:Creating package script '/home/student/ros2_ws/install/part2_navigation/share/part2_navigation/package.ps1'
[22.227s] INFO:colcon.colcon_core.shell:Creating package descriptor '/home/student/ros2_ws/install/part2_navigation/share/part2_navigation/package.dsv'
[22.227s] INFO:colcon.colcon_core.shell:Creating package script '/home/student/ros2_ws/install/part2_navigation/share/part2_navigation/package.sh'
[22.232s] INFO:colcon.colcon_core.shell:Creating package script '/home/student/ros2_ws/install/part2_navigation/share/part2_navigation/package.bash'
[22.233s] INFO:colcon.colcon_core.shell:Creating package script '/home/student/ros2_ws/install/part2_navigation/share/part2_navigation/package.zsh'
[22.234s] Level 1:colcon.colcon_core.environment:create_file_with_runtime_dependencies(/home/student/ros2_ws/install/part2_navigation/share/colcon-core/packages/part2_navigation)
[22.236s] Level 1:colcon.colcon_core.environment:create_environment_scripts_only(part2_navigation)
[22.236s] Level 1:colcon.colcon_core.environment:checking '/home/student/ros2_ws/install/part2_navigation' for CMake module files
[22.236s] Level 1:colcon.colcon_core.environment:checking '/home/student/ros2_ws/install/part2_navigation' for CMake config files
[22.237s] Level 1:colcon.colcon_core.shell:create_environment_hook('part2_navigation', 'cmake_prefix_path')
[22.237s] INFO:colcon.colcon_core.shell:Creating environment hook '/home/student/ros2_ws/install/part2_navigation/share/part2_navigation/hook/cmake_prefix_path.ps1'
[22.238s] INFO:colcon.colcon_core.shell:Creating environment descriptor '/home/student/ros2_ws/install/part2_navigation/share/part2_navigation/hook/cmake_prefix_path.dsv'
[22.241s] INFO:colcon.colcon_core.shell:Creating environment hook '/home/student/ros2_ws/install/part2_navigation/share/part2_navigation/hook/cmake_prefix_path.sh'
[22.243s] Level 1:colcon.colcon_core.environment:checking '/home/student/ros2_ws/install/part2_navigation/lib'
[22.243s] Level 1:colcon.colcon_core.environment:checking '/home/student/ros2_ws/install/part2_navigation/bin'
[22.243s] Level 1:colcon.colcon_core.environment:checking '/home/student/ros2_ws/install/part2_navigation/lib/pkgconfig/part2_navigation.pc'
[22.243s] Level 1:colcon.colcon_core.environment:checking '/home/student/ros2_ws/install/part2_navigation/lib/python3.10/site-packages'
[22.244s] Level 1:colcon.colcon_core.environment:checking '/home/student/ros2_ws/install/part2_navigation/bin'
[22.244s] INFO:colcon.colcon_core.shell:Creating package script '/home/student/ros2_ws/install/part2_navigation/share/part2_navigation/package.ps1'
[22.245s] INFO:colcon.colcon_core.shell:Creating package descriptor '/home/student/ros2_ws/install/part2_navigation/share/part2_navigation/package.dsv'
[22.246s] INFO:colcon.colcon_core.shell:Creating package script '/home/student/ros2_ws/install/part2_navigation/share/part2_navigation/package.sh'
[22.247s] INFO:colcon.colcon_core.shell:Creating package script '/home/student/ros2_ws/install/part2_navigation/share/part2_navigation/package.bash'
[22.247s] INFO:colcon.colcon_core.shell:Creating package script '/home/student/ros2_ws/install/part2_navigation/share/part2_navigation/package.zsh'
[22.248s] Level 1:colcon.colcon_core.environment:create_file_with_runtime_dependencies(/home/student/ros2_ws/install/part2_navigation/share/colcon-core/packages/part2_navigation)
[23.046s] Level 1:colcon.colcon_core.environment:create_environment_scripts_only(part3_beyond_basics)
[23.046s] Level 1:colcon.colcon_core.environment:checking '/home/student/ros2_ws/install/part3_beyond_basics' for CMake module files
[23.047s] DEBUG:colcon.colcon_core.event_handler.log_command:Invoked command in '/home/student/ros2_ws/build/part3_beyond_basics' returned '0': CMAKE_PREFIX_PATH=${CMAKE_PREFIX_PATH}:/opt/ros/humble /usr/bin/cmake --install /home/student/ros2_ws/build/part3_beyond_basics
[23.048s] Level 1:colcon.colcon_core.environment:checking '/home/student/ros2_ws/install/part3_beyond_basics' for CMake config files
[23.049s] Level 1:colcon.colcon_core.shell:create_environment_hook('part3_beyond_basics', 'cmake_prefix_path')
[23.049s] INFO:colcon.colcon_core.shell:Creating environment hook '/home/student/ros2_ws/install/part3_beyond_basics/share/part3_beyond_basics/hook/cmake_prefix_path.ps1'
[23.052s] INFO:colcon.colcon_core.shell:Creating environment descriptor '/home/student/ros2_ws/install/part3_beyond_basics/share/part3_beyond_basics/hook/cmake_prefix_path.dsv'
[23.053s] INFO:colcon.colcon_core.shell:Creating environment hook '/home/student/ros2_ws/install/part3_beyond_basics/share/part3_beyond_basics/hook/cmake_prefix_path.sh'
[23.054s] Level 1:colcon.colcon_core.environment:checking '/home/student/ros2_ws/install/part3_beyond_basics/lib'
[23.055s] Level 1:colcon.colcon_core.environment:checking '/home/student/ros2_ws/install/part3_beyond_basics/bin'
[23.056s] Level 1:colcon.colcon_core.environment:checking '/home/student/ros2_ws/install/part3_beyond_basics/lib/pkgconfig/part3_beyond_basics.pc'
[23.056s] Level 1:colcon.colcon_core.environment:checking '/home/student/ros2_ws/install/part3_beyond_basics/lib/python3.10/site-packages'
[23.057s] Level 1:colcon.colcon_core.environment:checking '/home/student/ros2_ws/install/part3_beyond_basics/bin'
[23.057s] INFO:colcon.colcon_core.shell:Creating package script '/home/student/ros2_ws/install/part3_beyond_basics/share/part3_beyond_basics/package.ps1'
[23.058s] INFO:colcon.colcon_core.shell:Creating package descriptor '/home/student/ros2_ws/install/part3_beyond_basics/share/part3_beyond_basics/package.dsv'
[23.058s] INFO:colcon.colcon_core.shell:Creating package script '/home/student/ros2_ws/install/part3_beyond_basics/share/part3_beyond_basics/package.sh'
[23.059s] INFO:colcon.colcon_core.shell:Creating package script '/home/student/ros2_ws/install/part3_beyond_basics/share/part3_beyond_basics/package.bash'
[23.059s] INFO:colcon.colcon_core.shell:Creating package script '/home/student/ros2_ws/install/part3_beyond_basics/share/part3_beyond_basics/package.zsh'
[23.065s] Level 1:colcon.colcon_core.environment:create_file_with_runtime_dependencies(/home/student/ros2_ws/install/part3_beyond_basics/share/colcon-core/packages/part3_beyond_basics)
[23.070s] Level 1:colcon.colcon_core.environment:create_environment_scripts_only(part3_beyond_basics)
[23.071s] Level 1:colcon.colcon_core.environment:checking '/home/student/ros2_ws/install/part3_beyond_basics' for CMake module files
[23.072s] Level 1:colcon.colcon_core.environment:checking '/home/student/ros2_ws/install/part3_beyond_basics' for CMake config files
[23.072s] Level 1:colcon.colcon_core.shell:create_environment_hook('part3_beyond_basics', 'cmake_prefix_path')
[23.073s] INFO:colcon.colcon_core.shell:Creating environment hook '/home/student/ros2_ws/install/part3_beyond_basics/share/part3_beyond_basics/hook/cmake_prefix_path.ps1'
[23.073s] INFO:colcon.colcon_core.shell:Creating environment descriptor '/home/student/ros2_ws/install/part3_beyond_basics/share/part3_beyond_basics/hook/cmake_prefix_path.dsv'
[23.074s] INFO:colcon.colcon_core.shell:Creating environment hook '/home/student/ros2_ws/install/part3_beyond_basics/share/part3_beyond_basics/hook/cmake_prefix_path.sh'
[23.075s] Level 1:colcon.colcon_core.environment:checking '/home/student/ros2_ws/install/part3_beyond_basics/lib'
[23.075s] Level 1:colcon.colcon_core.environment:checking '/home/student/ros2_ws/install/part3_beyond_basics/bin'
[23.075s] Level 1:colcon.colcon_core.environment:checking '/home/student/ros2_ws/install/part3_beyond_basics/lib/pkgconfig/part3_beyond_basics.pc'
[23.076s] Level 1:colcon.colcon_core.environment:checking '/home/student/ros2_ws/install/part3_beyond_basics/lib/python3.10/site-packages'
[23.076s] Level 1:colcon.colcon_core.environment:checking '/home/student/ros2_ws/install/part3_beyond_basics/bin'
[23.077s] INFO:colcon.colcon_core.shell:Creating package script '/home/student/ros2_ws/install/part3_beyond_basics/share/part3_beyond_basics/package.ps1'
[23.077s] INFO:colcon.colcon_core.shell:Creating package descriptor '/home/student/ros2_ws/install/part3_beyond_basics/share/part3_beyond_basics/package.dsv'
[23.078s] INFO:colcon.colcon_core.shell:Creating package script '/home/student/ros2_ws/install/part3_beyond_basics/share/part3_beyond_basics/package.sh'
[23.079s] INFO:colcon.colcon_core.shell:Creating package script '/home/student/ros2_ws/install/part3_beyond_basics/share/part3_beyond_basics/package.bash'
[23.079s] INFO:colcon.colcon_core.shell:Creating package script '/home/student/ros2_ws/install/part3_beyond_basics/share/part3_beyond_basics/package.zsh'
[23.080s] Level 1:colcon.colcon_core.environment:create_file_with_runtime_dependencies(/home/student/ros2_ws/install/part3_beyond_basics/share/colcon-core/packages/part3_beyond_basics)
[24.808s] DEBUG:colcon.colcon_core.event_handler.log_command:Invoked command in '/home/student/ros2_ws/build/com2009_simulations' returned '0': CMAKE_PREFIX_PATH=/home/student/ros2_ws/install/tuos_simulations:/home/student/ros2_ws/install/acs6121_team08_2025:/home/student/ros2_ws/install/tuos_ros:/home/student/ros2_ws/install/tuos_tb3_tools:/home/student/ros2_ws/install/com2009_simulations:/home/student/ros2_ws/install/tuos_interfaces:/home/student/ros2_ws/install/tuos_examples:/home/student/ros2_ws/install/part3_beyond_basics:/home/student/ros2_ws/install/part2_navigation:/home/student/ros2_ws/install/part1_pubsub:/opt/ros/humble /usr/bin/cmake /home/student/ros2_ws/src/tuos_ros/com2009_simulations -DAMENT_CMAKE_SYMLINK_INSTALL=1 -DCMAKE_INSTALL_PREFIX=/home/student/ros2_ws/install/com2009_simulations
[24.823s] DEBUG:colcon.colcon_core.event_handler.log_command:Invoking command in '/home/student/ros2_ws/build/com2009_simulations': CMAKE_PREFIX_PATH=/home/student/ros2_ws/install/tuos_simulations:/home/student/ros2_ws/install/acs6121_team08_2025:/home/student/ros2_ws/install/tuos_ros:/home/student/ros2_ws/install/tuos_tb3_tools:/home/student/ros2_ws/install/com2009_simulations:/home/student/ros2_ws/install/tuos_interfaces:/home/student/ros2_ws/install/tuos_examples:/home/student/ros2_ws/install/part3_beyond_basics:/home/student/ros2_ws/install/part2_navigation:/home/student/ros2_ws/install/part1_pubsub:/opt/ros/humble /usr/bin/cmake --build /home/student/ros2_ws/build/com2009_simulations -- -j12 -l12
[24.894s] DEBUG:colcon.colcon_core.event_handler.log_command:Invoked command in '/home/student/ros2_ws/build/com2009_simulations' returned '0': CMAKE_PREFIX_PATH=/home/student/ros2_ws/install/tuos_simulations:/home/student/ros2_ws/install/acs6121_team08_2025:/home/student/ros2_ws/install/tuos_ros:/home/student/ros2_ws/install/tuos_tb3_tools:/home/student/ros2_ws/install/com2009_simulations:/home/student/ros2_ws/install/tuos_interfaces:/home/student/ros2_ws/install/tuos_examples:/home/student/ros2_ws/install/part3_beyond_basics:/home/student/ros2_ws/install/part2_navigation:/home/student/ros2_ws/install/part1_pubsub:/opt/ros/humble /usr/bin/cmake --build /home/student/ros2_ws/build/com2009_simulations -- -j12 -l12
[24.894s] DEBUG:colcon.colcon_core.event_handler.log_command:Invoking command in '/home/student/ros2_ws/build/com2009_simulations': CMAKE_PREFIX_PATH=/home/student/ros2_ws/install/tuos_simulations:/home/student/ros2_ws/install/acs6121_team08_2025:/home/student/ros2_ws/install/tuos_ros:/home/student/ros2_ws/install/tuos_tb3_tools:/home/student/ros2_ws/install/com2009_simulations:/home/student/ros2_ws/install/tuos_interfaces:/home/student/ros2_ws/install/tuos_examples:/home/student/ros2_ws/install/part3_beyond_basics:/home/student/ros2_ws/install/part2_navigation:/home/student/ros2_ws/install/part1_pubsub:/opt/ros/humble /usr/bin/cmake --install /home/student/ros2_ws/build/com2009_simulations
[25.096s] DEBUG:colcon.colcon_core.event_handler.log_command:Invoked command in '/home/student/ros2_ws/build/acs6121_team08_2025' returned '0': CMAKE_PREFIX_PATH=/home/student/ros2_ws/install/tuos_simulations:/home/student/ros2_ws/install/acs6121_team08_2025:/home/student/ros2_ws/install/tuos_ros:/home/student/ros2_ws/install/tuos_tb3_tools:/home/student/ros2_ws/install/com2009_simulations:/home/student/ros2_ws/install/tuos_interfaces:/home/student/ros2_ws/install/tuos_examples:/home/student/ros2_ws/install/part3_beyond_basics:/home/student/ros2_ws/install/part2_navigation:/home/student/ros2_ws/install/part1_pubsub:/opt/ros/humble /usr/bin/cmake /home/student/ros2_ws/src/acs6121_team08_2025 -DAMENT_CMAKE_SYMLINK_INSTALL=1 -DCMAKE_INSTALL_PREFIX=/home/student/ros2_ws/install/acs6121_team08_2025
[25.096s] DEBUG:colcon.colcon_core.event_handler.log_command:Invoking command in '/home/student/ros2_ws/build/acs6121_team08_2025': CMAKE_PREFIX_PATH=/home/student/ros2_ws/install/tuos_simulations:/home/student/ros2_ws/install/acs6121_team08_2025:/home/student/ros2_ws/install/tuos_ros:/home/student/ros2_ws/install/tuos_tb3_tools:/home/student/ros2_ws/install/com2009_simulations:/home/student/ros2_ws/install/tuos_interfaces:/home/student/ros2_ws/install/tuos_examples:/home/student/ros2_ws/install/part3_beyond_basics:/home/student/ros2_ws/install/part2_navigation:/home/student/ros2_ws/install/part1_pubsub:/opt/ros/humble /usr/bin/cmake --build /home/student/ros2_ws/build/acs6121_team08_2025 -- -j12 -l12
[25.691s] Level 1:colcon.colcon_core.environment:create_environment_scripts_only(com2009_simulations)
[25.692s] Level 1:colcon.colcon_core.environment:checking '/home/student/ros2_ws/install/com2009_simulations' for CMake module files
[25.692s] Level 1:colcon.colcon_core.environment:checking '/home/student/ros2_ws/install/com2009_simulations' for CMake config files
[25.693s] Level 1:colcon.colcon_core.shell:create_environment_hook('com2009_simulations', 'cmake_prefix_path')
[25.693s] INFO:colcon.colcon_core.shell:Creating environment hook '/home/student/ros2_ws/install/com2009_simulations/share/com2009_simulations/hook/cmake_prefix_path.ps1'
[25.694s] INFO:colcon.colcon_core.shell:Creating environment descriptor '/home/student/ros2_ws/install/com2009_simulations/share/com2009_simulations/hook/cmake_prefix_path.dsv'
[25.694s] INFO:colcon.colcon_core.shell:Creating environment hook '/home/student/ros2_ws/install/com2009_simulations/share/com2009_simulations/hook/cmake_prefix_path.sh'
[25.695s] Level 1:colcon.colcon_core.environment:checking '/home/student/ros2_ws/install/com2009_simulations/bin'
[25.695s] Level 1:colcon.colcon_core.environment:checking '/home/student/ros2_ws/install/com2009_simulations/lib/pkgconfig/com2009_simulations.pc'
[25.695s] Level 1:colcon.colcon_core.environment:checking '/home/student/ros2_ws/install/com2009_simulations/lib/python3.10/site-packages'
[25.696s] Level 1:colcon.colcon_core.environment:checking '/home/student/ros2_ws/install/com2009_simulations/bin'
[25.698s] INFO:colcon.colcon_core.shell:Creating package script '/home/student/ros2_ws/install/com2009_simulations/share/com2009_simulations/package.ps1'
[25.699s] DEBUG:colcon.colcon_core.event_handler.log_command:Invoked command in '/home/student/ros2_ws/build/com2009_simulations' returned '0': CMAKE_PREFIX_PATH=/home/student/ros2_ws/install/tuos_simulations:/home/student/ros2_ws/install/acs6121_team08_2025:/home/student/ros2_ws/install/tuos_ros:/home/student/ros2_ws/install/tuos_tb3_tools:/home/student/ros2_ws/install/com2009_simulations:/home/student/ros2_ws/install/tuos_interfaces:/home/student/ros2_ws/install/tuos_examples:/home/student/ros2_ws/install/part3_beyond_basics:/home/student/ros2_ws/install/part2_navigation:/home/student/ros2_ws/install/part1_pubsub:/opt/ros/humble /usr/bin/cmake --install /home/student/ros2_ws/build/com2009_simulations
[25.701s] INFO:colcon.colcon_core.shell:Creating package descriptor '/home/student/ros2_ws/install/com2009_simulations/share/com2009_simulations/package.dsv'
[25.702s] INFO:colcon.colcon_core.shell:Creating package script '/home/student/ros2_ws/install/com2009_simulations/share/com2009_simulations/package.sh'
[25.703s] INFO:colcon.colcon_core.shell:Creating package script '/home/student/ros2_ws/install/com2009_simulations/share/com2009_simulations/package.bash'
[25.703s] INFO:colcon.colcon_core.shell:Creating package script '/home/student/ros2_ws/install/com2009_simulations/share/com2009_simulations/package.zsh'
[25.704s] Level 1:colcon.colcon_core.environment:create_file_with_runtime_dependencies(/home/student/ros2_ws/install/com2009_simulations/share/colcon-core/packages/com2009_simulations)
[25.714s] Level 1:colcon.colcon_core.environment:create_environment_scripts_only(com2009_simulations)
[25.716s] Level 1:colcon.colcon_core.environment:checking '/home/student/ros2_ws/install/com2009_simulations' for CMake module files
[25.722s] Level 1:colcon.colcon_core.environment:checking '/home/student/ros2_ws/install/com2009_simulations' for CMake config files
[25.723s] Level 1:colcon.colcon_core.shell:create_environment_hook('com2009_simulations', 'cmake_prefix_path')
[25.725s] INFO:colcon.colcon_core.shell:Creating environment hook '/home/student/ros2_ws/install/com2009_simulations/share/com2009_simulations/hook/cmake_prefix_path.ps1'
[25.728s] INFO:colcon.colcon_core.shell:Creating environment descriptor '/home/student/ros2_ws/install/com2009_simulations/share/com2009_simulations/hook/cmake_prefix_path.dsv'
[25.730s] INFO:colcon.colcon_core.shell:Creating environment hook '/home/student/ros2_ws/install/com2009_simulations/share/com2009_simulations/hook/cmake_prefix_path.sh'
[25.731s] Level 1:colcon.colcon_core.environment:checking '/home/student/ros2_ws/install/com2009_simulations/bin'
[25.731s] Level 1:colcon.colcon_core.environment:checking '/home/student/ros2_ws/install/com2009_simulations/lib/pkgconfig/com2009_simulations.pc'
[25.731s] Level 1:colcon.colcon_core.environment:checking '/home/student/ros2_ws/install/com2009_simulations/lib/python3.10/site-packages'
[25.731s] Level 1:colcon.colcon_core.environment:checking '/home/student/ros2_ws/install/com2009_simulations/bin'
[25.731s] INFO:colcon.colcon_core.shell:Creating package script '/home/student/ros2_ws/install/com2009_simulations/share/com2009_simulations/package.ps1'
[25.732s] INFO:colcon.colcon_core.shell:Creating package descriptor '/home/student/ros2_ws/install/com2009_simulations/share/com2009_simulations/package.dsv'
[25.734s] INFO:colcon.colcon_core.shell:Creating package script '/home/student/ros2_ws/install/com2009_simulations/share/com2009_simulations/package.sh'
[25.735s] INFO:colcon.colcon_core.shell:Creating package script '/home/student/ros2_ws/install/com2009_simulations/share/com2009_simulations/package.bash'
[25.737s] INFO:colcon.colcon_core.shell:Creating package script '/home/student/ros2_ws/install/com2009_simulations/share/com2009_simulations/package.zsh'
[25.738s] Level 1:colcon.colcon_core.environment:create_file_with_runtime_dependencies(/home/student/ros2_ws/install/com2009_simulations/share/colcon-core/packages/com2009_simulations)
[25.839s] DEBUG:colcon.colcon_core.event_handler.log_command:Invoked command in '/home/student/ros2_ws/build/acs6121_team08_2025' returned '0': CMAKE_PREFIX_PATH=/home/student/ros2_ws/install/tuos_simulations:/home/student/ros2_ws/install/acs6121_team08_2025:/home/student/ros2_ws/install/tuos_ros:/home/student/ros2_ws/install/tuos_tb3_tools:/home/student/ros2_ws/install/com2009_simulations:/home/student/ros2_ws/install/tuos_interfaces:/home/student/ros2_ws/install/tuos_examples:/home/student/ros2_ws/install/part3_beyond_basics:/home/student/ros2_ws/install/part2_navigation:/home/student/ros2_ws/install/part1_pubsub:/opt/ros/humble /usr/bin/cmake --build /home/student/ros2_ws/build/acs6121_team08_2025 -- -j12 -l12
[25.840s] DEBUG:colcon.colcon_core.event_handler.log_command:Invoking command in '/home/student/ros2_ws/build/acs6121_team08_2025': CMAKE_PREFIX_PATH=/home/student/ros2_ws/install/tuos_simulations:/home/student/ros2_ws/install/acs6121_team08_2025:/home/student/ros2_ws/install/tuos_ros:/home/student/ros2_ws/install/tuos_tb3_tools:/home/student/ros2_ws/install/com2009_simulations:/home/student/ros2_ws/install/tuos_interfaces:/home/student/ros2_ws/install/tuos_examples:/home/student/ros2_ws/install/part3_beyond_basics:/home/student/ros2_ws/install/part2_navigation:/home/student/ros2_ws/install/part1_pubsub:/opt/ros/humble /usr/bin/cmake --install /home/student/ros2_ws/build/acs6121_team08_2025
[26.448s] Level 1:colcon.colcon_core.environment:create_environment_scripts_only(acs6121_team08_2025)
[26.452s] Level 1:colcon.colcon_core.environment:checking '/home/student/ros2_ws/install/acs6121_team08_2025' for CMake module files
[26.450s] DEBUG:colcon.colcon_core.event_handler.log_command:Invoked command in '/home/student/ros2_ws/build/acs6121_team08_2025' returned '0': CMAKE_PREFIX_PATH=/home/student/ros2_ws/install/tuos_simulations:/home/student/ros2_ws/install/acs6121_team08_2025:/home/student/ros2_ws/install/tuos_ros:/home/student/ros2_ws/install/tuos_tb3_tools:/home/student/ros2_ws/install/com2009_simulations:/home/student/ros2_ws/install/tuos_interfaces:/home/student/ros2_ws/install/tuos_examples:/home/student/ros2_ws/install/part3_beyond_basics:/home/student/ros2_ws/install/part2_navigation:/home/student/ros2_ws/install/part1_pubsub:/opt/ros/humble /usr/bin/cmake --install /home/student/ros2_ws/build/acs6121_team08_2025
[26.459s] Level 1:colcon.colcon_core.environment:checking '/home/student/ros2_ws/install/acs6121_team08_2025' for CMake config files
[26.461s] Level 1:colcon.colcon_core.shell:create_environment_hook('acs6121_team08_2025', 'cmake_prefix_path')
[26.462s] INFO:colcon.colcon_core.shell:Creating environment hook '/home/student/ros2_ws/install/acs6121_team08_2025/share/acs6121_team08_2025/hook/cmake_prefix_path.ps1'
[26.467s] INFO:colcon.colcon_core.shell:Creating environment descriptor '/home/student/ros2_ws/install/acs6121_team08_2025/share/acs6121_team08_2025/hook/cmake_prefix_path.dsv'
[26.468s] INFO:colcon.colcon_core.shell:Creating environment hook '/home/student/ros2_ws/install/acs6121_team08_2025/share/acs6121_team08_2025/hook/cmake_prefix_path.sh'
[26.469s] Level 1:colcon.colcon_core.environment:checking '/home/student/ros2_ws/install/acs6121_team08_2025/lib'
[26.470s] Level 1:colcon.colcon_core.environment:checking '/home/student/ros2_ws/install/acs6121_team08_2025/bin'
[26.470s] Level 1:colcon.colcon_core.environment:checking '/home/student/ros2_ws/install/acs6121_team08_2025/lib/pkgconfig/acs6121_team08_2025.pc'
[26.470s] Level 1:colcon.colcon_core.environment:checking '/home/student/ros2_ws/install/acs6121_team08_2025/lib/python3.10/site-packages'
[26.470s] Level 1:colcon.colcon_core.environment:checking '/home/student/ros2_ws/install/acs6121_team08_2025/bin'
[26.471s] INFO:colcon.colcon_core.shell:Creating package script '/home/student/ros2_ws/install/acs6121_team08_2025/share/acs6121_team08_2025/package.ps1'
[26.472s] INFO:colcon.colcon_core.shell:Creating package descriptor '/home/student/ros2_ws/install/acs6121_team08_2025/share/acs6121_team08_2025/package.dsv'
[26.473s] INFO:colcon.colcon_core.shell:Creating package script '/home/student/ros2_ws/install/acs6121_team08_2025/share/acs6121_team08_2025/package.sh'
[26.473s] INFO:colcon.colcon_core.shell:Creating package script '/home/student/ros2_ws/install/acs6121_team08_2025/share/acs6121_team08_2025/package.bash'
[26.475s] INFO:colcon.colcon_core.shell:Creating package script '/home/student/ros2_ws/install/acs6121_team08_2025/share/acs6121_team08_2025/package.zsh'
[26.476s] Level 1:colcon.colcon_core.environment:create_file_with_runtime_dependencies(/home/student/ros2_ws/install/acs6121_team08_2025/share/colcon-core/packages/acs6121_team08_2025)
[26.477s] Level 1:colcon.colcon_core.environment:create_environment_scripts_only(acs6121_team08_2025)
[26.478s] Level 1:colcon.colcon_core.environment:checking '/home/student/ros2_ws/install/acs6121_team08_2025' for CMake module files
[26.479s] Level 1:colcon.colcon_core.environment:checking '/home/student/ros2_ws/install/acs6121_team08_2025' for CMake config files
[26.479s] Level 1:colcon.colcon_core.shell:create_environment_hook('acs6121_team08_2025', 'cmake_prefix_path')
[26.480s] INFO:colcon.colcon_core.shell:Creating environment hook '/home/student/ros2_ws/install/acs6121_team08_2025/share/acs6121_team08_2025/hook/cmake_prefix_path.ps1'
[26.481s] INFO:colcon.colcon_core.shell:Creating environment descriptor '/home/student/ros2_ws/install/acs6121_team08_2025/share/acs6121_team08_2025/hook/cmake_prefix_path.dsv'
[26.481s] INFO:colcon.colcon_core.shell:Creating environment hook '/home/student/ros2_ws/install/acs6121_team08_2025/share/acs6121_team08_2025/hook/cmake_prefix_path.sh'
[26.483s] Level 1:colcon.colcon_core.environment:checking '/home/student/ros2_ws/install/acs6121_team08_2025/lib'
[26.483s] Level 1:colcon.colcon_core.environment:checking '/home/student/ros2_ws/install/acs6121_team08_2025/bin'
[26.483s] Level 1:colcon.colcon_core.environment:checking '/home/student/ros2_ws/install/acs6121_team08_2025/lib/pkgconfig/acs6121_team08_2025.pc'
[26.483s] Level 1:colcon.colcon_core.environment:checking '/home/student/ros2_ws/install/acs6121_team08_2025/lib/python3.10/site-packages'
[26.484s] Level 1:colcon.colcon_core.environment:checking '/home/student/ros2_ws/install/acs6121_team08_2025/bin'
[26.484s] INFO:colcon.colcon_core.shell:Creating package script '/home/student/ros2_ws/install/acs6121_team08_2025/share/acs6121_team08_2025/package.ps1'
[26.485s] INFO:colcon.colcon_core.shell:Creating package descriptor '/home/student/ros2_ws/install/acs6121_team08_2025/share/acs6121_team08_2025/package.dsv'
[26.493s] INFO:colcon.colcon_core.shell:Creating package script '/home/student/ros2_ws/install/acs6121_team08_2025/share/acs6121_team08_2025/package.sh'
[26.496s] INFO:colcon.colcon_core.shell:Creating package script '/home/student/ros2_ws/install/acs6121_team08_2025/share/acs6121_team08_2025/package.bash'
[26.497s] INFO:colcon.colcon_core.shell:Creating package script '/home/student/ros2_ws/install/acs6121_team08_2025/share/acs6121_team08_2025/package.zsh'
[26.498s] Level 1:colcon.colcon_core.environment:create_file_with_runtime_dependencies(/home/student/ros2_ws/install/acs6121_team08_2025/share/colcon-core/packages/acs6121_team08_2025)
[35.185s] DEBUG:colcon.colcon_core.event_handler.log_command:Invoked command in '/home/student/ros2_ws/build/part1_pubsub' returned '0': CMAKE_PREFIX_PATH=${CMAKE_PREFIX_PATH}:/opt/ros/humble /usr/bin/cmake --build /home/student/ros2_ws/build/part1_pubsub -- -j12 -l12
[35.186s] DEBUG:colcon.colcon_core.event_handler.log_command:Invoking command in '/home/student/ros2_ws/build/part1_pubsub': CMAKE_PREFIX_PATH=${CMAKE_PREFIX_PATH}:/opt/ros/humble /usr/bin/cmake --install /home/student/ros2_ws/build/part1_pubsub
[36.738s] Level 1:colcon.colcon_core.environment:create_environment_scripts_only(part1_pubsub)
[36.739s] Level 1:colcon.colcon_core.environment:checking '/home/student/ros2_ws/install/part1_pubsub' for CMake module files
[36.739s] DEBUG:colcon.colcon_core.event_handler.log_command:Invoked command in '/home/student/ros2_ws/build/part1_pubsub' returned '0': CMAKE_PREFIX_PATH=${CMAKE_PREFIX_PATH}:/opt/ros/humble /usr/bin/cmake --install /home/student/ros2_ws/build/part1_pubsub
[36.740s] Level 1:colcon.colcon_core.environment:checking '/home/student/ros2_ws/install/part1_pubsub' for CMake config files
[36.741s] Level 1:colcon.colcon_core.shell:create_environment_hook('part1_pubsub', 'cmake_prefix_path')
[36.741s] INFO:colcon.colcon_core.shell:Creating environment hook '/home/student/ros2_ws/install/part1_pubsub/share/part1_pubsub/hook/cmake_prefix_path.ps1'
[36.742s] INFO:colcon.colcon_core.shell:Creating environment descriptor '/home/student/ros2_ws/install/part1_pubsub/share/part1_pubsub/hook/cmake_prefix_path.dsv'
[36.743s] INFO:colcon.colcon_core.shell:Creating environment hook '/home/student/ros2_ws/install/part1_pubsub/share/part1_pubsub/hook/cmake_prefix_path.sh'
[36.743s] Level 1:colcon.colcon_core.environment:checking '/home/student/ros2_ws/install/part1_pubsub/lib'
[36.743s] Level 1:colcon.colcon_core.shell:create_environment_hook('part1_pubsub', 'ld_library_path_lib')
[36.744s] INFO:colcon.colcon_core.shell:Creating environment hook '/home/student/ros2_ws/install/part1_pubsub/share/part1_pubsub/hook/ld_library_path_lib.ps1'
[36.745s] INFO:colcon.colcon_core.shell:Creating environment descriptor '/home/student/ros2_ws/install/part1_pubsub/share/part1_pubsub/hook/ld_library_path_lib.dsv'
[36.746s] INFO:colcon.colcon_core.shell:Creating environment hook '/home/student/ros2_ws/install/part1_pubsub/share/part1_pubsub/hook/ld_library_path_lib.sh'
[36.746s] Level 1:colcon.colcon_core.environment:checking '/home/student/ros2_ws/install/part1_pubsub/bin'
[36.746s] Level 1:colcon.colcon_core.environment:checking '/home/student/ros2_ws/install/part1_pubsub/lib/pkgconfig/part1_pubsub.pc'
[36.747s] Level 1:colcon.colcon_core.environment:checking '/home/student/ros2_ws/install/part1_pubsub/lib/python3.10/site-packages'
[36.747s] Level 1:colcon.colcon_core.environment:checking '/home/student/ros2_ws/install/part1_pubsub/bin'
[36.748s] INFO:colcon.colcon_core.shell:Creating package script '/home/student/ros2_ws/install/part1_pubsub/share/part1_pubsub/package.ps1'
[36.748s] INFO:colcon.colcon_core.shell:Creating package descriptor '/home/student/ros2_ws/install/part1_pubsub/share/part1_pubsub/package.dsv'
[36.749s] INFO:colcon.colcon_core.shell:Creating package script '/home/student/ros2_ws/install/part1_pubsub/share/part1_pubsub/package.sh'
[36.750s] INFO:colcon.colcon_core.shell:Creating package script '/home/student/ros2_ws/install/part1_pubsub/share/part1_pubsub/package.bash'
[36.751s] INFO:colcon.colcon_core.shell:Creating package script '/home/student/ros2_ws/install/part1_pubsub/share/part1_pubsub/package.zsh'
[36.751s] Level 1:colcon.colcon_core.environment:create_file_with_runtime_dependencies(/home/student/ros2_ws/install/part1_pubsub/share/colcon-core/packages/part1_pubsub)
[36.752s] Level 1:colcon.colcon_core.environment:create_environment_scripts_only(part1_pubsub)
[36.753s] Level 1:colcon.colcon_core.environment:checking '/home/student/ros2_ws/install/part1_pubsub' for CMake module files
[36.754s] Level 1:colcon.colcon_core.environment:checking '/home/student/ros2_ws/install/part1_pubsub' for CMake config files
[36.755s] Level 1:colcon.colcon_core.shell:create_environment_hook('part1_pubsub', 'cmake_prefix_path')
[36.756s] INFO:colcon.colcon_core.shell:Creating environment hook '/home/student/ros2_ws/install/part1_pubsub/share/part1_pubsub/hook/cmake_prefix_path.ps1'
[36.758s] INFO:colcon.colcon_core.shell:Creating environment descriptor '/home/student/ros2_ws/install/part1_pubsub/share/part1_pubsub/hook/cmake_prefix_path.dsv'
[36.758s] INFO:colcon.colcon_core.shell:Creating environment hook '/home/student/ros2_ws/install/part1_pubsub/share/part1_pubsub/hook/cmake_prefix_path.sh'
[36.759s] Level 1:colcon.colcon_core.environment:checking '/home/student/ros2_ws/install/part1_pubsub/lib'
[36.759s] Level 1:colcon.colcon_core.shell:create_environment_hook('part1_pubsub', 'ld_library_path_lib')
[36.769s] INFO:colcon.colcon_core.shell:Creating environment hook '/home/student/ros2_ws/install/part1_pubsub/share/part1_pubsub/hook/ld_library_path_lib.ps1'
[36.779s] INFO:colcon.colcon_core.shell:Creating environment descriptor '/home/student/ros2_ws/install/part1_pubsub/share/part1_pubsub/hook/ld_library_path_lib.dsv'
[36.785s] INFO:colcon.colcon_core.shell:Creating environment hook '/home/student/ros2_ws/install/part1_pubsub/share/part1_pubsub/hook/ld_library_path_lib.sh'
[36.790s] Level 1:colcon.colcon_core.environment:checking '/home/student/ros2_ws/install/part1_pubsub/bin'
[36.791s] Level 1:colcon.colcon_core.environment:checking '/home/student/ros2_ws/install/part1_pubsub/lib/pkgconfig/part1_pubsub.pc'
[36.793s] Level 1:colcon.colcon_core.environment:checking '/home/student/ros2_ws/install/part1_pubsub/lib/python3.10/site-packages'
[36.795s] Level 1:colcon.colcon_core.environment:checking '/home/student/ros2_ws/install/part1_pubsub/bin'
[36.797s] INFO:colcon.colcon_core.shell:Creating package script '/home/student/ros2_ws/install/part1_pubsub/share/part1_pubsub/package.ps1'
[36.798s] INFO:colcon.colcon_core.shell:Creating package descriptor '/home/student/ros2_ws/install/part1_pubsub/share/part1_pubsub/package.dsv'
[36.799s] INFO:colcon.colcon_core.shell:Creating package script '/home/student/ros2_ws/install/part1_pubsub/share/part1_pubsub/package.sh'
[36.799s] INFO:colcon.colcon_core.shell:Creating package script '/home/student/ros2_ws/install/part1_pubsub/share/part1_pubsub/package.bash'
[36.800s] INFO:colcon.colcon_core.shell:Creating package script '/home/student/ros2_ws/install/part1_pubsub/share/part1_pubsub/package.zsh'
[36.802s] Level 1:colcon.colcon_core.environment:create_file_with_runtime_dependencies(/home/student/ros2_ws/install/part1_pubsub/share/colcon-core/packages/part1_pubsub)
[39.137s] DEBUG:colcon.colcon_core.event_handler.log_command:Invoked command in '/home/student/ros2_ws/build/tuos_interfaces' returned '0': CMAKE_PREFIX_PATH=${CMAKE_PREFIX_PATH}:/opt/ros/humble /usr/bin/cmake --build /home/student/ros2_ws/build/tuos_interfaces -- -j12 -l12
[39.139s] DEBUG:colcon.colcon_core.event_handler.log_command:Invoking command in '/home/student/ros2_ws/build/tuos_interfaces': CMAKE_PREFIX_PATH=${CMAKE_PREFIX_PATH}:/opt/ros/humble /usr/bin/cmake --install /home/student/ros2_ws/build/tuos_interfaces
[40.859s] Level 1:colcon.colcon_core.environment:create_environment_scripts_only(tuos_interfaces)
[40.860s] Level 1:colcon.colcon_core.environment:checking '/home/student/ros2_ws/install/tuos_interfaces' for CMake module files
[40.860s] DEBUG:colcon.colcon_core.event_handler.log_command:Invoked command in '/home/student/ros2_ws/build/tuos_interfaces' returned '0': CMAKE_PREFIX_PATH=${CMAKE_PREFIX_PATH}:/opt/ros/humble /usr/bin/cmake --install /home/student/ros2_ws/build/tuos_interfaces
[40.862s] Level 1:colcon.colcon_core.environment:checking '/home/student/ros2_ws/install/tuos_interfaces' for CMake config files
[40.863s] Level 1:colcon.colcon_core.shell:create_environment_hook('tuos_interfaces', 'cmake_prefix_path')
[40.863s] INFO:colcon.colcon_core.shell:Creating environment hook '/home/student/ros2_ws/install/tuos_interfaces/share/tuos_interfaces/hook/cmake_prefix_path.ps1'
[40.864s] INFO:colcon.colcon_core.shell:Creating environment descriptor '/home/student/ros2_ws/install/tuos_interfaces/share/tuos_interfaces/hook/cmake_prefix_path.dsv'
[40.865s] INFO:colcon.colcon_core.shell:Creating environment hook '/home/student/ros2_ws/install/tuos_interfaces/share/tuos_interfaces/hook/cmake_prefix_path.sh'
[40.865s] Level 1:colcon.colcon_core.environment:checking '/home/student/ros2_ws/install/tuos_interfaces/lib'
[40.866s] Level 1:colcon.colcon_core.shell:create_environment_hook('tuos_interfaces', 'ld_library_path_lib')
[40.866s] INFO:colcon.colcon_core.shell:Creating environment hook '/home/student/ros2_ws/install/tuos_interfaces/share/tuos_interfaces/hook/ld_library_path_lib.ps1'
[40.866s] INFO:colcon.colcon_core.shell:Creating environment descriptor '/home/student/ros2_ws/install/tuos_interfaces/share/tuos_interfaces/hook/ld_library_path_lib.dsv'
[40.867s] INFO:colcon.colcon_core.shell:Creating environment hook '/home/student/ros2_ws/install/tuos_interfaces/share/tuos_interfaces/hook/ld_library_path_lib.sh'
[40.867s] Level 1:colcon.colcon_core.environment:checking '/home/student/ros2_ws/install/tuos_interfaces/bin'
[40.867s] Level 1:colcon.colcon_core.environment:checking '/home/student/ros2_ws/install/tuos_interfaces/lib/pkgconfig/tuos_interfaces.pc'
[40.868s] Level 1:colcon.colcon_core.environment:checking '/home/student/ros2_ws/install/tuos_interfaces/lib/python3.10/site-packages'
[40.868s] Level 1:colcon.colcon_core.environment:checking '/home/student/ros2_ws/install/tuos_interfaces/bin'
[40.868s] INFO:colcon.colcon_core.shell:Creating package script '/home/student/ros2_ws/install/tuos_interfaces/share/tuos_interfaces/package.ps1'
[40.869s] INFO:colcon.colcon_core.shell:Creating package descriptor '/home/student/ros2_ws/install/tuos_interfaces/share/tuos_interfaces/package.dsv'
[40.870s] INFO:colcon.colcon_core.shell:Creating package script '/home/student/ros2_ws/install/tuos_interfaces/share/tuos_interfaces/package.sh'
[40.870s] INFO:colcon.colcon_core.shell:Creating package script '/home/student/ros2_ws/install/tuos_interfaces/share/tuos_interfaces/package.bash'
[40.871s] INFO:colcon.colcon_core.shell:Creating package script '/home/student/ros2_ws/install/tuos_interfaces/share/tuos_interfaces/package.zsh'
[40.871s] Level 1:colcon.colcon_core.environment:create_file_with_runtime_dependencies(/home/student/ros2_ws/install/tuos_interfaces/share/colcon-core/packages/tuos_interfaces)
[40.872s] Level 1:colcon.colcon_core.environment:create_environment_scripts_only(tuos_interfaces)
[40.873s] Level 1:colcon.colcon_core.environment:checking '/home/student/ros2_ws/install/tuos_interfaces' for CMake module files
[40.873s] Level 1:colcon.colcon_core.environment:checking '/home/student/ros2_ws/install/tuos_interfaces' for CMake config files
[40.874s] Level 1:colcon.colcon_core.shell:create_environment_hook('tuos_interfaces', 'cmake_prefix_path')
[40.874s] INFO:colcon.colcon_core.shell:Creating environment hook '/home/student/ros2_ws/install/tuos_interfaces/share/tuos_interfaces/hook/cmake_prefix_path.ps1'
[40.875s] INFO:colcon.colcon_core.shell:Creating environment descriptor '/home/student/ros2_ws/install/tuos_interfaces/share/tuos_interfaces/hook/cmake_prefix_path.dsv'
[40.875s] INFO:colcon.colcon_core.shell:Creating environment hook '/home/student/ros2_ws/install/tuos_interfaces/share/tuos_interfaces/hook/cmake_prefix_path.sh'
[40.877s] Level 1:colcon.colcon_core.environment:checking '/home/student/ros2_ws/install/tuos_interfaces/lib'
[40.877s] Level 1:colcon.colcon_core.shell:create_environment_hook('tuos_interfaces', 'ld_library_path_lib')
[40.877s] INFO:colcon.colcon_core.shell:Creating environment hook '/home/student/ros2_ws/install/tuos_interfaces/share/tuos_interfaces/hook/ld_library_path_lib.ps1'
[40.877s] INFO:colcon.colcon_core.shell:Creating environment descriptor '/home/student/ros2_ws/install/tuos_interfaces/share/tuos_interfaces/hook/ld_library_path_lib.dsv'
[40.878s] INFO:colcon.colcon_core.shell:Creating environment hook '/home/student/ros2_ws/install/tuos_interfaces/share/tuos_interfaces/hook/ld_library_path_lib.sh'
[40.878s] Level 1:colcon.colcon_core.environment:checking '/home/student/ros2_ws/install/tuos_interfaces/bin'
[40.878s] Level 1:colcon.colcon_core.environment:checking '/home/student/ros2_ws/install/tuos_interfaces/lib/pkgconfig/tuos_interfaces.pc'
[40.879s] Level 1:colcon.colcon_core.environment:checking '/home/student/ros2_ws/install/tuos_interfaces/lib/python3.10/site-packages'
[40.879s] Level 1:colcon.colcon_core.environment:checking '/home/student/ros2_ws/install/tuos_interfaces/bin'
[40.879s] INFO:colcon.colcon_core.shell:Creating package script '/home/student/ros2_ws/install/tuos_interfaces/share/tuos_interfaces/package.ps1'
[40.880s] INFO:colcon.colcon_core.shell:Creating package descriptor '/home/student/ros2_ws/install/tuos_interfaces/share/tuos_interfaces/package.dsv'
[40.881s] INFO:colcon.colcon_core.shell:Creating package script '/home/student/ros2_ws/install/tuos_interfaces/share/tuos_interfaces/package.sh'
[40.881s] INFO:colcon.colcon_core.shell:Creating package script '/home/student/ros2_ws/install/tuos_interfaces/share/tuos_interfaces/package.bash'
[40.882s] INFO:colcon.colcon_core.shell:Creating package script '/home/student/ros2_ws/install/tuos_interfaces/share/tuos_interfaces/package.zsh'
[40.882s] Level 1:colcon.colcon_core.environment:create_file_with_runtime_dependencies(/home/student/ros2_ws/install/tuos_interfaces/share/colcon-core/packages/tuos_interfaces)
[40.883s] INFO:colcon.colcon_ros.task.ament_cmake.build:Building ROS package in '/home/student/ros2_ws/src/tuos_ros/tuos_ros' with build type 'ament_cmake'
[40.883s] INFO:colcon.colcon_cmake.task.cmake.build:Building CMake package in '/home/student/ros2_ws/src/tuos_ros/tuos_ros'
[40.883s] INFO:colcon.colcon_core.shell:Skip shell extension 'powershell' for command environment: Not usable outside of PowerShell
[40.883s] DEBUG:colcon.colcon_core.shell:Skip shell extension 'dsv' for command environment
[41.320s] DEBUG:colcon.colcon_core.event_handler.log_command:Invoking command in '/home/student/ros2_ws/build/tuos_ros': CMAKE_PREFIX_PATH=/home/student/ros2_ws/install/com2009_simulations:/home/student/ros2_ws/install/tuos_tb3_tools:/home/student/ros2_ws/install/tuos_simulations:/home/student/ros2_ws/install/tuos_interfaces:/home/student/ros2_ws/install/tuos_examples:/home/student/ros2_ws/install/acs6121_team08_2025:/home/student/ros2_ws/install/tuos_ros:/home/student/ros2_ws/install/part3_beyond_basics:/home/student/ros2_ws/install/part2_navigation:/home/student/ros2_ws/install/part1_pubsub:/opt/ros/humble LD_LIBRARY_PATH=/home/student/ros2_ws/install/tuos_interfaces/lib:/home/student/ros2_ws/install/part1_pubsub/lib:/usr/lib/x86_64-linux-gnu/gazebo-11/plugins:/opt/ros/humble/opt/rviz_ogre_vendor/lib:/opt/ros/humble/lib/x86_64-linux-gnu:/opt/ros/humble/lib:/usr/share/gazebo/../../lib/x86_64-linux-gnu/gazebo-11/plugins:/usr/share/gazebo/../../lib/x86_64-linux-gnu/gazebo-11/plugins:/usr/share/gazebo/../../lib/x86_64-linux-gnu/gazebo-11/plugins:/usr/share/gazebo/../../lib/x86_64-linux-gnu/gazebo-11/plugins:/usr/share/gazebo/../../lib/x86_64-linux-gnu/gazebo-11/plugins:/usr/share/gazebo/../../lib/x86_64-linux-gnu/gazebo-11/plugins:/usr/share/gazebo/../../lib/x86_64-linux-gnu/gazebo-11/plugins:/usr/share/gazebo/../../lib/x86_64-linux-gnu/gazebo-11/plugins:/usr/share/gazebo/../../lib/x86_64-linux-gnu/gazebo-11/plugins:/usr/share/gazebo/../../lib/x86_64-linux-gnu/gazebo-11/plugins:/usr/share/gazebo/../../lib/x86_64-linux-gnu/gazebo-11/plugins:/usr/share/gazebo/../../lib/x86_64-linux-gnu/gazebo-11/plugins:/usr/share/gazebo/../../lib/x86_64-linux-gnu/gazebo-11/plugins:/usr/share/gazebo/../../lib/x86_64-linux-gnu/gazebo-11/plugins:/usr/share/gazebo/../../lib/x86_64-linux-gnu/gazebo-11/plugins:/usr/share/gazebo/../../lib/x86_64-linux-gnu/gazebo-11/plugins:/usr/share/gazebo/../../lib/x86_64-linux-gnu/gazebo-11/plugins:/usr/share/gazebo/../../lib/x86_64-linux-gnu/gazebo-11/plugins:/usr/share/gazebo/../../lib/x86_64-linux-gnu/gazebo-11/plugins:/usr/share/gazebo/../../lib/x86_64-linux-gnu/gazebo-11/plugins:/usr/share/gazebo/../../lib/x86_64-linux-gnu/gazebo-11/plugins:/usr/share/gazebo/../../lib/x86_64-linux-gnu/gazebo-11/plugins:/usr/share/gazebo/../../lib/x86_64-linux-gnu/gazebo-11/plugins:/usr/share/gazebo/../../lib/x86_64-linux-gnu/gazebo-11/plugins:/usr/share/gazebo/../../lib/x86_64-linux-gnu/gazebo-11/plugins:/usr/share/gazebo/../../lib/x86_64-linux-gnu/gazebo-11/plugins:/usr/share/gazebo/../../lib/x86_64-linux-gnu/gazebo-11/plugins:/usr/share/gazebo/../../lib/x86_64-linux-gnu/gazebo-11/plugins /usr/bin/cmake /home/student/ros2_ws/src/tuos_ros/tuos_ros -DAMENT_CMAKE_SYMLINK_INSTALL=1 -DCMAKE_INSTALL_PREFIX=/home/student/ros2_ws/install/tuos_ros
[43.740s] DEBUG:colcon.colcon_core.event_handler.log_command:Invoked command in '/home/student/ros2_ws/build/tuos_ros' returned '0': CMAKE_PREFIX_PATH=/home/student/ros2_ws/install/com2009_simulations:/home/student/ros2_ws/install/tuos_tb3_tools:/home/student/ros2_ws/install/tuos_simulations:/home/student/ros2_ws/install/tuos_interfaces:/home/student/ros2_ws/install/tuos_examples:/home/student/ros2_ws/install/acs6121_team08_2025:/home/student/ros2_ws/install/tuos_ros:/home/student/ros2_ws/install/part3_beyond_basics:/home/student/ros2_ws/install/part2_navigation:/home/student/ros2_ws/install/part1_pubsub:/opt/ros/humble LD_LIBRARY_PATH=/home/student/ros2_ws/install/tuos_interfaces/lib:/home/student/ros2_ws/install/part1_pubsub/lib:/usr/lib/x86_64-linux-gnu/gazebo-11/plugins:/opt/ros/humble/opt/rviz_ogre_vendor/lib:/opt/ros/humble/lib/x86_64-linux-gnu:/opt/ros/humble/lib:/usr/share/gazebo/../../lib/x86_64-linux-gnu/gazebo-11/plugins:/usr/share/gazebo/../../lib/x86_64-linux-gnu/gazebo-11/plugins:/usr/share/gazebo/../../lib/x86_64-linux-gnu/gazebo-11/plugins:/usr/share/gazebo/../../lib/x86_64-linux-gnu/gazebo-11/plugins:/usr/share/gazebo/../../lib/x86_64-linux-gnu/gazebo-11/plugins:/usr/share/gazebo/../../lib/x86_64-linux-gnu/gazebo-11/plugins:/usr/share/gazebo/../../lib/x86_64-linux-gnu/gazebo-11/plugins:/usr/share/gazebo/../../lib/x86_64-linux-gnu/gazebo-11/plugins:/usr/share/gazebo/../../lib/x86_64-linux-gnu/gazebo-11/plugins:/usr/share/gazebo/../../lib/x86_64-linux-gnu/gazebo-11/plugins:/usr/share/gazebo/../../lib/x86_64-linux-gnu/gazebo-11/plugins:/usr/share/gazebo/../../lib/x86_64-linux-gnu/gazebo-11/plugins:/usr/share/gazebo/../../lib/x86_64-linux-gnu/gazebo-11/plugins:/usr/share/gazebo/../../lib/x86_64-linux-gnu/gazebo-11/plugins:/usr/share/gazebo/../../lib/x86_64-linux-gnu/gazebo-11/plugins:/usr/share/gazebo/../../lib/x86_64-linux-gnu/gazebo-11/plugins:/usr/share/gazebo/../../lib/x86_64-linux-gnu/gazebo-11/plugins:/usr/share/gazebo/../../lib/x86_64-linux-gnu/gazebo-11/plugins:/usr/share/gazebo/../../lib/x86_64-linux-gnu/gazebo-11/plugins:/usr/share/gazebo/../../lib/x86_64-linux-gnu/gazebo-11/plugins:/usr/share/gazebo/../../lib/x86_64-linux-gnu/gazebo-11/plugins:/usr/share/gazebo/../../lib/x86_64-linux-gnu/gazebo-11/plugins:/usr/share/gazebo/../../lib/x86_64-linux-gnu/gazebo-11/plugins:/usr/share/gazebo/../../lib/x86_64-linux-gnu/gazebo-11/plugins:/usr/share/gazebo/../../lib/x86_64-linux-gnu/gazebo-11/plugins:/usr/share/gazebo/../../lib/x86_64-linux-gnu/gazebo-11/plugins:/usr/share/gazebo/../../lib/x86_64-linux-gnu/gazebo-11/plugins:/usr/share/gazebo/../../lib/x86_64-linux-gnu/gazebo-11/plugins /usr/bin/cmake /home/student/ros2_ws/src/tuos_ros/tuos_ros -DAMENT_CMAKE_SYMLINK_INSTALL=1 -DCMAKE_INSTALL_PREFIX=/home/student/ros2_ws/install/tuos_ros
[43.741s] DEBUG:colcon.colcon_core.event_handler.log_command:Invoking command in '/home/student/ros2_ws/build/tuos_ros': CMAKE_PREFIX_PATH=/home/student/ros2_ws/install/com2009_simulations:/home/student/ros2_ws/install/tuos_tb3_tools:/home/student/ros2_ws/install/tuos_simulations:/home/student/ros2_ws/install/tuos_interfaces:/home/student/ros2_ws/install/tuos_examples:/home/student/ros2_ws/install/acs6121_team08_2025:/home/student/ros2_ws/install/tuos_ros:/home/student/ros2_ws/install/part3_beyond_basics:/home/student/ros2_ws/install/part2_navigation:/home/student/ros2_ws/install/part1_pubsub:/opt/ros/humble LD_LIBRARY_PATH=/home/student/ros2_ws/install/tuos_interfaces/lib:/home/student/ros2_ws/install/part1_pubsub/lib:/usr/lib/x86_64-linux-gnu/gazebo-11/plugins:/opt/ros/humble/opt/rviz_ogre_vendor/lib:/opt/ros/humble/lib/x86_64-linux-gnu:/opt/ros/humble/lib:/usr/share/gazebo/../../lib/x86_64-linux-gnu/gazebo-11/plugins:/usr/share/gazebo/../../lib/x86_64-linux-gnu/gazebo-11/plugins:/usr/share/gazebo/../../lib/x86_64-linux-gnu/gazebo-11/plugins:/usr/share/gazebo/../../lib/x86_64-linux-gnu/gazebo-11/plugins:/usr/share/gazebo/../../lib/x86_64-linux-gnu/gazebo-11/plugins:/usr/share/gazebo/../../lib/x86_64-linux-gnu/gazebo-11/plugins:/usr/share/gazebo/../../lib/x86_64-linux-gnu/gazebo-11/plugins:/usr/share/gazebo/../../lib/x86_64-linux-gnu/gazebo-11/plugins:/usr/share/gazebo/../../lib/x86_64-linux-gnu/gazebo-11/plugins:/usr/share/gazebo/../../lib/x86_64-linux-gnu/gazebo-11/plugins:/usr/share/gazebo/../../lib/x86_64-linux-gnu/gazebo-11/plugins:/usr/share/gazebo/../../lib/x86_64-linux-gnu/gazebo-11/plugins:/usr/share/gazebo/../../lib/x86_64-linux-gnu/gazebo-11/plugins:/usr/share/gazebo/../../lib/x86_64-linux-gnu/gazebo-11/plugins:/usr/share/gazebo/../../lib/x86_64-linux-gnu/gazebo-11/plugins:/usr/share/gazebo/../../lib/x86_64-linux-gnu/gazebo-11/plugins:/usr/share/gazebo/../../lib/x86_64-linux-gnu/gazebo-11/plugins:/usr/share/gazebo/../../lib/x86_64-linux-gnu/gazebo-11/plugins:/usr/share/gazebo/../../lib/x86_64-linux-gnu/gazebo-11/plugins:/usr/share/gazebo/../../lib/x86_64-linux-gnu/gazebo-11/plugins:/usr/share/gazebo/../../lib/x86_64-linux-gnu/gazebo-11/plugins:/usr/share/gazebo/../../lib/x86_64-linux-gnu/gazebo-11/plugins:/usr/share/gazebo/../../lib/x86_64-linux-gnu/gazebo-11/plugins:/usr/share/gazebo/../../lib/x86_64-linux-gnu/gazebo-11/plugins:/usr/share/gazebo/../../lib/x86_64-linux-gnu/gazebo-11/plugins:/usr/share/gazebo/../../lib/x86_64-linux-gnu/gazebo-11/plugins:/usr/share/gazebo/../../lib/x86_64-linux-gnu/gazebo-11/plugins:/usr/share/gazebo/../../lib/x86_64-linux-gnu/gazebo-11/plugins /usr/bin/cmake --build /home/student/ros2_ws/build/tuos_ros -- -j12 -l12
[43.800s] DEBUG:colcon.colcon_core.event_handler.log_command:Invoked command in '/home/student/ros2_ws/build/tuos_ros' returned '0': CMAKE_PREFIX_PATH=/home/student/ros2_ws/install/com2009_simulations:/home/student/ros2_ws/install/tuos_tb3_tools:/home/student/ros2_ws/install/tuos_simulations:/home/student/ros2_ws/install/tuos_interfaces:/home/student/ros2_ws/install/tuos_examples:/home/student/ros2_ws/install/acs6121_team08_2025:/home/student/ros2_ws/install/tuos_ros:/home/student/ros2_ws/install/part3_beyond_basics:/home/student/ros2_ws/install/part2_navigation:/home/student/ros2_ws/install/part1_pubsub:/opt/ros/humble LD_LIBRARY_PATH=/home/student/ros2_ws/install/tuos_interfaces/lib:/home/student/ros2_ws/install/part1_pubsub/lib:/usr/lib/x86_64-linux-gnu/gazebo-11/plugins:/opt/ros/humble/opt/rviz_ogre_vendor/lib:/opt/ros/humble/lib/x86_64-linux-gnu:/opt/ros/humble/lib:/usr/share/gazebo/../../lib/x86_64-linux-gnu/gazebo-11/plugins:/usr/share/gazebo/../../lib/x86_64-linux-gnu/gazebo-11/plugins:/usr/share/gazebo/../../lib/x86_64-linux-gnu/gazebo-11/plugins:/usr/share/gazebo/../../lib/x86_64-linux-gnu/gazebo-11/plugins:/usr/share/gazebo/../../lib/x86_64-linux-gnu/gazebo-11/plugins:/usr/share/gazebo/../../lib/x86_64-linux-gnu/gazebo-11/plugins:/usr/share/gazebo/../../lib/x86_64-linux-gnu/gazebo-11/plugins:/usr/share/gazebo/../../lib/x86_64-linux-gnu/gazebo-11/plugins:/usr/share/gazebo/../../lib/x86_64-linux-gnu/gazebo-11/plugins:/usr/share/gazebo/../../lib/x86_64-linux-gnu/gazebo-11/plugins:/usr/share/gazebo/../../lib/x86_64-linux-gnu/gazebo-11/plugins:/usr/share/gazebo/../../lib/x86_64-linux-gnu/gazebo-11/plugins:/usr/share/gazebo/../../lib/x86_64-linux-gnu/gazebo-11/plugins:/usr/share/gazebo/../../lib/x86_64-linux-gnu/gazebo-11/plugins:/usr/share/gazebo/../../lib/x86_64-linux-gnu/gazebo-11/plugins:/usr/share/gazebo/../../lib/x86_64-linux-gnu/gazebo-11/plugins:/usr/share/gazebo/../../lib/x86_64-linux-gnu/gazebo-11/plugins:/usr/share/gazebo/../../lib/x86_64-linux-gnu/gazebo-11/plugins:/usr/share/gazebo/../../lib/x86_64-linux-gnu/gazebo-11/plugins:/usr/share/gazebo/../../lib/x86_64-linux-gnu/gazebo-11/plugins:/usr/share/gazebo/../../lib/x86_64-linux-gnu/gazebo-11/plugins:/usr/share/gazebo/../../lib/x86_64-linux-gnu/gazebo-11/plugins:/usr/share/gazebo/../../lib/x86_64-linux-gnu/gazebo-11/plugins:/usr/share/gazebo/../../lib/x86_64-linux-gnu/gazebo-11/plugins:/usr/share/gazebo/../../lib/x86_64-linux-gnu/gazebo-11/plugins:/usr/share/gazebo/../../lib/x86_64-linux-gnu/gazebo-11/plugins:/usr/share/gazebo/../../lib/x86_64-linux-gnu/gazebo-11/plugins:/usr/share/gazebo/../../lib/x86_64-linux-gnu/gazebo-11/plugins /usr/bin/cmake --build /home/student/ros2_ws/build/tuos_ros -- -j12 -l12
[43.801s] DEBUG:colcon.colcon_core.event_handler.log_command:Invoking command in '/home/student/ros2_ws/build/tuos_ros': CMAKE_PREFIX_PATH=/home/student/ros2_ws/install/com2009_simulations:/home/student/ros2_ws/install/tuos_tb3_tools:/home/student/ros2_ws/install/tuos_simulations:/home/student/ros2_ws/install/tuos_interfaces:/home/student/ros2_ws/install/tuos_examples:/home/student/ros2_ws/install/acs6121_team08_2025:/home/student/ros2_ws/install/tuos_ros:/home/student/ros2_ws/install/part3_beyond_basics:/home/student/ros2_ws/install/part2_navigation:/home/student/ros2_ws/install/part1_pubsub:/opt/ros/humble LD_LIBRARY_PATH=/home/student/ros2_ws/install/tuos_interfaces/lib:/home/student/ros2_ws/install/part1_pubsub/lib:/usr/lib/x86_64-linux-gnu/gazebo-11/plugins:/opt/ros/humble/opt/rviz_ogre_vendor/lib:/opt/ros/humble/lib/x86_64-linux-gnu:/opt/ros/humble/lib:/usr/share/gazebo/../../lib/x86_64-linux-gnu/gazebo-11/plugins:/usr/share/gazebo/../../lib/x86_64-linux-gnu/gazebo-11/plugins:/usr/share/gazebo/../../lib/x86_64-linux-gnu/gazebo-11/plugins:/usr/share/gazebo/../../lib/x86_64-linux-gnu/gazebo-11/plugins:/usr/share/gazebo/../../lib/x86_64-linux-gnu/gazebo-11/plugins:/usr/share/gazebo/../../lib/x86_64-linux-gnu/gazebo-11/plugins:/usr/share/gazebo/../../lib/x86_64-linux-gnu/gazebo-11/plugins:/usr/share/gazebo/../../lib/x86_64-linux-gnu/gazebo-11/plugins:/usr/share/gazebo/../../lib/x86_64-linux-gnu/gazebo-11/plugins:/usr/share/gazebo/../../lib/x86_64-linux-gnu/gazebo-11/plugins:/usr/share/gazebo/../../lib/x86_64-linux-gnu/gazebo-11/plugins:/usr/share/gazebo/../../lib/x86_64-linux-gnu/gazebo-11/plugins:/usr/share/gazebo/../../lib/x86_64-linux-gnu/gazebo-11/plugins:/usr/share/gazebo/../../lib/x86_64-linux-gnu/gazebo-11/plugins:/usr/share/gazebo/../../lib/x86_64-linux-gnu/gazebo-11/plugins:/usr/share/gazebo/../../lib/x86_64-linux-gnu/gazebo-11/plugins:/usr/share/gazebo/../../lib/x86_64-linux-gnu/gazebo-11/plugins:/usr/share/gazebo/../../lib/x86_64-linux-gnu/gazebo-11/plugins:/usr/share/gazebo/../../lib/x86_64-linux-gnu/gazebo-11/plugins:/usr/share/gazebo/../../lib/x86_64-linux-gnu/gazebo-11/plugins:/usr/share/gazebo/../../lib/x86_64-linux-gnu/gazebo-11/plugins:/usr/share/gazebo/../../lib/x86_64-linux-gnu/gazebo-11/plugins:/usr/share/gazebo/../../lib/x86_64-linux-gnu/gazebo-11/plugins:/usr/share/gazebo/../../lib/x86_64-linux-gnu/gazebo-11/plugins:/usr/share/gazebo/../../lib/x86_64-linux-gnu/gazebo-11/plugins:/usr/share/gazebo/../../lib/x86_64-linux-gnu/gazebo-11/plugins:/usr/share/gazebo/../../lib/x86_64-linux-gnu/gazebo-11/plugins:/usr/share/gazebo/../../lib/x86_64-linux-gnu/gazebo-11/plugins /usr/bin/cmake --install /home/student/ros2_ws/build/tuos_ros
[44.021s] Level 1:colcon.colcon_core.environment:create_environment_scripts_only(tuos_ros)
[44.021s] DEBUG:colcon.colcon_core.event_handler.log_command:Invoked command in '/home/student/ros2_ws/build/tuos_ros' returned '0': CMAKE_PREFIX_PATH=/home/student/ros2_ws/install/com2009_simulations:/home/student/ros2_ws/install/tuos_tb3_tools:/home/student/ros2_ws/install/tuos_simulations:/home/student/ros2_ws/install/tuos_interfaces:/home/student/ros2_ws/install/tuos_examples:/home/student/ros2_ws/install/acs6121_team08_2025:/home/student/ros2_ws/install/tuos_ros:/home/student/ros2_ws/install/part3_beyond_basics:/home/student/ros2_ws/install/part2_navigation:/home/student/ros2_ws/install/part1_pubsub:/opt/ros/humble LD_LIBRARY_PATH=/home/student/ros2_ws/install/tuos_interfaces/lib:/home/student/ros2_ws/install/part1_pubsub/lib:/usr/lib/x86_64-linux-gnu/gazebo-11/plugins:/opt/ros/humble/opt/rviz_ogre_vendor/lib:/opt/ros/humble/lib/x86_64-linux-gnu:/opt/ros/humble/lib:/usr/share/gazebo/../../lib/x86_64-linux-gnu/gazebo-11/plugins:/usr/share/gazebo/../../lib/x86_64-linux-gnu/gazebo-11/plugins:/usr/share/gazebo/../../lib/x86_64-linux-gnu/gazebo-11/plugins:/usr/share/gazebo/../../lib/x86_64-linux-gnu/gazebo-11/plugins:/usr/share/gazebo/../../lib/x86_64-linux-gnu/gazebo-11/plugins:/usr/share/gazebo/../../lib/x86_64-linux-gnu/gazebo-11/plugins:/usr/share/gazebo/../../lib/x86_64-linux-gnu/gazebo-11/plugins:/usr/share/gazebo/../../lib/x86_64-linux-gnu/gazebo-11/plugins:/usr/share/gazebo/../../lib/x86_64-linux-gnu/gazebo-11/plugins:/usr/share/gazebo/../../lib/x86_64-linux-gnu/gazebo-11/plugins:/usr/share/gazebo/../../lib/x86_64-linux-gnu/gazebo-11/plugins:/usr/share/gazebo/../../lib/x86_64-linux-gnu/gazebo-11/plugins:/usr/share/gazebo/../../lib/x86_64-linux-gnu/gazebo-11/plugins:/usr/share/gazebo/../../lib/x86_64-linux-gnu/gazebo-11/plugins:/usr/share/gazebo/../../lib/x86_64-linux-gnu/gazebo-11/plugins:/usr/share/gazebo/../../lib/x86_64-linux-gnu/gazebo-11/plugins:/usr/share/gazebo/../../lib/x86_64-linux-gnu/gazebo-11/plugins:/usr/share/gazebo/../../lib/x86_64-linux-gnu/gazebo-11/plugins:/usr/share/gazebo/../../lib/x86_64-linux-gnu/gazebo-11/plugins:/usr/share/gazebo/../../lib/x86_64-linux-gnu/gazebo-11/plugins:/usr/share/gazebo/../../lib/x86_64-linux-gnu/gazebo-11/plugins:/usr/share/gazebo/../../lib/x86_64-linux-gnu/gazebo-11/plugins:/usr/share/gazebo/../../lib/x86_64-linux-gnu/gazebo-11/plugins:/usr/share/gazebo/../../lib/x86_64-linux-gnu/gazebo-11/plugins:/usr/share/gazebo/../../lib/x86_64-linux-gnu/gazebo-11/plugins:/usr/share/gazebo/../../lib/x86_64-linux-gnu/gazebo-11/plugins:/usr/share/gazebo/../../lib/x86_64-linux-gnu/gazebo-11/plugins:/usr/share/gazebo/../../lib/x86_64-linux-gnu/gazebo-11/plugins /usr/bin/cmake --install /home/student/ros2_ws/build/tuos_ros
[44.022s] Level 1:colcon.colcon_core.environment:checking '/home/student/ros2_ws/install/tuos_ros' for CMake module files
[44.022s] Level 1:colcon.colcon_core.environment:checking '/home/student/ros2_ws/install/tuos_ros' for CMake config files
[44.023s] Level 1:colcon.colcon_core.shell:create_environment_hook('tuos_ros', 'cmake_prefix_path')
[44.023s] INFO:colcon.colcon_core.shell:Creating environment hook '/home/student/ros2_ws/install/tuos_ros/share/tuos_ros/hook/cmake_prefix_path.ps1'
[44.024s] INFO:colcon.colcon_core.shell:Creating environment descriptor '/home/student/ros2_ws/install/tuos_ros/share/tuos_ros/hook/cmake_prefix_path.dsv'
[44.024s] INFO:colcon.colcon_core.shell:Creating environment hook '/home/student/ros2_ws/install/tuos_ros/share/tuos_ros/hook/cmake_prefix_path.sh'
[44.025s] Level 1:colcon.colcon_core.environment:checking '/home/student/ros2_ws/install/tuos_ros/bin'
[44.025s] Level 1:colcon.colcon_core.environment:checking '/home/student/ros2_ws/install/tuos_ros/lib/pkgconfig/tuos_ros.pc'
[44.025s] Level 1:colcon.colcon_core.environment:checking '/home/student/ros2_ws/install/tuos_ros/lib/python3.10/site-packages'
[44.025s] Level 1:colcon.colcon_core.environment:checking '/home/student/ros2_ws/install/tuos_ros/bin'
[44.026s] INFO:colcon.colcon_core.shell:Creating package script '/home/student/ros2_ws/install/tuos_ros/share/tuos_ros/package.ps1'
[44.026s] INFO:colcon.colcon_core.shell:Creating package descriptor '/home/student/ros2_ws/install/tuos_ros/share/tuos_ros/package.dsv'
[44.027s] INFO:colcon.colcon_core.shell:Creating package script '/home/student/ros2_ws/install/tuos_ros/share/tuos_ros/package.sh'
[44.027s] INFO:colcon.colcon_core.shell:Creating package script '/home/student/ros2_ws/install/tuos_ros/share/tuos_ros/package.bash'
[44.027s] INFO:colcon.colcon_core.shell:Creating package script '/home/student/ros2_ws/install/tuos_ros/share/tuos_ros/package.zsh'
[44.028s] Level 1:colcon.colcon_core.environment:create_file_with_runtime_dependencies(/home/student/ros2_ws/install/tuos_ros/share/colcon-core/packages/tuos_ros)
[44.028s] Level 1:colcon.colcon_core.environment:create_environment_scripts_only(tuos_ros)
[44.029s] Level 1:colcon.colcon_core.environment:checking '/home/student/ros2_ws/install/tuos_ros' for CMake module files
[44.029s] Level 1:colcon.colcon_core.environment:checking '/home/student/ros2_ws/install/tuos_ros' for CMake config files
[44.031s] Level 1:colcon.colcon_core.shell:create_environment_hook('tuos_ros', 'cmake_prefix_path')
[44.031s] INFO:colcon.colcon_core.shell:Creating environment hook '/home/student/ros2_ws/install/tuos_ros/share/tuos_ros/hook/cmake_prefix_path.ps1'
[44.032s] INFO:colcon.colcon_core.shell:Creating environment descriptor '/home/student/ros2_ws/install/tuos_ros/share/tuos_ros/hook/cmake_prefix_path.dsv'
[44.032s] INFO:colcon.colcon_core.shell:Creating environment hook '/home/student/ros2_ws/install/tuos_ros/share/tuos_ros/hook/cmake_prefix_path.sh'
[44.033s] Level 1:colcon.colcon_core.environment:checking '/home/student/ros2_ws/install/tuos_ros/bin'
[44.033s] Level 1:colcon.colcon_core.environment:checking '/home/student/ros2_ws/install/tuos_ros/lib/pkgconfig/tuos_ros.pc'
[44.033s] Level 1:colcon.colcon_core.environment:checking '/home/student/ros2_ws/install/tuos_ros/lib/python3.10/site-packages'
[44.033s] Level 1:colcon.colcon_core.environment:checking '/home/student/ros2_ws/install/tuos_ros/bin'
[44.034s] INFO:colcon.colcon_core.shell:Creating package script '/home/student/ros2_ws/install/tuos_ros/share/tuos_ros/package.ps1'
[44.034s] INFO:colcon.colcon_core.shell:Creating package descriptor '/home/student/ros2_ws/install/tuos_ros/share/tuos_ros/package.dsv'
[44.036s] INFO:colcon.colcon_core.shell:Creating package script '/home/student/ros2_ws/install/tuos_ros/share/tuos_ros/package.sh'
[44.037s] INFO:colcon.colcon_core.shell:Creating package script '/home/student/ros2_ws/install/tuos_ros/share/tuos_ros/package.bash'
[44.038s] INFO:colcon.colcon_core.shell:Creating package script '/home/student/ros2_ws/install/tuos_ros/share/tuos_ros/package.zsh'
[44.039s] Level 1:colcon.colcon_core.environment:create_file_with_runtime_dependencies(/home/student/ros2_ws/install/tuos_ros/share/colcon-core/packages/tuos_ros)
[44.040s] DEBUG:colcon.colcon_parallel_executor.executor.parallel:closing loop
[44.040s] DEBUG:colcon.colcon_parallel_executor.executor.parallel:loop closed
[44.041s] DEBUG:colcon.colcon_parallel_executor.executor.parallel:run_until_complete finished with '0'
[44.041s] DEBUG:colcon.colcon_core.event_reactor:joining thread
[44.094s] INFO:colcon.colcon_core.plugin_system:Skipping extension 'colcon_notification.desktop_notification.notify_send': Could not find 'notify-send'
[44.095s] INFO:colcon.colcon_core.plugin_system:Skipping extension 'colcon_notification.desktop_notification.terminal_notifier': Not used on non-Darwin systems
[44.096s] INFO:colcon.colcon_core.plugin_system:Skipping extension 'colcon_notification.desktop_notification.win32': Not used on non-Windows systems
[44.096s] INFO:colcon.colcon_notification.desktop_notification:Sending desktop notification using 'notify2'
[44.157s] DEBUG:colcon.colcon_notification.desktop_notification.notify2:Failed to initialize notify2: org.freedesktop.DBus.Error.Spawn.ExecFailed: /usr/bin/dbus-launch terminated abnormally without any error message
[44.158s] DEBUG:colcon.colcon_core.event_reactor:joined thread
[44.159s] INFO:colcon.colcon_core.shell:Creating prefix script '/home/student/ros2_ws/install/local_setup.ps1'
[44.160s] INFO:colcon.colcon_core.shell:Creating prefix util module '/home/student/ros2_ws/install/_local_setup_util_ps1.py'
[44.162s] INFO:colcon.colcon_core.shell:Creating prefix chain script '/home/student/ros2_ws/install/setup.ps1'
[44.163s] INFO:colcon.colcon_core.shell:Creating prefix script '/home/student/ros2_ws/install/local_setup.sh'
[44.164s] INFO:colcon.colcon_core.shell:Creating prefix util module '/home/student/ros2_ws/install/_local_setup_util_sh.py'
[44.165s] INFO:colcon.colcon_core.shell:Creating prefix chain script '/home/student/ros2_ws/install/setup.sh'
[44.167s] INFO:colcon.colcon_core.shell:Creating prefix script '/home/student/ros2_ws/install/local_setup.bash'
[44.168s] INFO:colcon.colcon_core.shell:Creating prefix chain script '/home/student/ros2_ws/install/setup.bash'
[44.169s] INFO:colcon.colcon_core.shell:Creating prefix script '/home/student/ros2_ws/install/local_setup.zsh'
[44.179s] INFO:colcon.colcon_core.shell:Creating prefix chain script '/home/student/ros2_ws/install/setup.zsh'
