[0.000000] (-) TimerEvent: {}
[0.000159] (tuos_examples) JobQueued: {'identifier': 'tuos_examples', 'dependencies': OrderedDict()}
[0.000205] (tuos_interfaces) JobQueued: {'identifier': 'tuos_interfaces', 'dependencies': OrderedDict()}
[0.000227] (tuos_simulations) JobQueued: {'identifier': 'tuos_simulations', 'dependencies': OrderedDict()}
[0.000237] (tuos_tb3_tools) JobQueued: {'identifier': 'tuos_tb3_tools', 'dependencies': OrderedDict()}
[0.000247] (com2009_simulations) JobQueued: {'identifier': 'com2009_simulations', 'dependencies': OrderedDict([('tuos_simulations', '/home/student/ros2_ws/install/tuos_simulations')])}
[0.000260] (tuos_ros) JobQueued: {'identifier': 'tuos_ros', 'dependencies': OrderedDict([('tuos_examples', '/home/student/ros2_ws/install/tuos_examples'), ('tuos_interfaces', '/home/student/ros2_ws/install/tuos_interfaces'), ('tuos_simulations', '/home/student/ros2_ws/install/tuos_simulations'), ('tuos_tb3_tools', '/home/student/ros2_ws/install/tuos_tb3_tools'), ('com2009_simulations', '/home/student/ros2_ws/install/com2009_simulations')])}
[0.001038] (tuos_simulations) JobStarted: {'identifier': 'tuos_simulations'}
[0.017076] (tuos_examples) JobStarted: {'identifier': 'tuos_examples'}
[0.020516] (tuos_interfaces) JobStarted: {'identifier': 'tuos_interfaces'}
[0.023326] (tuos_tb3_tools) JobStarted: {'identifier': 'tuos_tb3_tools'}
[0.029284] (tuos_simulations) JobProgress: {'identifier': 'tuos_simulations', 'progress': 'cmake'}
[0.029786] (tuos_simulations) Command: {'cmd': ['/usr/bin/cmake', '/home/student/ros2_ws/src/tuos_ros/tuos_simulations', '-DCMAKE_INSTALL_PREFIX=/home/student/ros2_ws/install/tuos_simulations'], 'cwd': '/home/student/ros2_ws/build/tuos_simulations', 'env': OrderedDict([('LESSOPEN', '| /usr/bin/lesspipe %s'), ('USER', 'student'), ('WINHOMEDRIVE', 'U:'), ('SHLVL', '1'), ('LIBGL_ALWAYS_SOFTWARE', 'true'), ('LD_LIBRARY_PATH', '/usr/lib/x86_64-linux-gnu/gazebo-11/plugins:/opt/ros/humble/opt/rviz_ogre_vendor/lib:/opt/ros/humble/lib/x86_64-linux-gnu:/opt/ros/humble/lib:/usr/share/gazebo/../../lib/x86_64-linux-gnu/gazebo-11/plugins:'), ('WT_PROFILE_ID', '{cfe200f4-993a-5872-ad3b-a2178e70b07c}'), ('HOME', '/home/student'), ('OLDPWD', '/home/student/ros2_ws/src'), ('WSL_ROS_VER', '2425.01'), ('GAZEBO_MASTER_URI', 'http://localhost:11345'), ('ROS_PYTHON_VERSION', '3'), ('WSL_DISTRO_NAME', 'WSL-ROS2'), ('_colcon_cd_root', '/opt/ros/humble/'), ('MANWIN', 'true'), ('WAYLAND_DISPLAY', 'wayland-0'), ('ROS_DISTRO', 'humble'), ('LOGNAME', 'student'), ('NAME', 'UOS00BE4391A287'), ('WSL_INTEROP', '/run/WSL/10_interop'), ('PULSE_SERVER', 'unix:/mnt/wslg/PulseServer'), ('_', '/usr/bin/colcon'), ('ROS_VERSION', '2'), ('XSERVER', 'true'), ('TERM', 'xterm-256color'), ('GAZEBO_MODEL_PATH', '/usr/share/gazebo/../../share/gazebo-11/models:'), ('LIBGL_ALWAYS_INDIRECT', ''), ('ROS_LOCALHOST_ONLY', '1'), ('OGRE_RESOURCE_PATH', '/usr/lib/x86_64-linux-gnu/OGRE-1.9.0'), ('PATH', '/opt/ros/humble/bin:/usr/local/sbin:/usr/local/bin:/usr/sbin:/usr/bin:/sbin:/bin:/usr/games:/usr/local/games:/usr/lib/wsl/lib:/mnt/c/Program Files (x86)/Common Files/Oracle/Java/java8path:/mnt/c/Program Files (x86)/Common Files/Oracle/Java/javapath:/mnt/c/Windows/CCM/:/mnt/c/Windows/system32:/mnt/c/Windows:/mnt/c/Windows/System32/Wbem:/mnt/c/Windows/System32/WindowsPowerShell/v1.0/:/mnt/c/Windows/System32/OpenSSH/:/mnt/c/Windows/system32/config/systemprofile/AppData/Local/Microsoft/WindowsApps:/mnt/c/Program Files/Java/jdk-17.0.4/bin:/mnt/c/Program Files/Common Files/AspenTech Shared/:/mnt/c/Program Files/dotnet/:/mnt/c/Users/eia21mw/AppData/Local/Microsoft/WindowsApps'), ('WT_SESSION', '801c7dc4-bf87-413f-b917-5ade9b5ddcad'), ('XDG_RUNTIME_DIR', '/mnt/wslg/runtime-dir'), ('DISPLAY', '172.16.131.147:0.0'), ('LANG', 'en_GB.UTF-8'), ('LS_COLORS', 'rs=0:di=01;34:ln=01;36:mh=00:pi=40;33:so=01;35:do=01;35:bd=40;33;01:cd=40;33;01:or=40;31;01:mi=00:su=37;41:sg=30;43:ca=30;41:tw=30;42:ow=34;42:st=37;44:ex=01;32:*.tar=01;31:*.tgz=01;31:*.arc=01;31:*.arj=01;31:*.taz=01;31:*.lha=01;31:*.lz4=01;31:*.lzh=01;31:*.lzma=01;31:*.tlz=01;31:*.txz=01;31:*.tzo=01;31:*.t7z=01;31:*.zip=01;31:*.z=01;31:*.dz=01;31:*.gz=01;31:*.lrz=01;31:*.lz=01;31:*.lzo=01;31:*.xz=01;31:*.zst=01;31:*.tzst=01;31:*.bz2=01;31:*.bz=01;31:*.tbz=01;31:*.tbz2=01;31:*.tz=01;31:*.deb=01;31:*.rpm=01;31:*.jar=01;31:*.war=01;31:*.ear=01;31:*.sar=01;31:*.rar=01;31:*.alz=01;31:*.ace=01;31:*.zoo=01;31:*.cpio=01;31:*.7z=01;31:*.rz=01;31:*.cab=01;31:*.wim=01;31:*.swm=01;31:*.dwm=01;31:*.esd=01;31:*.jpg=01;35:*.jpeg=01;35:*.mjpg=01;35:*.mjpeg=01;35:*.gif=01;35:*.bmp=01;35:*.pbm=01;35:*.pgm=01;35:*.ppm=01;35:*.tga=01;35:*.xbm=01;35:*.xpm=01;35:*.tif=01;35:*.tiff=01;35:*.png=01;35:*.svg=01;35:*.svgz=01;35:*.mng=01;35:*.pcx=01;35:*.mov=01;35:*.mpg=01;35:*.mpeg=01;35:*.m2v=01;35:*.mkv=01;35:*.webm=01;35:*.webp=01;35:*.ogm=01;35:*.mp4=01;35:*.m4v=01;35:*.mp4v=01;35:*.vob=01;35:*.qt=01;35:*.nuv=01;35:*.wmv=01;35:*.asf=01;35:*.rm=01;35:*.rmvb=01;35:*.flc=01;35:*.avi=01;35:*.fli=01;35:*.flv=01;35:*.gl=01;35:*.dl=01;35:*.xcf=01;35:*.xwd=01;35:*.yuv=01;35:*.cgm=01;35:*.emf=01;35:*.ogv=01;35:*.ogx=01;35:*.aac=00;36:*.au=00;36:*.flac=00;36:*.m4a=00;36:*.mid=00;36:*.midi=00;36:*.mka=00;36:*.mp3=00;36:*.mpc=00;36:*.ogg=00;36:*.ra=00;36:*.wav=00;36:*.oga=00;36:*.opus=00;36:*.spx=00;36:*.xspf=00;36:'), ('ROS_DOMAIN_ID', '1'), ('AMENT_PREFIX_PATH', '/opt/ros/humble'), ('SHELL', '/bin/bash'), ('LESSCLOSE', '/usr/bin/lesspipe %s %s'), ('GAZEBO_IP', '127.0.0.1'), ('GAZEBO_RESOURCE_PATH', '/usr/share/gazebo/../../share/gazebo-11:'), ('GAZEBO_MODEL_DATABASE_URI', 'http://models.gazebosim.org'), ('PWD', '/home/student/ros2_ws/build/tuos_simulations'), ('TURTLEBOT3_MODEL', 'waffle'), ('GAZEBO_PLUGIN_PATH', '/usr/share/gazebo/../../lib/x86_64-linux-gnu/gazebo-11/plugins:'), ('PYTHONPATH', '/opt/ros/humble/lib/python3.10/site-packages:/opt/ros/humble/local/lib/python3.10/dist-packages'), ('COLCON', '1'), ('WSL2_GUI_APPS_ENABLED', '1'), ('HOSTTYPE', 'x86_64'), ('WINUSER', 'eia21mw'), ('WSLENV', 'WT_SESSION:WT_PROFILE_ID:'), ('CMAKE_PREFIX_PATH', '/opt/ros/humble')]), 'shell': False}
[0.034361] (tuos_examples) JobProgress: {'identifier': 'tuos_examples', 'progress': 'cmake'}
[0.036840] (tuos_examples) Command: {'cmd': ['/usr/bin/cmake', '/home/student/ros2_ws/src/tuos_ros/tuos_examples', '-DCMAKE_INSTALL_PREFIX=/home/student/ros2_ws/install/tuos_examples'], 'cwd': '/home/student/ros2_ws/build/tuos_examples', 'env': OrderedDict([('LESSOPEN', '| /usr/bin/lesspipe %s'), ('USER', 'student'), ('WINHOMEDRIVE', 'U:'), ('SHLVL', '1'), ('LIBGL_ALWAYS_SOFTWARE', 'true'), ('LD_LIBRARY_PATH', '/usr/lib/x86_64-linux-gnu/gazebo-11/plugins:/opt/ros/humble/opt/rviz_ogre_vendor/lib:/opt/ros/humble/lib/x86_64-linux-gnu:/opt/ros/humble/lib:/usr/share/gazebo/../../lib/x86_64-linux-gnu/gazebo-11/plugins:'), ('WT_PROFILE_ID', '{cfe200f4-993a-5872-ad3b-a2178e70b07c}'), ('HOME', '/home/student'), ('OLDPWD', '/home/student/ros2_ws/src'), ('WSL_ROS_VER', '2425.01'), ('GAZEBO_MASTER_URI', 'http://localhost:11345'), ('ROS_PYTHON_VERSION', '3'), ('WSL_DISTRO_NAME', 'WSL-ROS2'), ('_colcon_cd_root', '/opt/ros/humble/'), ('MANWIN', 'true'), ('WAYLAND_DISPLAY', 'wayland-0'), ('ROS_DISTRO', 'humble'), ('LOGNAME', 'student'), ('NAME', 'UOS00BE4391A287'), ('WSL_INTEROP', '/run/WSL/10_interop'), ('PULSE_SERVER', 'unix:/mnt/wslg/PulseServer'), ('_', '/usr/bin/colcon'), ('ROS_VERSION', '2'), ('XSERVER', 'true'), ('TERM', 'xterm-256color'), ('GAZEBO_MODEL_PATH', '/usr/share/gazebo/../../share/gazebo-11/models:'), ('LIBGL_ALWAYS_INDIRECT', ''), ('ROS_LOCALHOST_ONLY', '1'), ('OGRE_RESOURCE_PATH', '/usr/lib/x86_64-linux-gnu/OGRE-1.9.0'), ('PATH', '/opt/ros/humble/bin:/usr/local/sbin:/usr/local/bin:/usr/sbin:/usr/bin:/sbin:/bin:/usr/games:/usr/local/games:/usr/lib/wsl/lib:/mnt/c/Program Files (x86)/Common Files/Oracle/Java/java8path:/mnt/c/Program Files (x86)/Common Files/Oracle/Java/javapath:/mnt/c/Windows/CCM/:/mnt/c/Windows/system32:/mnt/c/Windows:/mnt/c/Windows/System32/Wbem:/mnt/c/Windows/System32/WindowsPowerShell/v1.0/:/mnt/c/Windows/System32/OpenSSH/:/mnt/c/Windows/system32/config/systemprofile/AppData/Local/Microsoft/WindowsApps:/mnt/c/Program Files/Java/jdk-17.0.4/bin:/mnt/c/Program Files/Common Files/AspenTech Shared/:/mnt/c/Program Files/dotnet/:/mnt/c/Users/eia21mw/AppData/Local/Microsoft/WindowsApps'), ('WT_SESSION', '801c7dc4-bf87-413f-b917-5ade9b5ddcad'), ('XDG_RUNTIME_DIR', '/mnt/wslg/runtime-dir'), ('DISPLAY', '172.16.131.147:0.0'), ('LANG', 'en_GB.UTF-8'), ('LS_COLORS', 'rs=0:di=01;34:ln=01;36:mh=00:pi=40;33:so=01;35:do=01;35:bd=40;33;01:cd=40;33;01:or=40;31;01:mi=00:su=37;41:sg=30;43:ca=30;41:tw=30;42:ow=34;42:st=37;44:ex=01;32:*.tar=01;31:*.tgz=01;31:*.arc=01;31:*.arj=01;31:*.taz=01;31:*.lha=01;31:*.lz4=01;31:*.lzh=01;31:*.lzma=01;31:*.tlz=01;31:*.txz=01;31:*.tzo=01;31:*.t7z=01;31:*.zip=01;31:*.z=01;31:*.dz=01;31:*.gz=01;31:*.lrz=01;31:*.lz=01;31:*.lzo=01;31:*.xz=01;31:*.zst=01;31:*.tzst=01;31:*.bz2=01;31:*.bz=01;31:*.tbz=01;31:*.tbz2=01;31:*.tz=01;31:*.deb=01;31:*.rpm=01;31:*.jar=01;31:*.war=01;31:*.ear=01;31:*.sar=01;31:*.rar=01;31:*.alz=01;31:*.ace=01;31:*.zoo=01;31:*.cpio=01;31:*.7z=01;31:*.rz=01;31:*.cab=01;31:*.wim=01;31:*.swm=01;31:*.dwm=01;31:*.esd=01;31:*.jpg=01;35:*.jpeg=01;35:*.mjpg=01;35:*.mjpeg=01;35:*.gif=01;35:*.bmp=01;35:*.pbm=01;35:*.pgm=01;35:*.ppm=01;35:*.tga=01;35:*.xbm=01;35:*.xpm=01;35:*.tif=01;35:*.tiff=01;35:*.png=01;35:*.svg=01;35:*.svgz=01;35:*.mng=01;35:*.pcx=01;35:*.mov=01;35:*.mpg=01;35:*.mpeg=01;35:*.m2v=01;35:*.mkv=01;35:*.webm=01;35:*.webp=01;35:*.ogm=01;35:*.mp4=01;35:*.m4v=01;35:*.mp4v=01;35:*.vob=01;35:*.qt=01;35:*.nuv=01;35:*.wmv=01;35:*.asf=01;35:*.rm=01;35:*.rmvb=01;35:*.flc=01;35:*.avi=01;35:*.fli=01;35:*.flv=01;35:*.gl=01;35:*.dl=01;35:*.xcf=01;35:*.xwd=01;35:*.yuv=01;35:*.cgm=01;35:*.emf=01;35:*.ogv=01;35:*.ogx=01;35:*.aac=00;36:*.au=00;36:*.flac=00;36:*.m4a=00;36:*.mid=00;36:*.midi=00;36:*.mka=00;36:*.mp3=00;36:*.mpc=00;36:*.ogg=00;36:*.ra=00;36:*.wav=00;36:*.oga=00;36:*.opus=00;36:*.spx=00;36:*.xspf=00;36:'), ('ROS_DOMAIN_ID', '1'), ('AMENT_PREFIX_PATH', '/opt/ros/humble'), ('SHELL', '/bin/bash'), ('LESSCLOSE', '/usr/bin/lesspipe %s %s'), ('GAZEBO_IP', '127.0.0.1'), ('GAZEBO_RESOURCE_PATH', '/usr/share/gazebo/../../share/gazebo-11:'), ('GAZEBO_MODEL_DATABASE_URI', 'http://models.gazebosim.org'), ('PWD', '/home/student/ros2_ws/build/tuos_examples'), ('TURTLEBOT3_MODEL', 'waffle'), ('GAZEBO_PLUGIN_PATH', '/usr/share/gazebo/../../lib/x86_64-linux-gnu/gazebo-11/plugins:'), ('PYTHONPATH', '/opt/ros/humble/lib/python3.10/site-packages:/opt/ros/humble/local/lib/python3.10/dist-packages'), ('COLCON', '1'), ('WSL2_GUI_APPS_ENABLED', '1'), ('HOSTTYPE', 'x86_64'), ('WINUSER', 'eia21mw'), ('WSLENV', 'WT_SESSION:WT_PROFILE_ID:'), ('CMAKE_PREFIX_PATH', '/opt/ros/humble')]), 'shell': False}
[0.037735] (tuos_interfaces) JobProgress: {'identifier': 'tuos_interfaces', 'progress': 'cmake'}
[0.039230] (tuos_interfaces) Command: {'cmd': ['/usr/bin/cmake', '/home/student/ros2_ws/src/tuos_ros/tuos_interfaces', '-DCMAKE_INSTALL_PREFIX=/home/student/ros2_ws/install/tuos_interfaces'], 'cwd': '/home/student/ros2_ws/build/tuos_interfaces', 'env': OrderedDict([('LESSOPEN', '| /usr/bin/lesspipe %s'), ('USER', 'student'), ('WINHOMEDRIVE', 'U:'), ('SHLVL', '1'), ('LIBGL_ALWAYS_SOFTWARE', 'true'), ('LD_LIBRARY_PATH', '/usr/lib/x86_64-linux-gnu/gazebo-11/plugins:/opt/ros/humble/opt/rviz_ogre_vendor/lib:/opt/ros/humble/lib/x86_64-linux-gnu:/opt/ros/humble/lib:/usr/share/gazebo/../../lib/x86_64-linux-gnu/gazebo-11/plugins:'), ('WT_PROFILE_ID', '{cfe200f4-993a-5872-ad3b-a2178e70b07c}'), ('HOME', '/home/student'), ('OLDPWD', '/home/student/ros2_ws/src'), ('WSL_ROS_VER', '2425.01'), ('GAZEBO_MASTER_URI', 'http://localhost:11345'), ('ROS_PYTHON_VERSION', '3'), ('WSL_DISTRO_NAME', 'WSL-ROS2'), ('_colcon_cd_root', '/opt/ros/humble/'), ('MANWIN', 'true'), ('WAYLAND_DISPLAY', 'wayland-0'), ('ROS_DISTRO', 'humble'), ('LOGNAME', 'student'), ('NAME', 'UOS00BE4391A287'), ('WSL_INTEROP', '/run/WSL/10_interop'), ('PULSE_SERVER', 'unix:/mnt/wslg/PulseServer'), ('_', '/usr/bin/colcon'), ('ROS_VERSION', '2'), ('XSERVER', 'true'), ('TERM', 'xterm-256color'), ('GAZEBO_MODEL_PATH', '/usr/share/gazebo/../../share/gazebo-11/models:'), ('LIBGL_ALWAYS_INDIRECT', ''), ('ROS_LOCALHOST_ONLY', '1'), ('OGRE_RESOURCE_PATH', '/usr/lib/x86_64-linux-gnu/OGRE-1.9.0'), ('PATH', '/opt/ros/humble/bin:/usr/local/sbin:/usr/local/bin:/usr/sbin:/usr/bin:/sbin:/bin:/usr/games:/usr/local/games:/usr/lib/wsl/lib:/mnt/c/Program Files (x86)/Common Files/Oracle/Java/java8path:/mnt/c/Program Files (x86)/Common Files/Oracle/Java/javapath:/mnt/c/Windows/CCM/:/mnt/c/Windows/system32:/mnt/c/Windows:/mnt/c/Windows/System32/Wbem:/mnt/c/Windows/System32/WindowsPowerShell/v1.0/:/mnt/c/Windows/System32/OpenSSH/:/mnt/c/Windows/system32/config/systemprofile/AppData/Local/Microsoft/WindowsApps:/mnt/c/Program Files/Java/jdk-17.0.4/bin:/mnt/c/Program Files/Common Files/AspenTech Shared/:/mnt/c/Program Files/dotnet/:/mnt/c/Users/eia21mw/AppData/Local/Microsoft/WindowsApps'), ('WT_SESSION', '801c7dc4-bf87-413f-b917-5ade9b5ddcad'), ('XDG_RUNTIME_DIR', '/mnt/wslg/runtime-dir'), ('DISPLAY', '172.16.131.147:0.0'), ('LANG', 'en_GB.UTF-8'), ('LS_COLORS', 'rs=0:di=01;34:ln=01;36:mh=00:pi=40;33:so=01;35:do=01;35:bd=40;33;01:cd=40;33;01:or=40;31;01:mi=00:su=37;41:sg=30;43:ca=30;41:tw=30;42:ow=34;42:st=37;44:ex=01;32:*.tar=01;31:*.tgz=01;31:*.arc=01;31:*.arj=01;31:*.taz=01;31:*.lha=01;31:*.lz4=01;31:*.lzh=01;31:*.lzma=01;31:*.tlz=01;31:*.txz=01;31:*.tzo=01;31:*.t7z=01;31:*.zip=01;31:*.z=01;31:*.dz=01;31:*.gz=01;31:*.lrz=01;31:*.lz=01;31:*.lzo=01;31:*.xz=01;31:*.zst=01;31:*.tzst=01;31:*.bz2=01;31:*.bz=01;31:*.tbz=01;31:*.tbz2=01;31:*.tz=01;31:*.deb=01;31:*.rpm=01;31:*.jar=01;31:*.war=01;31:*.ear=01;31:*.sar=01;31:*.rar=01;31:*.alz=01;31:*.ace=01;31:*.zoo=01;31:*.cpio=01;31:*.7z=01;31:*.rz=01;31:*.cab=01;31:*.wim=01;31:*.swm=01;31:*.dwm=01;31:*.esd=01;31:*.jpg=01;35:*.jpeg=01;35:*.mjpg=01;35:*.mjpeg=01;35:*.gif=01;35:*.bmp=01;35:*.pbm=01;35:*.pgm=01;35:*.ppm=01;35:*.tga=01;35:*.xbm=01;35:*.xpm=01;35:*.tif=01;35:*.tiff=01;35:*.png=01;35:*.svg=01;35:*.svgz=01;35:*.mng=01;35:*.pcx=01;35:*.mov=01;35:*.mpg=01;35:*.mpeg=01;35:*.m2v=01;35:*.mkv=01;35:*.webm=01;35:*.webp=01;35:*.ogm=01;35:*.mp4=01;35:*.m4v=01;35:*.mp4v=01;35:*.vob=01;35:*.qt=01;35:*.nuv=01;35:*.wmv=01;35:*.asf=01;35:*.rm=01;35:*.rmvb=01;35:*.flc=01;35:*.avi=01;35:*.fli=01;35:*.flv=01;35:*.gl=01;35:*.dl=01;35:*.xcf=01;35:*.xwd=01;35:*.yuv=01;35:*.cgm=01;35:*.emf=01;35:*.ogv=01;35:*.ogx=01;35:*.aac=00;36:*.au=00;36:*.flac=00;36:*.m4a=00;36:*.mid=00;36:*.midi=00;36:*.mka=00;36:*.mp3=00;36:*.mpc=00;36:*.ogg=00;36:*.ra=00;36:*.wav=00;36:*.oga=00;36:*.opus=00;36:*.spx=00;36:*.xspf=00;36:'), ('ROS_DOMAIN_ID', '1'), ('AMENT_PREFIX_PATH', '/opt/ros/humble'), ('SHELL', '/bin/bash'), ('LESSCLOSE', '/usr/bin/lesspipe %s %s'), ('GAZEBO_IP', '127.0.0.1'), ('GAZEBO_RESOURCE_PATH', '/usr/share/gazebo/../../share/gazebo-11:'), ('GAZEBO_MODEL_DATABASE_URI', 'http://models.gazebosim.org'), ('PWD', '/home/student/ros2_ws/build/tuos_interfaces'), ('TURTLEBOT3_MODEL', 'waffle'), ('GAZEBO_PLUGIN_PATH', '/usr/share/gazebo/../../lib/x86_64-linux-gnu/gazebo-11/plugins:'), ('PYTHONPATH', '/opt/ros/humble/lib/python3.10/site-packages:/opt/ros/humble/local/lib/python3.10/dist-packages'), ('COLCON', '1'), ('WSL2_GUI_APPS_ENABLED', '1'), ('HOSTTYPE', 'x86_64'), ('WINUSER', 'eia21mw'), ('WSLENV', 'WT_SESSION:WT_PROFILE_ID:'), ('CMAKE_PREFIX_PATH', '/opt/ros/humble')]), 'shell': False}
[0.043549] (tuos_tb3_tools) JobProgress: {'identifier': 'tuos_tb3_tools', 'progress': 'cmake'}
[0.044220] (tuos_tb3_tools) Command: {'cmd': ['/usr/bin/cmake', '/home/student/ros2_ws/src/tuos_ros/tuos_tb3_tools', '-DCMAKE_INSTALL_PREFIX=/home/student/ros2_ws/install/tuos_tb3_tools'], 'cwd': '/home/student/ros2_ws/build/tuos_tb3_tools', 'env': OrderedDict([('LESSOPEN', '| /usr/bin/lesspipe %s'), ('USER', 'student'), ('WINHOMEDRIVE', 'U:'), ('SHLVL', '1'), ('LIBGL_ALWAYS_SOFTWARE', 'true'), ('LD_LIBRARY_PATH', '/usr/lib/x86_64-linux-gnu/gazebo-11/plugins:/opt/ros/humble/opt/rviz_ogre_vendor/lib:/opt/ros/humble/lib/x86_64-linux-gnu:/opt/ros/humble/lib:/usr/share/gazebo/../../lib/x86_64-linux-gnu/gazebo-11/plugins:'), ('WT_PROFILE_ID', '{cfe200f4-993a-5872-ad3b-a2178e70b07c}'), ('HOME', '/home/student'), ('OLDPWD', '/home/student/ros2_ws/src'), ('WSL_ROS_VER', '2425.01'), ('GAZEBO_MASTER_URI', 'http://localhost:11345'), ('ROS_PYTHON_VERSION', '3'), ('WSL_DISTRO_NAME', 'WSL-ROS2'), ('_colcon_cd_root', '/opt/ros/humble/'), ('MANWIN', 'true'), ('WAYLAND_DISPLAY', 'wayland-0'), ('ROS_DISTRO', 'humble'), ('LOGNAME', 'student'), ('NAME', 'UOS00BE4391A287'), ('WSL_INTEROP', '/run/WSL/10_interop'), ('PULSE_SERVER', 'unix:/mnt/wslg/PulseServer'), ('_', '/usr/bin/colcon'), ('ROS_VERSION', '2'), ('XSERVER', 'true'), ('TERM', 'xterm-256color'), ('GAZEBO_MODEL_PATH', '/usr/share/gazebo/../../share/gazebo-11/models:'), ('LIBGL_ALWAYS_INDIRECT', ''), ('ROS_LOCALHOST_ONLY', '1'), ('OGRE_RESOURCE_PATH', '/usr/lib/x86_64-linux-gnu/OGRE-1.9.0'), ('PATH', '/opt/ros/humble/bin:/usr/local/sbin:/usr/local/bin:/usr/sbin:/usr/bin:/sbin:/bin:/usr/games:/usr/local/games:/usr/lib/wsl/lib:/mnt/c/Program Files (x86)/Common Files/Oracle/Java/java8path:/mnt/c/Program Files (x86)/Common Files/Oracle/Java/javapath:/mnt/c/Windows/CCM/:/mnt/c/Windows/system32:/mnt/c/Windows:/mnt/c/Windows/System32/Wbem:/mnt/c/Windows/System32/WindowsPowerShell/v1.0/:/mnt/c/Windows/System32/OpenSSH/:/mnt/c/Windows/system32/config/systemprofile/AppData/Local/Microsoft/WindowsApps:/mnt/c/Program Files/Java/jdk-17.0.4/bin:/mnt/c/Program Files/Common Files/AspenTech Shared/:/mnt/c/Program Files/dotnet/:/mnt/c/Users/eia21mw/AppData/Local/Microsoft/WindowsApps'), ('WT_SESSION', '801c7dc4-bf87-413f-b917-5ade9b5ddcad'), ('XDG_RUNTIME_DIR', '/mnt/wslg/runtime-dir'), ('DISPLAY', '172.16.131.147:0.0'), ('LANG', 'en_GB.UTF-8'), ('LS_COLORS', 'rs=0:di=01;34:ln=01;36:mh=00:pi=40;33:so=01;35:do=01;35:bd=40;33;01:cd=40;33;01:or=40;31;01:mi=00:su=37;41:sg=30;43:ca=30;41:tw=30;42:ow=34;42:st=37;44:ex=01;32:*.tar=01;31:*.tgz=01;31:*.arc=01;31:*.arj=01;31:*.taz=01;31:*.lha=01;31:*.lz4=01;31:*.lzh=01;31:*.lzma=01;31:*.tlz=01;31:*.txz=01;31:*.tzo=01;31:*.t7z=01;31:*.zip=01;31:*.z=01;31:*.dz=01;31:*.gz=01;31:*.lrz=01;31:*.lz=01;31:*.lzo=01;31:*.xz=01;31:*.zst=01;31:*.tzst=01;31:*.bz2=01;31:*.bz=01;31:*.tbz=01;31:*.tbz2=01;31:*.tz=01;31:*.deb=01;31:*.rpm=01;31:*.jar=01;31:*.war=01;31:*.ear=01;31:*.sar=01;31:*.rar=01;31:*.alz=01;31:*.ace=01;31:*.zoo=01;31:*.cpio=01;31:*.7z=01;31:*.rz=01;31:*.cab=01;31:*.wim=01;31:*.swm=01;31:*.dwm=01;31:*.esd=01;31:*.jpg=01;35:*.jpeg=01;35:*.mjpg=01;35:*.mjpeg=01;35:*.gif=01;35:*.bmp=01;35:*.pbm=01;35:*.pgm=01;35:*.ppm=01;35:*.tga=01;35:*.xbm=01;35:*.xpm=01;35:*.tif=01;35:*.tiff=01;35:*.png=01;35:*.svg=01;35:*.svgz=01;35:*.mng=01;35:*.pcx=01;35:*.mov=01;35:*.mpg=01;35:*.mpeg=01;35:*.m2v=01;35:*.mkv=01;35:*.webm=01;35:*.webp=01;35:*.ogm=01;35:*.mp4=01;35:*.m4v=01;35:*.mp4v=01;35:*.vob=01;35:*.qt=01;35:*.nuv=01;35:*.wmv=01;35:*.asf=01;35:*.rm=01;35:*.rmvb=01;35:*.flc=01;35:*.avi=01;35:*.fli=01;35:*.flv=01;35:*.gl=01;35:*.dl=01;35:*.xcf=01;35:*.xwd=01;35:*.yuv=01;35:*.cgm=01;35:*.emf=01;35:*.ogv=01;35:*.ogx=01;35:*.aac=00;36:*.au=00;36:*.flac=00;36:*.m4a=00;36:*.mid=00;36:*.midi=00;36:*.mka=00;36:*.mp3=00;36:*.mpc=00;36:*.ogg=00;36:*.ra=00;36:*.wav=00;36:*.oga=00;36:*.opus=00;36:*.spx=00;36:*.xspf=00;36:'), ('ROS_DOMAIN_ID', '1'), ('AMENT_PREFIX_PATH', '/opt/ros/humble'), ('SHELL', '/bin/bash'), ('LESSCLOSE', '/usr/bin/lesspipe %s %s'), ('GAZEBO_IP', '127.0.0.1'), ('GAZEBO_RESOURCE_PATH', '/usr/share/gazebo/../../share/gazebo-11:'), ('GAZEBO_MODEL_DATABASE_URI', 'http://models.gazebosim.org'), ('PWD', '/home/student/ros2_ws/build/tuos_tb3_tools'), ('TURTLEBOT3_MODEL', 'waffle'), ('GAZEBO_PLUGIN_PATH', '/usr/share/gazebo/../../lib/x86_64-linux-gnu/gazebo-11/plugins:'), ('PYTHONPATH', '/opt/ros/humble/lib/python3.10/site-packages:/opt/ros/humble/local/lib/python3.10/dist-packages'), ('COLCON', '1'), ('WSL2_GUI_APPS_ENABLED', '1'), ('HOSTTYPE', 'x86_64'), ('WINUSER', 'eia21mw'), ('WSLENV', 'WT_SESSION:WT_PROFILE_ID:'), ('CMAKE_PREFIX_PATH', '/opt/ros/humble')]), 'shell': False}
[0.099399] (-) TimerEvent: {}
[0.193934] (tuos_tb3_tools) StdoutLine: {'line': b'-- The C compiler identification is GNU 11.4.0\n'}
[0.194686] (tuos_examples) StdoutLine: {'line': b'-- The C compiler identification is GNU 11.4.0\n'}
[0.194953] (tuos_simulations) StdoutLine: {'line': b'-- The C compiler identification is GNU 11.4.0\n'}
[0.195011] (tuos_interfaces) StdoutLine: {'line': b'-- The C compiler identification is GNU 11.4.0\n'}
[0.199540] (-) TimerEvent: {}
[0.299827] (-) TimerEvent: {}
[0.400210] (-) TimerEvent: {}
[0.411750] (tuos_simulations) StdoutLine: {'line': b'-- The CXX compiler identification is GNU 11.4.0\n'}
[0.412465] (tuos_interfaces) StdoutLine: {'line': b'-- The CXX compiler identification is GNU 11.4.0\n'}
[0.412867] (tuos_examples) StdoutLine: {'line': b'-- The CXX compiler identification is GNU 11.4.0\n'}
[0.426680] (tuos_tb3_tools) StdoutLine: {'line': b'-- The CXX compiler identification is GNU 11.4.0\n'}
[0.500322] (-) TimerEvent: {}
[0.551772] (tuos_interfaces) StdoutLine: {'line': b'-- Detecting C compiler ABI info\n'}
[0.563686] (tuos_simulations) StdoutLine: {'line': b'-- Detecting C compiler ABI info\n'}
[0.564086] (tuos_examples) StdoutLine: {'line': b'-- Detecting C compiler ABI info\n'}
[0.586834] (tuos_tb3_tools) StdoutLine: {'line': b'-- Detecting C compiler ABI info\n'}
[0.600450] (-) TimerEvent: {}
[0.643425] (tuos_simulations) StdoutLine: {'line': b'-- Detecting C compiler ABI info - done\n'}
[0.646677] (tuos_interfaces) StdoutLine: {'line': b'-- Detecting C compiler ABI info - done\n'}
[0.646876] (tuos_examples) StdoutLine: {'line': b'-- Detecting C compiler ABI info - done\n'}
[0.649326] (tuos_simulations) StdoutLine: {'line': b'-- Check for working C compiler: /usr/bin/cc - skipped\n'}
[0.649883] (tuos_simulations) StdoutLine: {'line': b'-- Detecting C compile features\n'}
[0.650933] (tuos_simulations) StdoutLine: {'line': b'-- Detecting C compile features - done\n'}
[0.652111] (tuos_interfaces) StdoutLine: {'line': b'-- Check for working C compiler: /usr/bin/cc - skipped\n'}
[0.652469] (tuos_examples) StdoutLine: {'line': b'-- Check for working C compiler: /usr/bin/cc - skipped\n'}
[0.652536] (tuos_interfaces) StdoutLine: {'line': b'-- Detecting C compile features\n'}
[0.652580] (tuos_examples) StdoutLine: {'line': b'-- Detecting C compile features\n'}
[0.652739] (tuos_interfaces) StdoutLine: {'line': b'-- Detecting C compile features - done\n'}
[0.652796] (tuos_examples) StdoutLine: {'line': b'-- Detecting C compile features - done\n'}
[0.654863] (tuos_interfaces) StdoutLine: {'line': b'-- Detecting CXX compiler ABI info\n'}
[0.654953] (tuos_examples) StdoutLine: {'line': b'-- Detecting CXX compiler ABI info\n'}
[0.655000] (tuos_simulations) StdoutLine: {'line': b'-- Detecting CXX compiler ABI info\n'}
[0.700578] (-) TimerEvent: {}
[0.724000] (tuos_tb3_tools) StdoutLine: {'line': b'-- Detecting C compiler ABI info - done\n'}
[0.729332] (tuos_tb3_tools) StdoutLine: {'line': b'-- Check for working C compiler: /usr/bin/cc - skipped\n'}
[0.729610] (tuos_tb3_tools) StdoutLine: {'line': b'-- Detecting C compile features\n'}
[0.729695] (tuos_tb3_tools) StdoutLine: {'line': b'-- Detecting C compile features - done\n'}
[0.731698] (tuos_tb3_tools) StdoutLine: {'line': b'-- Detecting CXX compiler ABI info\n'}
[0.752429] (tuos_interfaces) StdoutLine: {'line': b'-- Detecting CXX compiler ABI info - done\n'}
[0.754698] (tuos_simulations) StdoutLine: {'line': b'-- Detecting CXX compiler ABI info - done\n'}
[0.755880] (tuos_examples) StdoutLine: {'line': b'-- Detecting CXX compiler ABI info - done\n'}
[0.758862] (tuos_interfaces) StdoutLine: {'line': b'-- Check for working CXX compiler: /usr/bin/c++ - skipped\n'}
[0.759074] (tuos_interfaces) StdoutLine: {'line': b'-- Detecting CXX compile features\n'}
[0.759520] (tuos_interfaces) StdoutLine: {'line': b'-- Detecting CXX compile features - done\n'}
[0.760353] (tuos_simulations) StdoutLine: {'line': b'-- Check for working CXX compiler: /usr/bin/c++ - skipped\n'}
[0.760636] (tuos_simulations) StdoutLine: {'line': b'-- Detecting CXX compile features\n'}
[0.761092] (tuos_simulations) StdoutLine: {'line': b'-- Detecting CXX compile features - done\n'}
[0.762450] (tuos_examples) StdoutLine: {'line': b'-- Check for working CXX compiler: /usr/bin/c++ - skipped\n'}
[0.762705] (tuos_examples) StdoutLine: {'line': b'-- Detecting CXX compile features\n'}
[0.763173] (tuos_examples) StdoutLine: {'line': b'-- Detecting CXX compile features - done\n'}
[0.777129] (tuos_simulations) StdoutLine: {'line': b'-- Found ament_cmake: 1.3.11 (/opt/ros/humble/share/ament_cmake/cmake)\n'}
[0.777279] (tuos_examples) StdoutLine: {'line': b'-- Found ament_cmake: 1.3.11 (/opt/ros/humble/share/ament_cmake/cmake)\n'}
[0.777335] (tuos_interfaces) StdoutLine: {'line': b'-- Found ament_cmake: 1.3.11 (/opt/ros/humble/share/ament_cmake/cmake)\n'}
[0.800712] (-) TimerEvent: {}
[0.839375] (tuos_tb3_tools) StdoutLine: {'line': b'-- Detecting CXX compiler ABI info - done\n'}
[0.845101] (tuos_tb3_tools) StdoutLine: {'line': b'-- Check for working CXX compiler: /usr/bin/c++ - skipped\n'}
[0.845406] (tuos_tb3_tools) StdoutLine: {'line': b'-- Detecting CXX compile features\n'}
[0.845699] (tuos_tb3_tools) StdoutLine: {'line': b'-- Detecting CXX compile features - done\n'}
[0.847245] (tuos_tb3_tools) StdoutLine: {'line': b'-- Found ament_cmake: 1.3.11 (/opt/ros/humble/share/ament_cmake/cmake)\n'}
[0.900957] (-) TimerEvent: {}
[0.903375] (tuos_simulations) StdoutLine: {'line': b'-- Found Python3: /usr/bin/python3 (found version "3.10.12") found components: Interpreter \n'}
[0.903726] (tuos_interfaces) StdoutLine: {'line': b'-- Found Python3: /usr/bin/python3 (found version "3.10.12") found components: Interpreter \n'}
[0.904047] (tuos_examples) StdoutLine: {'line': b'-- Found Python3: /usr/bin/python3 (found version "3.10.12") found components: Interpreter \n'}
[0.962685] (tuos_tb3_tools) StdoutLine: {'line': b'-- Found Python3: /usr/bin/python3 (found version "3.10.12") found components: Interpreter \n'}
[1.001071] (-) TimerEvent: {}
[1.007691] (tuos_simulations) StdoutLine: {'line': b'-- Found gazebo_ros_pkgs: 3.7.0 (/opt/ros/humble/share/gazebo_ros_pkgs/cmake)\n'}
[1.008105] (tuos_interfaces) StdoutLine: {'line': b'-- Found ament_lint_auto: 0.12.11 (/opt/ros/humble/share/ament_lint_auto/cmake)\n'}
[1.008874] (tuos_examples) StdoutLine: {'line': b'-- Found rclcpp: 16.0.11 (/opt/ros/humble/share/rclcpp/cmake)\n'}
[1.010828] (tuos_simulations) StdoutLine: {'line': b'-- Found turtlebot3_gazebo: 2.2.5 (/opt/ros/humble/share/turtlebot3_gazebo/cmake)\n'}
[1.029007] (tuos_tb3_tools) StdoutLine: {'line': b'-- Found rclcpp: 16.0.11 (/opt/ros/humble/share/rclcpp/cmake)\n'}
[1.077077] (tuos_interfaces) StdoutLine: {'line': b'-- Found geometry_msgs: 4.2.4 (/opt/ros/humble/share/geometry_msgs/cmake)\n'}
[1.101189] (-) TimerEvent: {}
[1.122635] (tuos_simulations) StdoutLine: {'line': b'-- Found rosidl_generator_c: 3.1.6 (/opt/ros/humble/share/rosidl_generator_c/cmake)\n'}
[1.122808] (tuos_examples) StdoutLine: {'line': b'-- Found rosidl_generator_c: 3.1.6 (/opt/ros/humble/share/rosidl_generator_c/cmake)\n'}
[1.128633] (tuos_examples) StdoutLine: {'line': b'-- Found rosidl_adapter: 3.1.6 (/opt/ros/humble/share/rosidl_adapter/cmake)\n'}
[1.128825] (tuos_simulations) StdoutLine: {'line': b'-- Found rosidl_adapter: 3.1.6 (/opt/ros/humble/share/rosidl_adapter/cmake)\n'}
[1.128879] (tuos_tb3_tools) StdoutLine: {'line': b'-- Found rosidl_generator_c: 3.1.6 (/opt/ros/humble/share/rosidl_generator_c/cmake)\n'}
[1.131973] (tuos_tb3_tools) StdoutLine: {'line': b'-- Found rosidl_adapter: 3.1.6 (/opt/ros/humble/share/rosidl_adapter/cmake)\n'}
[1.138325] (tuos_examples) StdoutLine: {'line': b'-- Found rosidl_generator_cpp: 3.1.6 (/opt/ros/humble/share/rosidl_generator_cpp/cmake)\n'}
[1.138663] (tuos_simulations) StdoutLine: {'line': b'-- Found rosidl_generator_cpp: 3.1.6 (/opt/ros/humble/share/rosidl_generator_cpp/cmake)\n'}
[1.138782] (tuos_tb3_tools) StdoutLine: {'line': b'-- Found rosidl_generator_cpp: 3.1.6 (/opt/ros/humble/share/rosidl_generator_cpp/cmake)\n'}
[1.155401] (tuos_simulations) StdoutLine: {'line': b'-- Using all available rosidl_typesupport_c: rosidl_typesupport_fastrtps_c;rosidl_typesupport_introspection_c\n'}
[1.155533] (tuos_tb3_tools) StdoutLine: {'line': b'-- Using all available rosidl_typesupport_c: rosidl_typesupport_fastrtps_c;rosidl_typesupport_introspection_c\n'}
[1.155595] (tuos_examples) StdoutLine: {'line': b'-- Using all available rosidl_typesupport_c: rosidl_typesupport_fastrtps_c;rosidl_typesupport_introspection_c\n'}
[1.165044] (tuos_interfaces) StdoutLine: {'line': b'-- Found rosidl_generator_c: 3.1.6 (/opt/ros/humble/share/rosidl_generator_c/cmake)\n'}
[1.168407] (tuos_interfaces) StdoutLine: {'line': b'-- Found rosidl_adapter: 3.1.6 (/opt/ros/humble/share/rosidl_adapter/cmake)\n'}
[1.173419] (tuos_simulations) StdoutLine: {'line': b'-- Using all available rosidl_typesupport_cpp: rosidl_typesupport_fastrtps_cpp;rosidl_typesupport_introspection_cpp\n'}
[1.173531] (tuos_examples) StdoutLine: {'line': b'-- Using all available rosidl_typesupport_cpp: rosidl_typesupport_fastrtps_cpp;rosidl_typesupport_introspection_cpp\n'}
[1.173580] (tuos_tb3_tools) StdoutLine: {'line': b'-- Using all available rosidl_typesupport_cpp: rosidl_typesupport_fastrtps_cpp;rosidl_typesupport_introspection_cpp\n'}
[1.174140] (tuos_interfaces) StdoutLine: {'line': b'-- Found rosidl_generator_cpp: 3.1.6 (/opt/ros/humble/share/rosidl_generator_cpp/cmake)\n'}
[1.182650] (tuos_interfaces) StdoutLine: {'line': b'-- Using all available rosidl_typesupport_c: rosidl_typesupport_fastrtps_c;rosidl_typesupport_introspection_c\n'}
[1.193883] (tuos_interfaces) StdoutLine: {'line': b'-- Using all available rosidl_typesupport_cpp: rosidl_typesupport_fastrtps_cpp;rosidl_typesupport_introspection_cpp\n'}
[1.201312] (-) TimerEvent: {}
[1.224645] (tuos_interfaces) StdoutLine: {'line': b'-- Found rosidl_default_generators: 1.2.0 (/opt/ros/humble/share/rosidl_default_generators/cmake)\n'}
[1.233260] (tuos_tb3_tools) StdoutLine: {'line': b'-- Found rmw_implementation_cmake: 6.1.2 (/opt/ros/humble/share/rmw_implementation_cmake/cmake)\n'}
[1.233449] (tuos_examples) StdoutLine: {'line': b'-- Found rmw_implementation_cmake: 6.1.2 (/opt/ros/humble/share/rmw_implementation_cmake/cmake)\n'}
[1.236708] (tuos_tb3_tools) StdoutLine: {'line': b'-- Found rmw_fastrtps_cpp: 6.2.7 (/opt/ros/humble/share/rmw_fastrtps_cpp/cmake)\n'}
[1.236898] (tuos_examples) StdoutLine: {'line': b'-- Found rmw_fastrtps_cpp: 6.2.7 (/opt/ros/humble/share/rmw_fastrtps_cpp/cmake)\n'}
[1.268055] (tuos_simulations) StdoutLine: {'line': b'-- Found rmw_implementation_cmake: 6.1.2 (/opt/ros/humble/share/rmw_implementation_cmake/cmake)\n'}
[1.270165] (tuos_simulations) StdoutLine: {'line': b'-- Found rmw_fastrtps_cpp: 6.2.7 (/opt/ros/humble/share/rmw_fastrtps_cpp/cmake)\n'}
[1.301431] (-) TimerEvent: {}
[1.401742] (-) TimerEvent: {}
[1.415943] (tuos_interfaces) StdoutLine: {'line': b'-- Found ament_cmake_ros: 0.10.0 (/opt/ros/humble/share/ament_cmake_ros/cmake)\n'}
[1.501859] (-) TimerEvent: {}
[1.602156] (-) TimerEvent: {}
[1.609621] (tuos_tb3_tools) StdoutLine: {'line': b'-- Found OpenSSL: /usr/lib/x86_64-linux-gnu/libcrypto.so (found version "3.0.2")  \n'}
[1.609765] (tuos_examples) StdoutLine: {'line': b'-- Found OpenSSL: /usr/lib/x86_64-linux-gnu/libcrypto.so (found version "3.0.2")  \n'}
[1.659465] (tuos_interfaces) StdoutLine: {'line': b'-- Using all available rosidl_typesupport_c: rosidl_typesupport_fastrtps_c;rosidl_typesupport_introspection_c\n'}
[1.702291] (-) TimerEvent: {}
[1.745322] (tuos_interfaces) StdoutLine: {'line': b'-- Using all available rosidl_typesupport_cpp: rosidl_typesupport_fastrtps_cpp;rosidl_typesupport_introspection_cpp\n'}
[1.802385] (-) TimerEvent: {}
[1.805026] (tuos_interfaces) StdoutLine: {'line': b'-- Found PythonInterp: /usr/bin/python3 (found suitable version "3.10.12", minimum required is "3.6") \n'}
[1.807042] (tuos_interfaces) StdoutLine: {'line': b'-- Found python_cmake_module: 0.10.0 (/opt/ros/humble/share/python_cmake_module/cmake)\n'}
[1.888796] (tuos_simulations) StdoutLine: {'line': b'-- Found OpenSSL: /usr/lib/x86_64-linux-gnu/libcrypto.so (found version "3.0.2")  \n'}
[1.902529] (-) TimerEvent: {}
[1.961381] (tuos_examples) StdoutLine: {'line': b'-- Found FastRTPS: /opt/ros/humble/include  \n'}
[1.962084] (tuos_tb3_tools) StdoutLine: {'line': b'-- Found FastRTPS: /opt/ros/humble/include  \n'}
[2.002673] (-) TimerEvent: {}
[2.014374] (tuos_interfaces) StdoutLine: {'line': b'-- Found PythonLibs: /usr/lib/x86_64-linux-gnu/libpython3.10.so (found suitable version "3.10.12", minimum required is "3.5") \n'}
[2.014656] (tuos_interfaces) StdoutLine: {'line': b'-- Using PYTHON_EXECUTABLE: /usr/bin/python3\n'}
[2.014732] (tuos_interfaces) StdoutLine: {'line': b'-- Using PYTHON_INCLUDE_DIRS: /usr/include/python3.10\n'}
[2.014775] (tuos_interfaces) StdoutLine: {'line': b'-- Using PYTHON_LIBRARIES: /usr/lib/x86_64-linux-gnu/libpython3.10.so\n'}
[2.032601] (tuos_interfaces) StdoutLine: {'line': b'-- Found PythonExtra: .so  \n'}
[2.082016] (tuos_interfaces) StdoutLine: {'line': b"-- Added test 'copyright' to check source files copyright and LICENSE\n"}
[2.084816] (tuos_interfaces) StdoutLine: {'line': b"-- Added test 'lint_cmake' to check CMake code style\n"}
[2.086327] (tuos_interfaces) StdoutLine: {'line': b"-- Added test 'xmllint' to check XML markup files\n"}
[2.093571] (tuos_interfaces) StdoutLine: {'line': b'-- Configuring done\n'}
[2.102785] (-) TimerEvent: {}
[2.125366] (tuos_interfaces) StdoutLine: {'line': b'-- Generating done\n'}
[2.135091] (tuos_interfaces) StdoutLine: {'line': b'-- Build files have been written to: /home/student/ros2_ws/build/tuos_interfaces\n'}
[2.141740] (tuos_interfaces) CommandEnded: {'returncode': 0}
[2.142457] (tuos_interfaces) JobProgress: {'identifier': 'tuos_interfaces', 'progress': 'build'}
[2.143073] (tuos_interfaces) Command: {'cmd': ['/usr/bin/cmake', '--build', '/home/student/ros2_ws/build/tuos_interfaces', '--', '-j12', '-l12'], 'cwd': '/home/student/ros2_ws/build/tuos_interfaces', 'env': OrderedDict([('LESSOPEN', '| /usr/bin/lesspipe %s'), ('USER', 'student'), ('WINHOMEDRIVE', 'U:'), ('SHLVL', '1'), ('LIBGL_ALWAYS_SOFTWARE', 'true'), ('LD_LIBRARY_PATH', '/usr/lib/x86_64-linux-gnu/gazebo-11/plugins:/opt/ros/humble/opt/rviz_ogre_vendor/lib:/opt/ros/humble/lib/x86_64-linux-gnu:/opt/ros/humble/lib:/usr/share/gazebo/../../lib/x86_64-linux-gnu/gazebo-11/plugins:'), ('WT_PROFILE_ID', '{cfe200f4-993a-5872-ad3b-a2178e70b07c}'), ('HOME', '/home/student'), ('OLDPWD', '/home/student/ros2_ws/src'), ('WSL_ROS_VER', '2425.01'), ('GAZEBO_MASTER_URI', 'http://localhost:11345'), ('ROS_PYTHON_VERSION', '3'), ('WSL_DISTRO_NAME', 'WSL-ROS2'), ('_colcon_cd_root', '/opt/ros/humble/'), ('MANWIN', 'true'), ('WAYLAND_DISPLAY', 'wayland-0'), ('ROS_DISTRO', 'humble'), ('LOGNAME', 'student'), ('NAME', 'UOS00BE4391A287'), ('WSL_INTEROP', '/run/WSL/10_interop'), ('PULSE_SERVER', 'unix:/mnt/wslg/PulseServer'), ('_', '/usr/bin/colcon'), ('ROS_VERSION', '2'), ('XSERVER', 'true'), ('TERM', 'xterm-256color'), ('GAZEBO_MODEL_PATH', '/usr/share/gazebo/../../share/gazebo-11/models:'), ('LIBGL_ALWAYS_INDIRECT', ''), ('ROS_LOCALHOST_ONLY', '1'), ('OGRE_RESOURCE_PATH', '/usr/lib/x86_64-linux-gnu/OGRE-1.9.0'), ('PATH', '/opt/ros/humble/bin:/usr/local/sbin:/usr/local/bin:/usr/sbin:/usr/bin:/sbin:/bin:/usr/games:/usr/local/games:/usr/lib/wsl/lib:/mnt/c/Program Files (x86)/Common Files/Oracle/Java/java8path:/mnt/c/Program Files (x86)/Common Files/Oracle/Java/javapath:/mnt/c/Windows/CCM/:/mnt/c/Windows/system32:/mnt/c/Windows:/mnt/c/Windows/System32/Wbem:/mnt/c/Windows/System32/WindowsPowerShell/v1.0/:/mnt/c/Windows/System32/OpenSSH/:/mnt/c/Windows/system32/config/systemprofile/AppData/Local/Microsoft/WindowsApps:/mnt/c/Program Files/Java/jdk-17.0.4/bin:/mnt/c/Program Files/Common Files/AspenTech Shared/:/mnt/c/Program Files/dotnet/:/mnt/c/Users/eia21mw/AppData/Local/Microsoft/WindowsApps'), ('WT_SESSION', '801c7dc4-bf87-413f-b917-5ade9b5ddcad'), ('XDG_RUNTIME_DIR', '/mnt/wslg/runtime-dir'), ('DISPLAY', '172.16.131.147:0.0'), ('LANG', 'en_GB.UTF-8'), ('LS_COLORS', 'rs=0:di=01;34:ln=01;36:mh=00:pi=40;33:so=01;35:do=01;35:bd=40;33;01:cd=40;33;01:or=40;31;01:mi=00:su=37;41:sg=30;43:ca=30;41:tw=30;42:ow=34;42:st=37;44:ex=01;32:*.tar=01;31:*.tgz=01;31:*.arc=01;31:*.arj=01;31:*.taz=01;31:*.lha=01;31:*.lz4=01;31:*.lzh=01;31:*.lzma=01;31:*.tlz=01;31:*.txz=01;31:*.tzo=01;31:*.t7z=01;31:*.zip=01;31:*.z=01;31:*.dz=01;31:*.gz=01;31:*.lrz=01;31:*.lz=01;31:*.lzo=01;31:*.xz=01;31:*.zst=01;31:*.tzst=01;31:*.bz2=01;31:*.bz=01;31:*.tbz=01;31:*.tbz2=01;31:*.tz=01;31:*.deb=01;31:*.rpm=01;31:*.jar=01;31:*.war=01;31:*.ear=01;31:*.sar=01;31:*.rar=01;31:*.alz=01;31:*.ace=01;31:*.zoo=01;31:*.cpio=01;31:*.7z=01;31:*.rz=01;31:*.cab=01;31:*.wim=01;31:*.swm=01;31:*.dwm=01;31:*.esd=01;31:*.jpg=01;35:*.jpeg=01;35:*.mjpg=01;35:*.mjpeg=01;35:*.gif=01;35:*.bmp=01;35:*.pbm=01;35:*.pgm=01;35:*.ppm=01;35:*.tga=01;35:*.xbm=01;35:*.xpm=01;35:*.tif=01;35:*.tiff=01;35:*.png=01;35:*.svg=01;35:*.svgz=01;35:*.mng=01;35:*.pcx=01;35:*.mov=01;35:*.mpg=01;35:*.mpeg=01;35:*.m2v=01;35:*.mkv=01;35:*.webm=01;35:*.webp=01;35:*.ogm=01;35:*.mp4=01;35:*.m4v=01;35:*.mp4v=01;35:*.vob=01;35:*.qt=01;35:*.nuv=01;35:*.wmv=01;35:*.asf=01;35:*.rm=01;35:*.rmvb=01;35:*.flc=01;35:*.avi=01;35:*.fli=01;35:*.flv=01;35:*.gl=01;35:*.dl=01;35:*.xcf=01;35:*.xwd=01;35:*.yuv=01;35:*.cgm=01;35:*.emf=01;35:*.ogv=01;35:*.ogx=01;35:*.aac=00;36:*.au=00;36:*.flac=00;36:*.m4a=00;36:*.mid=00;36:*.midi=00;36:*.mka=00;36:*.mp3=00;36:*.mpc=00;36:*.ogg=00;36:*.ra=00;36:*.wav=00;36:*.oga=00;36:*.opus=00;36:*.spx=00;36:*.xspf=00;36:'), ('ROS_DOMAIN_ID', '1'), ('AMENT_PREFIX_PATH', '/opt/ros/humble'), ('SHELL', '/bin/bash'), ('LESSCLOSE', '/usr/bin/lesspipe %s %s'), ('GAZEBO_IP', '127.0.0.1'), ('GAZEBO_RESOURCE_PATH', '/usr/share/gazebo/../../share/gazebo-11:'), ('GAZEBO_MODEL_DATABASE_URI', 'http://models.gazebosim.org'), ('PWD', '/home/student/ros2_ws/build/tuos_interfaces'), ('TURTLEBOT3_MODEL', 'waffle'), ('GAZEBO_PLUGIN_PATH', '/usr/share/gazebo/../../lib/x86_64-linux-gnu/gazebo-11/plugins:'), ('PYTHONPATH', '/opt/ros/humble/lib/python3.10/site-packages:/opt/ros/humble/local/lib/python3.10/dist-packages'), ('COLCON', '1'), ('WSL2_GUI_APPS_ENABLED', '1'), ('HOSTTYPE', 'x86_64'), ('WINUSER', 'eia21mw'), ('WSLENV', 'WT_SESSION:WT_PROFILE_ID:'), ('CMAKE_PREFIX_PATH', '/opt/ros/humble')]), 'shell': False}
[2.170804] (tuos_interfaces) StdoutLine: {'line': b'[  2%] \x1b[34m\x1b[1mGenerating C code for ROS interfaces\x1b[0m\n'}
[2.178936] (tuos_interfaces) StdoutLine: {'line': b'[  4%] \x1b[34m\x1b[1mGenerating C++ code for ROS interfaces\x1b[0m\n'}
[2.192963] (tuos_interfaces) StdoutLine: {'line': b'[  4%] Built target ament_cmake_python_copy_tuos_interfaces\n'}
[2.202912] (-) TimerEvent: {}
[2.303288] (-) TimerEvent: {}
[2.362460] (tuos_simulations) StdoutLine: {'line': b'-- Found FastRTPS: /opt/ros/humble/include  \n'}
[2.403404] (-) TimerEvent: {}
[2.423041] (tuos_interfaces) StdoutLine: {'line': b'running egg_info\n'}
[2.423571] (tuos_interfaces) StdoutLine: {'line': b'creating tuos_interfaces.egg-info\n'}
[2.423876] (tuos_interfaces) StdoutLine: {'line': b'writing tuos_interfaces.egg-info/PKG-INFO\n'}
[2.424068] (tuos_interfaces) StdoutLine: {'line': b'writing dependency_links to tuos_interfaces.egg-info/dependency_links.txt\n'}
[2.424247] (tuos_interfaces) StdoutLine: {'line': b'writing top-level names to tuos_interfaces.egg-info/top_level.txt\n'}
[2.424415] (tuos_interfaces) StdoutLine: {'line': b"writing manifest file 'tuos_interfaces.egg-info/SOURCES.txt'\n"}
[2.426839] (tuos_interfaces) StdoutLine: {'line': b"reading manifest file 'tuos_interfaces.egg-info/SOURCES.txt'\n"}
[2.427333] (tuos_interfaces) StdoutLine: {'line': b"writing manifest file 'tuos_interfaces.egg-info/SOURCES.txt'\n"}
[2.452223] (tuos_interfaces) StdoutLine: {'line': b'[  4%] Built target ament_cmake_python_build_tuos_interfaces_egg\n'}
[2.503555] (-) TimerEvent: {}
[2.603884] (-) TimerEvent: {}
[2.704206] (-) TimerEvent: {}
[2.743330] (tuos_interfaces) StdoutLine: {'line': b'[  4%] Built target tuos_interfaces__cpp\n'}
[2.752664] (tuos_interfaces) StdoutLine: {'line': b'[  6%] \x1b[34m\x1b[1mGenerating C++ type support for eProsima Fast-RTPS\x1b[0m\n'}
[2.753359] (tuos_interfaces) StdoutLine: {'line': b'[  8%] \x1b[34m\x1b[1mGenerating C++ type support dispatch for ROS interfaces\x1b[0m\n'}
[2.753971] (tuos_interfaces) StdoutLine: {'line': b'[ 10%] \x1b[34m\x1b[1mGenerating C++ introspection for ROS interfaces\x1b[0m\n'}
[2.790421] (tuos_interfaces) StdoutLine: {'line': b'[ 14%] \x1b[32mBuilding C object CMakeFiles/tuos_interfaces__rosidl_generator_c.dir/rosidl_generator_c/tuos_interfaces/msg/detail/num__functions.c.o\x1b[0m\n'}
[2.790667] (tuos_interfaces) StdoutLine: {'line': b'[ 14%] \x1b[32mBuilding C object CMakeFiles/tuos_interfaces__rosidl_generator_c.dir/rosidl_generator_c/tuos_interfaces/action/detail/camera_sweep__functions.c.o\x1b[0m\n'}
[2.792239] (tuos_interfaces) StdoutLine: {'line': b'[ 17%] \x1b[32mBuilding C object CMakeFiles/tuos_interfaces__rosidl_generator_c.dir/rosidl_generator_c/tuos_interfaces/srv/detail/number_game__functions.c.o\x1b[0m\n'}
[2.804342] (-) TimerEvent: {}
[2.904732] (-) TimerEvent: {}
[2.908276] (tuos_examples) StdoutLine: {'line': b"-- Using RMW implementation 'rmw_fastrtps_cpp' as default\n"}
[2.921085] (tuos_examples) StdoutLine: {'line': b'-- Looking for pthread.h\n'}
[2.944603] (tuos_interfaces) StdoutLine: {'line': b'[ 19%] \x1b[32m\x1b[1mLinking C shared library libtuos_interfaces__rosidl_generator_c.so\x1b[0m\n'}
[3.004862] (-) TimerEvent: {}
[3.009180] (tuos_interfaces) StdoutLine: {'line': b'[ 19%] Built target tuos_interfaces__rosidl_generator_c\n'}
[3.017831] (tuos_examples) StdoutLine: {'line': b'-- Looking for pthread.h - found\n'}
[3.018355] (tuos_examples) StdoutLine: {'line': b'-- Performing Test CMAKE_HAVE_LIBC_PTHREAD\n'}
[3.019469] (tuos_interfaces) StdoutLine: {'line': b'[ 21%] \x1b[34m\x1b[1mGenerating C introspection for ROS interfaces\x1b[0m\n'}
[3.019846] (tuos_interfaces) StdoutLine: {'line': b'[ 23%] \x1b[34m\x1b[1mGenerating C type support dispatch for ROS interfaces\x1b[0m\n'}
[3.019969] (tuos_interfaces) StdoutLine: {'line': b'[ 25%] \x1b[34m\x1b[1mGenerating C type support for eProsima Fast-RTPS\x1b[0m\n'}
[3.105064] (-) TimerEvent: {}
[3.147216] (tuos_examples) StdoutLine: {'line': b'-- Performing Test CMAKE_HAVE_LIBC_PTHREAD - Success\n'}
[3.148413] (tuos_examples) StdoutLine: {'line': b'-- Found Threads: TRUE  \n'}
[3.205190] (-) TimerEvent: {}
[3.233575] (tuos_examples) StdoutLine: {'line': b'-- Found rclpy: 3.3.15 (/opt/ros/humble/share/rclpy/cmake)\n'}
[3.236916] (tuos_interfaces) StdoutLine: {'line': b'[ 31%] \x1b[32mBuilding CXX object CMakeFiles/tuos_interfaces__rosidl_typesupport_cpp.dir/rosidl_typesupport_cpp/tuos_interfaces/srv/number_game__type_support.cpp.o\x1b[0m\n'}
[3.237175] (tuos_interfaces) StdoutLine: {'line': b'[ 31%] \x1b[32mBuilding CXX object CMakeFiles/tuos_interfaces__rosidl_typesupport_cpp.dir/rosidl_typesupport_cpp/tuos_interfaces/msg/num__type_support.cpp.o\x1b[0m\n'}
[3.237271] (tuos_interfaces) StdoutLine: {'line': b'[ 31%] \x1b[32mBuilding CXX object CMakeFiles/tuos_interfaces__rosidl_typesupport_cpp.dir/rosidl_typesupport_cpp/tuos_interfaces/action/camera_sweep__type_support.cpp.o\x1b[0m\n'}
[3.243930] (tuos_tb3_tools) StdoutLine: {'line': b"-- Using RMW implementation 'rmw_fastrtps_cpp' as default\n"}
[3.253077] (tuos_tb3_tools) StdoutLine: {'line': b'-- Looking for pthread.h\n'}
[3.305305] (-) TimerEvent: {}
[3.311654] (tuos_interfaces) StdoutLine: {'line': b'[ 34%] \x1b[32mBuilding CXX object CMakeFiles/tuos_interfaces__rosidl_typesupport_introspection_cpp.dir/rosidl_typesupport_introspection_cpp/tuos_interfaces/srv/detail/number_game__type_support.cpp.o\x1b[0m\n'}
[3.311961] (tuos_interfaces) StdoutLine: {'line': b'[ 36%] \x1b[32mBuilding CXX object CMakeFiles/tuos_interfaces__rosidl_typesupport_introspection_cpp.dir/rosidl_typesupport_introspection_cpp/tuos_interfaces/msg/detail/num__type_support.cpp.o\x1b[0m\n'}
[3.312174] (tuos_interfaces) StdoutLine: {'line': b'[ 38%] \x1b[32mBuilding CXX object CMakeFiles/tuos_interfaces__rosidl_typesupport_introspection_cpp.dir/rosidl_typesupport_introspection_cpp/tuos_interfaces/action/detail/camera_sweep__type_support.cpp.o\x1b[0m\n'}
[3.388137] (tuos_tb3_tools) StdoutLine: {'line': b'-- Looking for pthread.h - found\n'}
[3.388400] (tuos_tb3_tools) StdoutLine: {'line': b'-- Performing Test CMAKE_HAVE_LIBC_PTHREAD\n'}
[3.405432] (-) TimerEvent: {}
[3.440866] (tuos_examples) StdoutLine: {'line': b'-- Configuring done\n'}
[3.465852] (tuos_examples) StdoutLine: {'line': b'-- Generating done\n'}
[3.479642] (tuos_examples) StdoutLine: {'line': b'-- Build files have been written to: /home/student/ros2_ws/build/tuos_examples\n'}
[3.489199] (tuos_interfaces) StdoutLine: {'line': b'[ 40%] \x1b[32mBuilding CXX object CMakeFiles/tuos_interfaces__rosidl_typesupport_fastrtps_cpp.dir/rosidl_typesupport_fastrtps_cpp/tuos_interfaces/action/detail/dds_fastrtps/camera_sweep__type_support.cpp.o\x1b[0m\n'}
[3.493356] (tuos_examples) CommandEnded: {'returncode': 0}
[3.493856] (tuos_examples) JobProgress: {'identifier': 'tuos_examples', 'progress': 'build'}
[3.493892] (tuos_examples) Command: {'cmd': ['/usr/bin/cmake', '--build', '/home/student/ros2_ws/build/tuos_examples', '--', '-j12', '-l12'], 'cwd': '/home/student/ros2_ws/build/tuos_examples', 'env': OrderedDict([('LESSOPEN', '| /usr/bin/lesspipe %s'), ('USER', 'student'), ('WINHOMEDRIVE', 'U:'), ('SHLVL', '1'), ('LIBGL_ALWAYS_SOFTWARE', 'true'), ('LD_LIBRARY_PATH', '/usr/lib/x86_64-linux-gnu/gazebo-11/plugins:/opt/ros/humble/opt/rviz_ogre_vendor/lib:/opt/ros/humble/lib/x86_64-linux-gnu:/opt/ros/humble/lib:/usr/share/gazebo/../../lib/x86_64-linux-gnu/gazebo-11/plugins:'), ('WT_PROFILE_ID', '{cfe200f4-993a-5872-ad3b-a2178e70b07c}'), ('HOME', '/home/student'), ('OLDPWD', '/home/student/ros2_ws/src'), ('WSL_ROS_VER', '2425.01'), ('GAZEBO_MASTER_URI', 'http://localhost:11345'), ('ROS_PYTHON_VERSION', '3'), ('WSL_DISTRO_NAME', 'WSL-ROS2'), ('_colcon_cd_root', '/opt/ros/humble/'), ('MANWIN', 'true'), ('WAYLAND_DISPLAY', 'wayland-0'), ('ROS_DISTRO', 'humble'), ('LOGNAME', 'student'), ('NAME', 'UOS00BE4391A287'), ('WSL_INTEROP', '/run/WSL/10_interop'), ('PULSE_SERVER', 'unix:/mnt/wslg/PulseServer'), ('_', '/usr/bin/colcon'), ('ROS_VERSION', '2'), ('XSERVER', 'true'), ('TERM', 'xterm-256color'), ('GAZEBO_MODEL_PATH', '/usr/share/gazebo/../../share/gazebo-11/models:'), ('LIBGL_ALWAYS_INDIRECT', ''), ('ROS_LOCALHOST_ONLY', '1'), ('OGRE_RESOURCE_PATH', '/usr/lib/x86_64-linux-gnu/OGRE-1.9.0'), ('PATH', '/opt/ros/humble/bin:/usr/local/sbin:/usr/local/bin:/usr/sbin:/usr/bin:/sbin:/bin:/usr/games:/usr/local/games:/usr/lib/wsl/lib:/mnt/c/Program Files (x86)/Common Files/Oracle/Java/java8path:/mnt/c/Program Files (x86)/Common Files/Oracle/Java/javapath:/mnt/c/Windows/CCM/:/mnt/c/Windows/system32:/mnt/c/Windows:/mnt/c/Windows/System32/Wbem:/mnt/c/Windows/System32/WindowsPowerShell/v1.0/:/mnt/c/Windows/System32/OpenSSH/:/mnt/c/Windows/system32/config/systemprofile/AppData/Local/Microsoft/WindowsApps:/mnt/c/Program Files/Java/jdk-17.0.4/bin:/mnt/c/Program Files/Common Files/AspenTech Shared/:/mnt/c/Program Files/dotnet/:/mnt/c/Users/eia21mw/AppData/Local/Microsoft/WindowsApps'), ('WT_SESSION', '801c7dc4-bf87-413f-b917-5ade9b5ddcad'), ('XDG_RUNTIME_DIR', '/mnt/wslg/runtime-dir'), ('DISPLAY', '172.16.131.147:0.0'), ('LANG', 'en_GB.UTF-8'), ('LS_COLORS', 'rs=0:di=01;34:ln=01;36:mh=00:pi=40;33:so=01;35:do=01;35:bd=40;33;01:cd=40;33;01:or=40;31;01:mi=00:su=37;41:sg=30;43:ca=30;41:tw=30;42:ow=34;42:st=37;44:ex=01;32:*.tar=01;31:*.tgz=01;31:*.arc=01;31:*.arj=01;31:*.taz=01;31:*.lha=01;31:*.lz4=01;31:*.lzh=01;31:*.lzma=01;31:*.tlz=01;31:*.txz=01;31:*.tzo=01;31:*.t7z=01;31:*.zip=01;31:*.z=01;31:*.dz=01;31:*.gz=01;31:*.lrz=01;31:*.lz=01;31:*.lzo=01;31:*.xz=01;31:*.zst=01;31:*.tzst=01;31:*.bz2=01;31:*.bz=01;31:*.tbz=01;31:*.tbz2=01;31:*.tz=01;31:*.deb=01;31:*.rpm=01;31:*.jar=01;31:*.war=01;31:*.ear=01;31:*.sar=01;31:*.rar=01;31:*.alz=01;31:*.ace=01;31:*.zoo=01;31:*.cpio=01;31:*.7z=01;31:*.rz=01;31:*.cab=01;31:*.wim=01;31:*.swm=01;31:*.dwm=01;31:*.esd=01;31:*.jpg=01;35:*.jpeg=01;35:*.mjpg=01;35:*.mjpeg=01;35:*.gif=01;35:*.bmp=01;35:*.pbm=01;35:*.pgm=01;35:*.ppm=01;35:*.tga=01;35:*.xbm=01;35:*.xpm=01;35:*.tif=01;35:*.tiff=01;35:*.png=01;35:*.svg=01;35:*.svgz=01;35:*.mng=01;35:*.pcx=01;35:*.mov=01;35:*.mpg=01;35:*.mpeg=01;35:*.m2v=01;35:*.mkv=01;35:*.webm=01;35:*.webp=01;35:*.ogm=01;35:*.mp4=01;35:*.m4v=01;35:*.mp4v=01;35:*.vob=01;35:*.qt=01;35:*.nuv=01;35:*.wmv=01;35:*.asf=01;35:*.rm=01;35:*.rmvb=01;35:*.flc=01;35:*.avi=01;35:*.fli=01;35:*.flv=01;35:*.gl=01;35:*.dl=01;35:*.xcf=01;35:*.xwd=01;35:*.yuv=01;35:*.cgm=01;35:*.emf=01;35:*.ogv=01;35:*.ogx=01;35:*.aac=00;36:*.au=00;36:*.flac=00;36:*.m4a=00;36:*.mid=00;36:*.midi=00;36:*.mka=00;36:*.mp3=00;36:*.mpc=00;36:*.ogg=00;36:*.ra=00;36:*.wav=00;36:*.oga=00;36:*.opus=00;36:*.spx=00;36:*.xspf=00;36:'), ('ROS_DOMAIN_ID', '1'), ('AMENT_PREFIX_PATH', '/opt/ros/humble'), ('SHELL', '/bin/bash'), ('LESSCLOSE', '/usr/bin/lesspipe %s %s'), ('GAZEBO_IP', '127.0.0.1'), ('GAZEBO_RESOURCE_PATH', '/usr/share/gazebo/../../share/gazebo-11:'), ('GAZEBO_MODEL_DATABASE_URI', 'http://models.gazebosim.org'), ('PWD', '/home/student/ros2_ws/build/tuos_examples'), ('TURTLEBOT3_MODEL', 'waffle'), ('GAZEBO_PLUGIN_PATH', '/usr/share/gazebo/../../lib/x86_64-linux-gnu/gazebo-11/plugins:'), ('PYTHONPATH', '/opt/ros/humble/lib/python3.10/site-packages:/opt/ros/humble/local/lib/python3.10/dist-packages'), ('COLCON', '1'), ('WSL2_GUI_APPS_ENABLED', '1'), ('HOSTTYPE', 'x86_64'), ('WINUSER', 'eia21mw'), ('WSLENV', 'WT_SESSION:WT_PROFILE_ID:'), ('CMAKE_PREFIX_PATH', '/opt/ros/humble')]), 'shell': False}
[3.500810] (tuos_interfaces) StdoutLine: {'line': b'[ 42%] \x1b[32mBuilding CXX object CMakeFiles/tuos_interfaces__rosidl_typesupport_fastrtps_cpp.dir/rosidl_typesupport_fastrtps_cpp/tuos_interfaces/srv/detail/dds_fastrtps/number_game__type_support.cpp.o\x1b[0m\n'}
[3.505547] (-) TimerEvent: {}
[3.508768] (tuos_interfaces) StdoutLine: {'line': b'[ 44%] \x1b[32mBuilding CXX object CMakeFiles/tuos_interfaces__rosidl_typesupport_fastrtps_cpp.dir/rosidl_typesupport_fastrtps_cpp/tuos_interfaces/msg/detail/dds_fastrtps/num__type_support.cpp.o\x1b[0m\n'}
[3.559641] (tuos_tb3_tools) StdoutLine: {'line': b'-- Performing Test CMAKE_HAVE_LIBC_PTHREAD - Success\n'}
[3.561760] (tuos_tb3_tools) StdoutLine: {'line': b'-- Found Threads: TRUE  \n'}
[3.605672] (-) TimerEvent: {}
[3.629177] (tuos_examples) StdoutLine: {'line': b'[ 50%] \x1b[32mBuilding CXX object CMakeFiles/cpp_executable.dir/src/minimal_node.cpp.o\x1b[0m\n'}
[3.650850] (tuos_tb3_tools) StdoutLine: {'line': b'-- Found rclpy: 3.3.15 (/opt/ros/humble/share/rclpy/cmake)\n'}
[3.660429] (tuos_examples) StdoutLine: {'line': b'[ 50%] Built target ament_cmake_python_copy_tuos_examples\n'}
[3.685459] (tuos_interfaces) StdoutLine: {'line': b'[ 46%] \x1b[32mBuilding CXX object CMakeFiles/tuos_interfaces__rosidl_typesupport_c.dir/rosidl_typesupport_c/tuos_interfaces/msg/num__type_support.cpp.o\x1b[0m\n'}
[3.686278] (tuos_interfaces) StdoutLine: {'line': b'[ 48%] \x1b[32mBuilding CXX object CMakeFiles/tuos_interfaces__rosidl_typesupport_c.dir/rosidl_typesupport_c/tuos_interfaces/action/camera_sweep__type_support.cpp.o\x1b[0m\n'}
[3.705801] (-) TimerEvent: {}
[3.762604] (tuos_tb3_tools) StdoutLine: {'line': b'-- Configuring done\n'}
[3.778920] (tuos_tb3_tools) StdoutLine: {'line': b'-- Generating done\n'}
[3.784475] (tuos_tb3_tools) StdoutLine: {'line': b'-- Build files have been written to: /home/student/ros2_ws/build/tuos_tb3_tools\n'}
[3.805937] (-) TimerEvent: {}
[3.806341] (tuos_interfaces) StdoutLine: {'line': b'[ 51%] \x1b[32mBuilding CXX object CMakeFiles/tuos_interfaces__rosidl_typesupport_c.dir/rosidl_typesupport_c/tuos_interfaces/srv/number_game__type_support.cpp.o\x1b[0m\n'}
[3.812249] (tuos_tb3_tools) CommandEnded: {'returncode': 0}
[3.812818] (tuos_tb3_tools) JobProgress: {'identifier': 'tuos_tb3_tools', 'progress': 'build'}
[3.812858] (tuos_tb3_tools) Command: {'cmd': ['/usr/bin/cmake', '--build', '/home/student/ros2_ws/build/tuos_tb3_tools', '--', '-j12', '-l12'], 'cwd': '/home/student/ros2_ws/build/tuos_tb3_tools', 'env': OrderedDict([('LESSOPEN', '| /usr/bin/lesspipe %s'), ('USER', 'student'), ('WINHOMEDRIVE', 'U:'), ('SHLVL', '1'), ('LIBGL_ALWAYS_SOFTWARE', 'true'), ('LD_LIBRARY_PATH', '/usr/lib/x86_64-linux-gnu/gazebo-11/plugins:/opt/ros/humble/opt/rviz_ogre_vendor/lib:/opt/ros/humble/lib/x86_64-linux-gnu:/opt/ros/humble/lib:/usr/share/gazebo/../../lib/x86_64-linux-gnu/gazebo-11/plugins:'), ('WT_PROFILE_ID', '{cfe200f4-993a-5872-ad3b-a2178e70b07c}'), ('HOME', '/home/student'), ('OLDPWD', '/home/student/ros2_ws/src'), ('WSL_ROS_VER', '2425.01'), ('GAZEBO_MASTER_URI', 'http://localhost:11345'), ('ROS_PYTHON_VERSION', '3'), ('WSL_DISTRO_NAME', 'WSL-ROS2'), ('_colcon_cd_root', '/opt/ros/humble/'), ('MANWIN', 'true'), ('WAYLAND_DISPLAY', 'wayland-0'), ('ROS_DISTRO', 'humble'), ('LOGNAME', 'student'), ('NAME', 'UOS00BE4391A287'), ('WSL_INTEROP', '/run/WSL/10_interop'), ('PULSE_SERVER', 'unix:/mnt/wslg/PulseServer'), ('_', '/usr/bin/colcon'), ('ROS_VERSION', '2'), ('XSERVER', 'true'), ('TERM', 'xterm-256color'), ('GAZEBO_MODEL_PATH', '/usr/share/gazebo/../../share/gazebo-11/models:'), ('LIBGL_ALWAYS_INDIRECT', ''), ('ROS_LOCALHOST_ONLY', '1'), ('OGRE_RESOURCE_PATH', '/usr/lib/x86_64-linux-gnu/OGRE-1.9.0'), ('PATH', '/opt/ros/humble/bin:/usr/local/sbin:/usr/local/bin:/usr/sbin:/usr/bin:/sbin:/bin:/usr/games:/usr/local/games:/usr/lib/wsl/lib:/mnt/c/Program Files (x86)/Common Files/Oracle/Java/java8path:/mnt/c/Program Files (x86)/Common Files/Oracle/Java/javapath:/mnt/c/Windows/CCM/:/mnt/c/Windows/system32:/mnt/c/Windows:/mnt/c/Windows/System32/Wbem:/mnt/c/Windows/System32/WindowsPowerShell/v1.0/:/mnt/c/Windows/System32/OpenSSH/:/mnt/c/Windows/system32/config/systemprofile/AppData/Local/Microsoft/WindowsApps:/mnt/c/Program Files/Java/jdk-17.0.4/bin:/mnt/c/Program Files/Common Files/AspenTech Shared/:/mnt/c/Program Files/dotnet/:/mnt/c/Users/eia21mw/AppData/Local/Microsoft/WindowsApps'), ('WT_SESSION', '801c7dc4-bf87-413f-b917-5ade9b5ddcad'), ('XDG_RUNTIME_DIR', '/mnt/wslg/runtime-dir'), ('DISPLAY', '172.16.131.147:0.0'), ('LANG', 'en_GB.UTF-8'), ('LS_COLORS', 'rs=0:di=01;34:ln=01;36:mh=00:pi=40;33:so=01;35:do=01;35:bd=40;33;01:cd=40;33;01:or=40;31;01:mi=00:su=37;41:sg=30;43:ca=30;41:tw=30;42:ow=34;42:st=37;44:ex=01;32:*.tar=01;31:*.tgz=01;31:*.arc=01;31:*.arj=01;31:*.taz=01;31:*.lha=01;31:*.lz4=01;31:*.lzh=01;31:*.lzma=01;31:*.tlz=01;31:*.txz=01;31:*.tzo=01;31:*.t7z=01;31:*.zip=01;31:*.z=01;31:*.dz=01;31:*.gz=01;31:*.lrz=01;31:*.lz=01;31:*.lzo=01;31:*.xz=01;31:*.zst=01;31:*.tzst=01;31:*.bz2=01;31:*.bz=01;31:*.tbz=01;31:*.tbz2=01;31:*.tz=01;31:*.deb=01;31:*.rpm=01;31:*.jar=01;31:*.war=01;31:*.ear=01;31:*.sar=01;31:*.rar=01;31:*.alz=01;31:*.ace=01;31:*.zoo=01;31:*.cpio=01;31:*.7z=01;31:*.rz=01;31:*.cab=01;31:*.wim=01;31:*.swm=01;31:*.dwm=01;31:*.esd=01;31:*.jpg=01;35:*.jpeg=01;35:*.mjpg=01;35:*.mjpeg=01;35:*.gif=01;35:*.bmp=01;35:*.pbm=01;35:*.pgm=01;35:*.ppm=01;35:*.tga=01;35:*.xbm=01;35:*.xpm=01;35:*.tif=01;35:*.tiff=01;35:*.png=01;35:*.svg=01;35:*.svgz=01;35:*.mng=01;35:*.pcx=01;35:*.mov=01;35:*.mpg=01;35:*.mpeg=01;35:*.m2v=01;35:*.mkv=01;35:*.webm=01;35:*.webp=01;35:*.ogm=01;35:*.mp4=01;35:*.m4v=01;35:*.mp4v=01;35:*.vob=01;35:*.qt=01;35:*.nuv=01;35:*.wmv=01;35:*.asf=01;35:*.rm=01;35:*.rmvb=01;35:*.flc=01;35:*.avi=01;35:*.fli=01;35:*.flv=01;35:*.gl=01;35:*.dl=01;35:*.xcf=01;35:*.xwd=01;35:*.yuv=01;35:*.cgm=01;35:*.emf=01;35:*.ogv=01;35:*.ogx=01;35:*.aac=00;36:*.au=00;36:*.flac=00;36:*.m4a=00;36:*.mid=00;36:*.midi=00;36:*.mka=00;36:*.mp3=00;36:*.mpc=00;36:*.ogg=00;36:*.ra=00;36:*.wav=00;36:*.oga=00;36:*.opus=00;36:*.spx=00;36:*.xspf=00;36:'), ('ROS_DOMAIN_ID', '1'), ('AMENT_PREFIX_PATH', '/opt/ros/humble'), ('SHELL', '/bin/bash'), ('LESSCLOSE', '/usr/bin/lesspipe %s %s'), ('GAZEBO_IP', '127.0.0.1'), ('GAZEBO_RESOURCE_PATH', '/usr/share/gazebo/../../share/gazebo-11:'), ('GAZEBO_MODEL_DATABASE_URI', 'http://models.gazebosim.org'), ('PWD', '/home/student/ros2_ws/build/tuos_tb3_tools'), ('TURTLEBOT3_MODEL', 'waffle'), ('GAZEBO_PLUGIN_PATH', '/usr/share/gazebo/../../lib/x86_64-linux-gnu/gazebo-11/plugins:'), ('PYTHONPATH', '/opt/ros/humble/lib/python3.10/site-packages:/opt/ros/humble/local/lib/python3.10/dist-packages'), ('COLCON', '1'), ('WSL2_GUI_APPS_ENABLED', '1'), ('HOSTTYPE', 'x86_64'), ('WINUSER', 'eia21mw'), ('WSLENV', 'WT_SESSION:WT_PROFILE_ID:'), ('CMAKE_PREFIX_PATH', '/opt/ros/humble')]), 'shell': False}
[3.837465] (tuos_simulations) StdoutLine: {'line': b"-- Using RMW implementation 'rmw_fastrtps_cpp' as default\n"}
[3.851643] (tuos_simulations) StdoutLine: {'line': b'-- Looking for pthread.h\n'}
[3.854464] (tuos_interfaces) StdoutLine: {'line': b'[ 55%] \x1b[32mBuilding C object CMakeFiles/tuos_interfaces__rosidl_typesupport_introspection_c.dir/rosidl_typesupport_introspection_c/tuos_interfaces/action/detail/camera_sweep__type_support.c.o\x1b[0m\n'}
[3.854815] (tuos_interfaces) StdoutLine: {'line': b'[ 55%] \x1b[32mBuilding C object CMakeFiles/tuos_interfaces__rosidl_typesupport_introspection_c.dir/rosidl_typesupport_introspection_c/tuos_interfaces/msg/detail/num__type_support.c.o\x1b[0m\n'}
[3.858499] (tuos_interfaces) StdoutLine: {'line': b'[ 57%] \x1b[32mBuilding C object CMakeFiles/tuos_interfaces__rosidl_typesupport_introspection_c.dir/rosidl_typesupport_introspection_c/tuos_interfaces/srv/detail/number_game__type_support.c.o\x1b[0m\n'}
[3.873336] (tuos_interfaces) StdoutLine: {'line': b'[ 59%] \x1b[32m\x1b[1mLinking CXX shared library libtuos_interfaces__rosidl_typesupport_c.so\x1b[0m\n'}
[3.884136] (tuos_tb3_tools) StdoutLine: {'line': b'[ 50%] \x1b[32mBuilding CXX object CMakeFiles/cpp_executable.dir/src/minimal_node.cpp.o\x1b[0m\n'}
[3.906077] (-) TimerEvent: {}
[3.927761] (tuos_interfaces) StdoutLine: {'line': b'[ 61%] \x1b[32mBuilding CXX object CMakeFiles/tuos_interfaces__rosidl_typesupport_fastrtps_c.dir/rosidl_typesupport_fastrtps_c/tuos_interfaces/msg/detail/num__type_support_c.cpp.o\x1b[0m\n'}
[3.928296] (tuos_interfaces) StdoutLine: {'line': b'[ 63%] \x1b[32mBuilding CXX object CMakeFiles/tuos_interfaces__rosidl_typesupport_fastrtps_c.dir/rosidl_typesupport_fastrtps_c/tuos_interfaces/action/detail/camera_sweep__type_support_c.cpp.o\x1b[0m\n'}
[3.936083] (tuos_interfaces) StdoutLine: {'line': b'[ 65%] \x1b[32mBuilding CXX object CMakeFiles/tuos_interfaces__rosidl_typesupport_fastrtps_c.dir/rosidl_typesupport_fastrtps_c/tuos_interfaces/srv/detail/number_game__type_support_c.cpp.o\x1b[0m\n'}
[3.949201] (tuos_interfaces) StdoutLine: {'line': b'[ 68%] \x1b[32m\x1b[1mLinking C shared library libtuos_interfaces__rosidl_typesupport_introspection_c.so\x1b[0m\n'}
[3.994810] (tuos_interfaces) StdoutLine: {'line': b'[ 70%] \x1b[32m\x1b[1mLinking CXX shared library libtuos_interfaces__rosidl_typesupport_cpp.so\x1b[0m\n'}
[4.006256] (-) TimerEvent: {}
[4.016706] (tuos_interfaces) StdoutLine: {'line': b'[ 70%] Built target tuos_interfaces__rosidl_typesupport_c\n'}
[4.027698] (tuos_simulations) StdoutLine: {'line': b'-- Looking for pthread.h - found\n'}
[4.029287] (tuos_simulations) StdoutLine: {'line': b'-- Performing Test CMAKE_HAVE_LIBC_PTHREAD\n'}
[4.053059] (tuos_interfaces) StdoutLine: {'line': b'[ 70%] Built target tuos_interfaces__rosidl_typesupport_introspection_c\n'}
[4.078919] (tuos_examples) StdoutLine: {'line': b'running egg_info\n'}
[4.079936] (tuos_examples) StdoutLine: {'line': b'creating tuos_examples.egg-info\n'}
[4.080621] (tuos_examples) StdoutLine: {'line': b'writing tuos_examples.egg-info/PKG-INFO\n'}
[4.080974] (tuos_examples) StdoutLine: {'line': b'writing dependency_links to tuos_examples.egg-info/dependency_links.txt\n'}
[4.081228] (tuos_examples) StdoutLine: {'line': b'writing top-level names to tuos_examples.egg-info/top_level.txt\n'}
[4.081625] (tuos_examples) StdoutLine: {'line': b"writing manifest file 'tuos_examples.egg-info/SOURCES.txt'\n"}
[4.085039] (tuos_examples) StdoutLine: {'line': b"reading manifest file 'tuos_examples.egg-info/SOURCES.txt'\n"}
[4.086209] (tuos_examples) StdoutLine: {'line': b"writing manifest file 'tuos_examples.egg-info/SOURCES.txt'\n"}
[4.106475] (-) TimerEvent: {}
[4.126199] (tuos_interfaces) StdoutLine: {'line': b'[ 70%] Built target tuos_interfaces__rosidl_typesupport_cpp\n'}
[4.145531] (tuos_examples) StdoutLine: {'line': b'[ 50%] Built target ament_cmake_python_build_tuos_examples_egg\n'}
[4.161749] (tuos_interfaces) StdoutLine: {'line': b'[ 72%] \x1b[32m\x1b[1mLinking CXX shared library libtuos_interfaces__rosidl_typesupport_introspection_cpp.so\x1b[0m\n'}
[4.178990] (tuos_simulations) StdoutLine: {'line': b'-- Performing Test CMAKE_HAVE_LIBC_PTHREAD - Success\n'}
[4.180087] (tuos_simulations) StdoutLine: {'line': b'-- Found Threads: TRUE  \n'}
[4.206612] (-) TimerEvent: {}
[4.307132] (-) TimerEvent: {}
[4.318875] (tuos_interfaces) StdoutLine: {'line': b'[ 72%] Built target tuos_interfaces__rosidl_typesupport_introspection_cpp\n'}
[4.357427] (tuos_interfaces) StdoutLine: {'line': b'[ 74%] \x1b[32m\x1b[1mLinking CXX shared library libtuos_interfaces__rosidl_typesupport_fastrtps_cpp.so\x1b[0m\n'}
[4.368503] (tuos_simulations) StdoutLine: {'line': b'-- Configuring done\n'}
[4.372311] (tuos_simulations) StdoutLine: {'line': b'-- Generating done\n'}
[4.374423] (tuos_simulations) StdoutLine: {'line': b'-- Build files have been written to: /home/student/ros2_ws/build/tuos_simulations\n'}
[4.383816] (tuos_simulations) CommandEnded: {'returncode': 0}
[4.384743] (tuos_simulations) JobProgress: {'identifier': 'tuos_simulations', 'progress': 'build'}
[4.385080] (tuos_simulations) Command: {'cmd': ['/usr/bin/cmake', '--build', '/home/student/ros2_ws/build/tuos_simulations', '--', '-j12', '-l12'], 'cwd': '/home/student/ros2_ws/build/tuos_simulations', 'env': OrderedDict([('LESSOPEN', '| /usr/bin/lesspipe %s'), ('USER', 'student'), ('WINHOMEDRIVE', 'U:'), ('SHLVL', '1'), ('LIBGL_ALWAYS_SOFTWARE', 'true'), ('LD_LIBRARY_PATH', '/usr/lib/x86_64-linux-gnu/gazebo-11/plugins:/opt/ros/humble/opt/rviz_ogre_vendor/lib:/opt/ros/humble/lib/x86_64-linux-gnu:/opt/ros/humble/lib:/usr/share/gazebo/../../lib/x86_64-linux-gnu/gazebo-11/plugins:'), ('WT_PROFILE_ID', '{cfe200f4-993a-5872-ad3b-a2178e70b07c}'), ('HOME', '/home/student'), ('OLDPWD', '/home/student/ros2_ws/src'), ('WSL_ROS_VER', '2425.01'), ('GAZEBO_MASTER_URI', 'http://localhost:11345'), ('ROS_PYTHON_VERSION', '3'), ('WSL_DISTRO_NAME', 'WSL-ROS2'), ('_colcon_cd_root', '/opt/ros/humble/'), ('MANWIN', 'true'), ('WAYLAND_DISPLAY', 'wayland-0'), ('ROS_DISTRO', 'humble'), ('LOGNAME', 'student'), ('NAME', 'UOS00BE4391A287'), ('WSL_INTEROP', '/run/WSL/10_interop'), ('PULSE_SERVER', 'unix:/mnt/wslg/PulseServer'), ('_', '/usr/bin/colcon'), ('ROS_VERSION', '2'), ('XSERVER', 'true'), ('TERM', 'xterm-256color'), ('GAZEBO_MODEL_PATH', '/usr/share/gazebo/../../share/gazebo-11/models:'), ('LIBGL_ALWAYS_INDIRECT', ''), ('ROS_LOCALHOST_ONLY', '1'), ('OGRE_RESOURCE_PATH', '/usr/lib/x86_64-linux-gnu/OGRE-1.9.0'), ('PATH', '/opt/ros/humble/bin:/usr/local/sbin:/usr/local/bin:/usr/sbin:/usr/bin:/sbin:/bin:/usr/games:/usr/local/games:/usr/lib/wsl/lib:/mnt/c/Program Files (x86)/Common Files/Oracle/Java/java8path:/mnt/c/Program Files (x86)/Common Files/Oracle/Java/javapath:/mnt/c/Windows/CCM/:/mnt/c/Windows/system32:/mnt/c/Windows:/mnt/c/Windows/System32/Wbem:/mnt/c/Windows/System32/WindowsPowerShell/v1.0/:/mnt/c/Windows/System32/OpenSSH/:/mnt/c/Windows/system32/config/systemprofile/AppData/Local/Microsoft/WindowsApps:/mnt/c/Program Files/Java/jdk-17.0.4/bin:/mnt/c/Program Files/Common Files/AspenTech Shared/:/mnt/c/Program Files/dotnet/:/mnt/c/Users/eia21mw/AppData/Local/Microsoft/WindowsApps'), ('WT_SESSION', '801c7dc4-bf87-413f-b917-5ade9b5ddcad'), ('XDG_RUNTIME_DIR', '/mnt/wslg/runtime-dir'), ('DISPLAY', '172.16.131.147:0.0'), ('LANG', 'en_GB.UTF-8'), ('LS_COLORS', 'rs=0:di=01;34:ln=01;36:mh=00:pi=40;33:so=01;35:do=01;35:bd=40;33;01:cd=40;33;01:or=40;31;01:mi=00:su=37;41:sg=30;43:ca=30;41:tw=30;42:ow=34;42:st=37;44:ex=01;32:*.tar=01;31:*.tgz=01;31:*.arc=01;31:*.arj=01;31:*.taz=01;31:*.lha=01;31:*.lz4=01;31:*.lzh=01;31:*.lzma=01;31:*.tlz=01;31:*.txz=01;31:*.tzo=01;31:*.t7z=01;31:*.zip=01;31:*.z=01;31:*.dz=01;31:*.gz=01;31:*.lrz=01;31:*.lz=01;31:*.lzo=01;31:*.xz=01;31:*.zst=01;31:*.tzst=01;31:*.bz2=01;31:*.bz=01;31:*.tbz=01;31:*.tbz2=01;31:*.tz=01;31:*.deb=01;31:*.rpm=01;31:*.jar=01;31:*.war=01;31:*.ear=01;31:*.sar=01;31:*.rar=01;31:*.alz=01;31:*.ace=01;31:*.zoo=01;31:*.cpio=01;31:*.7z=01;31:*.rz=01;31:*.cab=01;31:*.wim=01;31:*.swm=01;31:*.dwm=01;31:*.esd=01;31:*.jpg=01;35:*.jpeg=01;35:*.mjpg=01;35:*.mjpeg=01;35:*.gif=01;35:*.bmp=01;35:*.pbm=01;35:*.pgm=01;35:*.ppm=01;35:*.tga=01;35:*.xbm=01;35:*.xpm=01;35:*.tif=01;35:*.tiff=01;35:*.png=01;35:*.svg=01;35:*.svgz=01;35:*.mng=01;35:*.pcx=01;35:*.mov=01;35:*.mpg=01;35:*.mpeg=01;35:*.m2v=01;35:*.mkv=01;35:*.webm=01;35:*.webp=01;35:*.ogm=01;35:*.mp4=01;35:*.m4v=01;35:*.mp4v=01;35:*.vob=01;35:*.qt=01;35:*.nuv=01;35:*.wmv=01;35:*.asf=01;35:*.rm=01;35:*.rmvb=01;35:*.flc=01;35:*.avi=01;35:*.fli=01;35:*.flv=01;35:*.gl=01;35:*.dl=01;35:*.xcf=01;35:*.xwd=01;35:*.yuv=01;35:*.cgm=01;35:*.emf=01;35:*.ogv=01;35:*.ogx=01;35:*.aac=00;36:*.au=00;36:*.flac=00;36:*.m4a=00;36:*.mid=00;36:*.midi=00;36:*.mka=00;36:*.mp3=00;36:*.mpc=00;36:*.ogg=00;36:*.ra=00;36:*.wav=00;36:*.oga=00;36:*.opus=00;36:*.spx=00;36:*.xspf=00;36:'), ('ROS_DOMAIN_ID', '1'), ('AMENT_PREFIX_PATH', '/opt/ros/humble'), ('SHELL', '/bin/bash'), ('LESSCLOSE', '/usr/bin/lesspipe %s %s'), ('GAZEBO_IP', '127.0.0.1'), ('GAZEBO_RESOURCE_PATH', '/usr/share/gazebo/../../share/gazebo-11:'), ('GAZEBO_MODEL_DATABASE_URI', 'http://models.gazebosim.org'), ('PWD', '/home/student/ros2_ws/build/tuos_simulations'), ('TURTLEBOT3_MODEL', 'waffle'), ('GAZEBO_PLUGIN_PATH', '/usr/share/gazebo/../../lib/x86_64-linux-gnu/gazebo-11/plugins:'), ('PYTHONPATH', '/opt/ros/humble/lib/python3.10/site-packages:/opt/ros/humble/local/lib/python3.10/dist-packages'), ('COLCON', '1'), ('WSL2_GUI_APPS_ENABLED', '1'), ('HOSTTYPE', 'x86_64'), ('WINUSER', 'eia21mw'), ('WSLENV', 'WT_SESSION:WT_PROFILE_ID:'), ('CMAKE_PREFIX_PATH', '/opt/ros/humble')]), 'shell': False}
[4.407285] (-) TimerEvent: {}
[4.412225] (tuos_interfaces) StdoutLine: {'line': b'[ 76%] \x1b[32m\x1b[1mLinking CXX shared library libtuos_interfaces__rosidl_typesupport_fastrtps_c.so\x1b[0m\n'}
[4.420059] (tuos_simulations) CommandEnded: {'returncode': 0}
[4.421229] (tuos_simulations) JobProgress: {'identifier': 'tuos_simulations', 'progress': 'install'}
[4.427773] (tuos_simulations) Command: {'cmd': ['/usr/bin/cmake', '--install', '/home/student/ros2_ws/build/tuos_simulations'], 'cwd': '/home/student/ros2_ws/build/tuos_simulations', 'env': OrderedDict([('LESSOPEN', '| /usr/bin/lesspipe %s'), ('USER', 'student'), ('WINHOMEDRIVE', 'U:'), ('SHLVL', '1'), ('LIBGL_ALWAYS_SOFTWARE', 'true'), ('LD_LIBRARY_PATH', '/usr/lib/x86_64-linux-gnu/gazebo-11/plugins:/opt/ros/humble/opt/rviz_ogre_vendor/lib:/opt/ros/humble/lib/x86_64-linux-gnu:/opt/ros/humble/lib:/usr/share/gazebo/../../lib/x86_64-linux-gnu/gazebo-11/plugins:'), ('WT_PROFILE_ID', '{cfe200f4-993a-5872-ad3b-a2178e70b07c}'), ('HOME', '/home/student'), ('OLDPWD', '/home/student/ros2_ws/src'), ('WSL_ROS_VER', '2425.01'), ('GAZEBO_MASTER_URI', 'http://localhost:11345'), ('ROS_PYTHON_VERSION', '3'), ('WSL_DISTRO_NAME', 'WSL-ROS2'), ('_colcon_cd_root', '/opt/ros/humble/'), ('MANWIN', 'true'), ('WAYLAND_DISPLAY', 'wayland-0'), ('ROS_DISTRO', 'humble'), ('LOGNAME', 'student'), ('NAME', 'UOS00BE4391A287'), ('WSL_INTEROP', '/run/WSL/10_interop'), ('PULSE_SERVER', 'unix:/mnt/wslg/PulseServer'), ('_', '/usr/bin/colcon'), ('ROS_VERSION', '2'), ('XSERVER', 'true'), ('TERM', 'xterm-256color'), ('GAZEBO_MODEL_PATH', '/usr/share/gazebo/../../share/gazebo-11/models:'), ('LIBGL_ALWAYS_INDIRECT', ''), ('ROS_LOCALHOST_ONLY', '1'), ('OGRE_RESOURCE_PATH', '/usr/lib/x86_64-linux-gnu/OGRE-1.9.0'), ('PATH', '/opt/ros/humble/bin:/usr/local/sbin:/usr/local/bin:/usr/sbin:/usr/bin:/sbin:/bin:/usr/games:/usr/local/games:/usr/lib/wsl/lib:/mnt/c/Program Files (x86)/Common Files/Oracle/Java/java8path:/mnt/c/Program Files (x86)/Common Files/Oracle/Java/javapath:/mnt/c/Windows/CCM/:/mnt/c/Windows/system32:/mnt/c/Windows:/mnt/c/Windows/System32/Wbem:/mnt/c/Windows/System32/WindowsPowerShell/v1.0/:/mnt/c/Windows/System32/OpenSSH/:/mnt/c/Windows/system32/config/systemprofile/AppData/Local/Microsoft/WindowsApps:/mnt/c/Program Files/Java/jdk-17.0.4/bin:/mnt/c/Program Files/Common Files/AspenTech Shared/:/mnt/c/Program Files/dotnet/:/mnt/c/Users/eia21mw/AppData/Local/Microsoft/WindowsApps'), ('WT_SESSION', '801c7dc4-bf87-413f-b917-5ade9b5ddcad'), ('XDG_RUNTIME_DIR', '/mnt/wslg/runtime-dir'), ('DISPLAY', '172.16.131.147:0.0'), ('LANG', 'en_GB.UTF-8'), ('LS_COLORS', 'rs=0:di=01;34:ln=01;36:mh=00:pi=40;33:so=01;35:do=01;35:bd=40;33;01:cd=40;33;01:or=40;31;01:mi=00:su=37;41:sg=30;43:ca=30;41:tw=30;42:ow=34;42:st=37;44:ex=01;32:*.tar=01;31:*.tgz=01;31:*.arc=01;31:*.arj=01;31:*.taz=01;31:*.lha=01;31:*.lz4=01;31:*.lzh=01;31:*.lzma=01;31:*.tlz=01;31:*.txz=01;31:*.tzo=01;31:*.t7z=01;31:*.zip=01;31:*.z=01;31:*.dz=01;31:*.gz=01;31:*.lrz=01;31:*.lz=01;31:*.lzo=01;31:*.xz=01;31:*.zst=01;31:*.tzst=01;31:*.bz2=01;31:*.bz=01;31:*.tbz=01;31:*.tbz2=01;31:*.tz=01;31:*.deb=01;31:*.rpm=01;31:*.jar=01;31:*.war=01;31:*.ear=01;31:*.sar=01;31:*.rar=01;31:*.alz=01;31:*.ace=01;31:*.zoo=01;31:*.cpio=01;31:*.7z=01;31:*.rz=01;31:*.cab=01;31:*.wim=01;31:*.swm=01;31:*.dwm=01;31:*.esd=01;31:*.jpg=01;35:*.jpeg=01;35:*.mjpg=01;35:*.mjpeg=01;35:*.gif=01;35:*.bmp=01;35:*.pbm=01;35:*.pgm=01;35:*.ppm=01;35:*.tga=01;35:*.xbm=01;35:*.xpm=01;35:*.tif=01;35:*.tiff=01;35:*.png=01;35:*.svg=01;35:*.svgz=01;35:*.mng=01;35:*.pcx=01;35:*.mov=01;35:*.mpg=01;35:*.mpeg=01;35:*.m2v=01;35:*.mkv=01;35:*.webm=01;35:*.webp=01;35:*.ogm=01;35:*.mp4=01;35:*.m4v=01;35:*.mp4v=01;35:*.vob=01;35:*.qt=01;35:*.nuv=01;35:*.wmv=01;35:*.asf=01;35:*.rm=01;35:*.rmvb=01;35:*.flc=01;35:*.avi=01;35:*.fli=01;35:*.flv=01;35:*.gl=01;35:*.dl=01;35:*.xcf=01;35:*.xwd=01;35:*.yuv=01;35:*.cgm=01;35:*.emf=01;35:*.ogv=01;35:*.ogx=01;35:*.aac=00;36:*.au=00;36:*.flac=00;36:*.m4a=00;36:*.mid=00;36:*.midi=00;36:*.mka=00;36:*.mp3=00;36:*.mpc=00;36:*.ogg=00;36:*.ra=00;36:*.wav=00;36:*.oga=00;36:*.opus=00;36:*.spx=00;36:*.xspf=00;36:'), ('ROS_DOMAIN_ID', '1'), ('AMENT_PREFIX_PATH', '/opt/ros/humble'), ('SHELL', '/bin/bash'), ('LESSCLOSE', '/usr/bin/lesspipe %s %s'), ('GAZEBO_IP', '127.0.0.1'), ('GAZEBO_RESOURCE_PATH', '/usr/share/gazebo/../../share/gazebo-11:'), ('GAZEBO_MODEL_DATABASE_URI', 'http://models.gazebosim.org'), ('PWD', '/home/student/ros2_ws/build/tuos_simulations'), ('TURTLEBOT3_MODEL', 'waffle'), ('GAZEBO_PLUGIN_PATH', '/usr/share/gazebo/../../lib/x86_64-linux-gnu/gazebo-11/plugins:'), ('PYTHONPATH', '/opt/ros/humble/lib/python3.10/site-packages:/opt/ros/humble/local/lib/python3.10/dist-packages'), ('COLCON', '1'), ('WSL2_GUI_APPS_ENABLED', '1'), ('HOSTTYPE', 'x86_64'), ('WINUSER', 'eia21mw'), ('WSLENV', 'WT_SESSION:WT_PROFILE_ID:'), ('CMAKE_PREFIX_PATH', '/opt/ros/humble')]), 'shell': False}
[4.434622] (tuos_simulations) StdoutLine: {'line': b'-- Install configuration: ""\n'}
[4.434860] (tuos_simulations) StdoutLine: {'line': b'-- Installing: /home/student/ros2_ws/install/tuos_simulations/share/tuos_simulations/launch\n'}
[4.435331] (tuos_simulations) StdoutLine: {'line': b'-- Installing: /home/student/ros2_ws/install/tuos_simulations/share/tuos_simulations/launch/coloured_pillars.launch.py\n'}
[4.435573] (tuos_simulations) StdoutLine: {'line': b'-- Installing: /home/student/ros2_ws/install/tuos_simulations/share/tuos_simulations/launch/rviz.launch.py\n'}
[4.435864] (tuos_simulations) StdoutLine: {'line': b'-- Installing: /home/student/ros2_ws/install/tuos_simulations/share/tuos_simulations/launch/nav_world.launch.py\n'}
[4.435982] (tuos_simulations) StdoutLine: {'line': b'-- Installing: /home/student/ros2_ws/install/tuos_simulations/share/tuos_simulations/launch/spawn_tb3.launch.py\n'}
[4.436185] (tuos_simulations) StdoutLine: {'line': b'-- Installing: /home/student/ros2_ws/install/tuos_simulations/share/tuos_simulations/launch/mystery_world.launch.py\n'}
[4.436377] (tuos_simulations) StdoutLine: {'line': b'-- Installing: /home/student/ros2_ws/install/tuos_simulations/share/tuos_simulations/launch/waffle.launch.py\n'}
[4.436441] (tuos_simulations) StdoutLine: {'line': b'-- Installing: /home/student/ros2_ws/install/tuos_simulations/share/tuos_simulations/launch/cartographer.launch.py\n'}
[4.436580] (tuos_simulations) StdoutLine: {'line': b'-- Installing: /home/student/ros2_ws/install/tuos_simulations/share/tuos_simulations/launch/line_following.launch.py\n'}
[4.436712] (tuos_simulations) StdoutLine: {'line': b'-- Installing: /home/student/ros2_ws/install/tuos_simulations/share/tuos_simulations/launch/line_following_setup.launch.py\n'}
[4.436865] (tuos_simulations) StdoutLine: {'line': b'-- Installing: /home/student/ros2_ws/install/tuos_simulations/share/tuos_simulations/models\n'}
[4.436997] (tuos_simulations) StdoutLine: {'line': b'-- Installing: /home/student/ros2_ws/install/tuos_simulations/share/tuos_simulations/models/line_following_setup\n'}
[4.437225] (tuos_simulations) StdoutLine: {'line': b'-- Installing: /home/student/ros2_ws/install/tuos_simulations/share/tuos_simulations/models/line_following_setup/model.sdf\n'}
[4.437360] (tuos_simulations) StdoutLine: {'line': b'-- Installing: /home/student/ros2_ws/install/tuos_simulations/share/tuos_simulations/models/line_following_setup/materials\n'}
[4.437486] (tuos_simulations) StdoutLine: {'line': b'-- Installing: /home/student/ros2_ws/install/tuos_simulations/share/tuos_simulations/models/line_following_setup/materials/scripts\n'}
[4.437629] (tuos_simulations) StdoutLine: {'line': b'-- Installing: /home/student/ros2_ws/install/tuos_simulations/share/tuos_simulations/models/line_following_setup/materials/scripts/line_following_setup.material\n'}
[4.437825] (tuos_simulations) StdoutLine: {'line': b'-- Installing: /home/student/ros2_ws/install/tuos_simulations/share/tuos_simulations/models/line_following_setup/materials/textures\n'}
[4.437966] (tuos_simulations) StdoutLine: {'line': b'-- Installing: /home/student/ros2_ws/install/tuos_simulations/share/tuos_simulations/models/line_following_setup/materials/textures/line_following_setup.svg\n'}
[4.438194] (tuos_simulations) StdoutLine: {'line': b'-- Installing: /home/student/ros2_ws/install/tuos_simulations/share/tuos_simulations/models/line_following_setup/materials/textures/line_following_setup.png\n'}
[4.438342] (tuos_simulations) StdoutLine: {'line': b'-- Installing: /home/student/ros2_ws/install/tuos_simulations/share/tuos_simulations/models/line_following_setup/model.config\n'}
[4.438483] (tuos_simulations) StdoutLine: {'line': b'-- Installing: /home/student/ros2_ws/install/tuos_simulations/share/tuos_simulations/models/line_following_track\n'}
[4.438627] (tuos_simulations) StdoutLine: {'line': b'-- Installing: /home/student/ros2_ws/install/tuos_simulations/share/tuos_simulations/models/line_following_track/model.sdf\n'}
[4.438766] (tuos_simulations) StdoutLine: {'line': b'-- Installing: /home/student/ros2_ws/install/tuos_simulations/share/tuos_simulations/models/line_following_track/materials\n'}
[4.438919] (tuos_simulations) StdoutLine: {'line': b'-- Installing: /home/student/ros2_ws/install/tuos_simulations/share/tuos_simulations/models/line_following_track/materials/scripts\n'}
[4.439124] (tuos_simulations) StdoutLine: {'line': b'-- Installing: /home/student/ros2_ws/install/tuos_simulations/share/tuos_simulations/models/line_following_track/materials/scripts/line_following_track.material\n'}
[4.439279] (tuos_simulations) StdoutLine: {'line': b'-- Installing: /home/student/ros2_ws/install/tuos_simulations/share/tuos_simulations/models/line_following_track/materials/textures\n'}
[4.439425] (tuos_simulations) StdoutLine: {'line': b'-- Installing: /home/student/ros2_ws/install/tuos_simulations/share/tuos_simulations/models/line_following_track/materials/textures/line_following_track.png\n'}
[4.439588] (tuos_simulations) StdoutLine: {'line': b'-- Installing: /home/student/ros2_ws/install/tuos_simulations/share/tuos_simulations/models/line_following_track/materials/textures/line_following_track.svg\n'}
[4.439745] (tuos_simulations) StdoutLine: {'line': b'-- Installing: /home/student/ros2_ws/install/tuos_simulations/share/tuos_simulations/models/line_following_track/model.config\n'}
[4.439901] (tuos_simulations) StdoutLine: {'line': b'-- Installing: /home/student/ros2_ws/install/tuos_simulations/share/tuos_simulations/models/navigation\n'}
[4.440067] (tuos_simulations) StdoutLine: {'line': b'-- Installing: /home/student/ros2_ws/install/tuos_simulations/share/tuos_simulations/models/navigation/model.sdf\n'}
[4.440295] (tuos_simulations) StdoutLine: {'line': b'-- Installing: /home/student/ros2_ws/install/tuos_simulations/share/tuos_simulations/models/navigation/materials\n'}
[4.440599] (tuos_simulations) StdoutLine: {'line': b'-- Installing: /home/student/ros2_ws/install/tuos_simulations/share/tuos_simulations/models/navigation/materials/scripts\n'}
[4.440764] (tuos_simulations) StdoutLine: {'line': b'-- Installing: /home/student/ros2_ws/install/tuos_simulations/share/tuos_simulations/models/navigation/materials/scripts/floor.material\n'}
[4.440897] (tuos_simulations) StdoutLine: {'line': b'-- Installing: /home/student/ros2_ws/install/tuos_simulations/share/tuos_simulations/models/navigation/materials/textures\n'}
[4.441006] (tuos_simulations) StdoutLine: {'line': b'-- Installing: /home/student/ros2_ws/install/tuos_simulations/share/tuos_simulations/models/navigation/materials/textures/navigation_floor.png\n'}
[4.441201] (tuos_simulations) StdoutLine: {'line': b'-- Installing: /home/student/ros2_ws/install/tuos_simulations/share/tuos_simulations/models/navigation/materials/textures/navigation_floor.svg\n'}
[4.441255] (tuos_simulations) StdoutLine: {'line': b'-- Installing: /home/student/ros2_ws/install/tuos_simulations/share/tuos_simulations/models/navigation/model.config\n'}
[4.441294] (tuos_simulations) StdoutLine: {'line': b'-- Installing: /home/student/ros2_ws/install/tuos_simulations/share/tuos_simulations/models/wooden_walls\n'}
[4.441416] (tuos_simulations) StdoutLine: {'line': b'-- Installing: /home/student/ros2_ws/install/tuos_simulations/share/tuos_simulations/models/wooden_walls/model.sdf\n'}
[4.441465] (tuos_simulations) StdoutLine: {'line': b'-- Installing: /home/student/ros2_ws/install/tuos_simulations/share/tuos_simulations/models/wooden_walls/model.config\n'}
[4.441544] (tuos_simulations) StdoutLine: {'line': b'-- Installing: /home/student/ros2_ws/install/tuos_simulations/share/tuos_simulations/models/arena_walls\n'}
[4.441659] (tuos_simulations) StdoutLine: {'line': b'-- Installing: /home/student/ros2_ws/install/tuos_simulations/share/tuos_simulations/models/arena_walls/model.sdf\n'}
[4.441712] (tuos_simulations) StdoutLine: {'line': b'-- Installing: /home/student/ros2_ws/install/tuos_simulations/share/tuos_simulations/models/arena_walls/model.config\n'}
[4.441760] (tuos_simulations) StdoutLine: {'line': b'-- Installing: /home/student/ros2_ws/install/tuos_simulations/share/tuos_simulations/models/coloured_pillars\n'}
[4.441898] (tuos_simulations) StdoutLine: {'line': b'-- Installing: /home/student/ros2_ws/install/tuos_simulations/share/tuos_simulations/models/coloured_pillars/model.sdf\n'}
[4.442055] (tuos_simulations) StdoutLine: {'line': b'-- Installing: /home/student/ros2_ws/install/tuos_simulations/share/tuos_simulations/models/coloured_pillars/model.config\n'}
[4.442218] (tuos_simulations) StdoutLine: {'line': b'-- Installing: /home/student/ros2_ws/install/tuos_simulations/share/tuos_simulations/worlds\n'}
[4.442433] (tuos_simulations) StdoutLine: {'line': b'-- Installing: /home/student/ros2_ws/install/tuos_simulations/share/tuos_simulations/worlds/nav.world\n'}
[4.442574] (tuos_simulations) StdoutLine: {'line': b'-- Installing: /home/student/ros2_ws/install/tuos_simulations/share/tuos_simulations/worlds/line_following.world\n'}
[4.442708] (tuos_simulations) StdoutLine: {'line': b'-- Installing: /home/student/ros2_ws/install/tuos_simulations/share/tuos_simulations/worlds/line_following_setup.world\n'}
[4.442912] (tuos_simulations) StdoutLine: {'line': b'-- Installing: /home/student/ros2_ws/install/tuos_simulations/share/tuos_simulations/worlds/empty.world\n'}
[4.443039] (tuos_simulations) StdoutLine: {'line': b'-- Installing: /home/student/ros2_ws/install/tuos_simulations/share/tuos_simulations/worlds/coloured_pillars.world\n'}
[4.443160] (tuos_simulations) StdoutLine: {'line': b'-- Installing: /home/student/ros2_ws/install/tuos_simulations/share/tuos_simulations/rviz\n'}
[4.443297] (tuos_simulations) StdoutLine: {'line': b'-- Installing: /home/student/ros2_ws/install/tuos_simulations/share/tuos_simulations/rviz/waffle_cartographer.rviz\n'}
[4.443429] (tuos_simulations) StdoutLine: {'line': b'-- Installing: /home/student/ros2_ws/install/tuos_simulations/share/tuos_simulations/rviz/waffle.rviz\n'}
[4.443560] (tuos_simulations) StdoutLine: {'line': b'-- Installing: /home/student/ros2_ws/install/tuos_simulations/share/ament_index/resource_index/package_run_dependencies/tuos_simulations\n'}
[4.443775] (tuos_simulations) StdoutLine: {'line': b'-- Installing: /home/student/ros2_ws/install/tuos_simulations/share/ament_index/resource_index/parent_prefix_path/tuos_simulations\n'}
[4.443821] (tuos_simulations) StdoutLine: {'line': b'-- Installing: /home/student/ros2_ws/install/tuos_simulations/share/tuos_simulations/environment/ament_prefix_path.sh\n'}
[4.443861] (tuos_simulations) StdoutLine: {'line': b'-- Installing: /home/student/ros2_ws/install/tuos_simulations/share/tuos_simulations/environment/ament_prefix_path.dsv\n'}
[4.443900] (tuos_simulations) StdoutLine: {'line': b'-- Installing: /home/student/ros2_ws/install/tuos_simulations/share/tuos_simulations/environment/path.sh\n'}
[4.443940] (tuos_simulations) StdoutLine: {'line': b'-- Installing: /home/student/ros2_ws/install/tuos_simulations/share/tuos_simulations/environment/path.dsv\n'}
[4.443978] (tuos_simulations) StdoutLine: {'line': b'-- Installing: /home/student/ros2_ws/install/tuos_simulations/share/tuos_simulations/local_setup.bash\n'}
[4.444017] (tuos_simulations) StdoutLine: {'line': b'-- Installing: /home/student/ros2_ws/install/tuos_simulations/share/tuos_simulations/local_setup.sh\n'}
[4.444056] (tuos_simulations) StdoutLine: {'line': b'-- Installing: /home/student/ros2_ws/install/tuos_simulations/share/tuos_simulations/local_setup.zsh\n'}
[4.444092] (tuos_simulations) StdoutLine: {'line': b'-- Installing: /home/student/ros2_ws/install/tuos_simulations/share/tuos_simulations/local_setup.dsv\n'}
[4.444131] (tuos_simulations) StdoutLine: {'line': b'-- Installing: /home/student/ros2_ws/install/tuos_simulations/share/tuos_simulations/package.dsv\n'}
[4.444169] (tuos_simulations) StdoutLine: {'line': b'-- Installing: /home/student/ros2_ws/install/tuos_simulations/share/ament_index/resource_index/packages/tuos_simulations\n'}
[4.444208] (tuos_simulations) StdoutLine: {'line': b'-- Installing: /home/student/ros2_ws/install/tuos_simulations/share/tuos_simulations/cmake/ament_cmake_export_dependencies-extras.cmake\n'}
[4.444246] (tuos_simulations) StdoutLine: {'line': b'-- Installing: /home/student/ros2_ws/install/tuos_simulations/share/tuos_simulations/cmake/tuos_simulationsConfig.cmake\n'}
[4.444294] (tuos_simulations) StdoutLine: {'line': b'-- Installing: /home/student/ros2_ws/install/tuos_simulations/share/tuos_simulations/cmake/tuos_simulationsConfig-version.cmake\n'}
[4.444335] (tuos_simulations) StdoutLine: {'line': b'-- Installing: /home/student/ros2_ws/install/tuos_simulations/share/tuos_simulations/package.xml\n'}
[4.445446] (tuos_simulations) CommandEnded: {'returncode': 0}
[4.476400] (tuos_simulations) JobEnded: {'identifier': 'tuos_simulations', 'rc': 0}
[4.477732] (com2009_simulations) JobStarted: {'identifier': 'com2009_simulations'}
[4.482440] (tuos_interfaces) StdoutLine: {'line': b'[ 76%] Built target tuos_interfaces__rosidl_typesupport_fastrtps_cpp\n'}
[4.506032] (com2009_simulations) JobProgress: {'identifier': 'com2009_simulations', 'progress': 'cmake'}
[4.507644] (com2009_simulations) Command: {'cmd': ['/usr/bin/cmake', '/home/student/ros2_ws/src/tuos_ros/com2009_simulations', '-DCMAKE_INSTALL_PREFIX=/home/student/ros2_ws/install/com2009_simulations'], 'cwd': '/home/student/ros2_ws/build/com2009_simulations', 'env': OrderedDict([('LESSOPEN', '| /usr/bin/lesspipe %s'), ('USER', 'student'), ('WINHOMEDRIVE', 'U:'), ('SHLVL', '1'), ('LIBGL_ALWAYS_SOFTWARE', 'true'), ('LD_LIBRARY_PATH', '/usr/lib/x86_64-linux-gnu/gazebo-11/plugins:/opt/ros/humble/opt/rviz_ogre_vendor/lib:/opt/ros/humble/lib/x86_64-linux-gnu:/opt/ros/humble/lib:/usr/share/gazebo/../../lib/x86_64-linux-gnu/gazebo-11/plugins:'), ('WT_PROFILE_ID', '{cfe200f4-993a-5872-ad3b-a2178e70b07c}'), ('HOME', '/home/student'), ('OLDPWD', '/home/student/ros2_ws/src'), ('WSL_ROS_VER', '2425.01'), ('GAZEBO_MASTER_URI', 'http://localhost:11345'), ('ROS_PYTHON_VERSION', '3'), ('WSL_DISTRO_NAME', 'WSL-ROS2'), ('_colcon_cd_root', '/opt/ros/humble/'), ('MANWIN', 'true'), ('WAYLAND_DISPLAY', 'wayland-0'), ('ROS_DISTRO', 'humble'), ('LOGNAME', 'student'), ('NAME', 'UOS00BE4391A287'), ('WSL_INTEROP', '/run/WSL/10_interop'), ('PULSE_SERVER', 'unix:/mnt/wslg/PulseServer'), ('_', '/usr/bin/colcon'), ('ROS_VERSION', '2'), ('XSERVER', 'true'), ('TERM', 'xterm-256color'), ('GAZEBO_MODEL_PATH', '/usr/share/gazebo/../../share/gazebo-11/models:'), ('LIBGL_ALWAYS_INDIRECT', ''), ('ROS_LOCALHOST_ONLY', '1'), ('OGRE_RESOURCE_PATH', '/usr/lib/x86_64-linux-gnu/OGRE-1.9.0'), ('PATH', '/opt/ros/humble/bin:/usr/local/sbin:/usr/local/bin:/usr/sbin:/usr/bin:/sbin:/bin:/usr/games:/usr/local/games:/usr/lib/wsl/lib:/mnt/c/Program Files (x86)/Common Files/Oracle/Java/java8path:/mnt/c/Program Files (x86)/Common Files/Oracle/Java/javapath:/mnt/c/Windows/CCM/:/mnt/c/Windows/system32:/mnt/c/Windows:/mnt/c/Windows/System32/Wbem:/mnt/c/Windows/System32/WindowsPowerShell/v1.0/:/mnt/c/Windows/System32/OpenSSH/:/mnt/c/Windows/system32/config/systemprofile/AppData/Local/Microsoft/WindowsApps:/mnt/c/Program Files/Java/jdk-17.0.4/bin:/mnt/c/Program Files/Common Files/AspenTech Shared/:/mnt/c/Program Files/dotnet/:/mnt/c/Users/eia21mw/AppData/Local/Microsoft/WindowsApps'), ('WT_SESSION', '801c7dc4-bf87-413f-b917-5ade9b5ddcad'), ('XDG_RUNTIME_DIR', '/mnt/wslg/runtime-dir'), ('DISPLAY', '172.16.131.147:0.0'), ('LANG', 'en_GB.UTF-8'), ('LS_COLORS', 'rs=0:di=01;34:ln=01;36:mh=00:pi=40;33:so=01;35:do=01;35:bd=40;33;01:cd=40;33;01:or=40;31;01:mi=00:su=37;41:sg=30;43:ca=30;41:tw=30;42:ow=34;42:st=37;44:ex=01;32:*.tar=01;31:*.tgz=01;31:*.arc=01;31:*.arj=01;31:*.taz=01;31:*.lha=01;31:*.lz4=01;31:*.lzh=01;31:*.lzma=01;31:*.tlz=01;31:*.txz=01;31:*.tzo=01;31:*.t7z=01;31:*.zip=01;31:*.z=01;31:*.dz=01;31:*.gz=01;31:*.lrz=01;31:*.lz=01;31:*.lzo=01;31:*.xz=01;31:*.zst=01;31:*.tzst=01;31:*.bz2=01;31:*.bz=01;31:*.tbz=01;31:*.tbz2=01;31:*.tz=01;31:*.deb=01;31:*.rpm=01;31:*.jar=01;31:*.war=01;31:*.ear=01;31:*.sar=01;31:*.rar=01;31:*.alz=01;31:*.ace=01;31:*.zoo=01;31:*.cpio=01;31:*.7z=01;31:*.rz=01;31:*.cab=01;31:*.wim=01;31:*.swm=01;31:*.dwm=01;31:*.esd=01;31:*.jpg=01;35:*.jpeg=01;35:*.mjpg=01;35:*.mjpeg=01;35:*.gif=01;35:*.bmp=01;35:*.pbm=01;35:*.pgm=01;35:*.ppm=01;35:*.tga=01;35:*.xbm=01;35:*.xpm=01;35:*.tif=01;35:*.tiff=01;35:*.png=01;35:*.svg=01;35:*.svgz=01;35:*.mng=01;35:*.pcx=01;35:*.mov=01;35:*.mpg=01;35:*.mpeg=01;35:*.m2v=01;35:*.mkv=01;35:*.webm=01;35:*.webp=01;35:*.ogm=01;35:*.mp4=01;35:*.m4v=01;35:*.mp4v=01;35:*.vob=01;35:*.qt=01;35:*.nuv=01;35:*.wmv=01;35:*.asf=01;35:*.rm=01;35:*.rmvb=01;35:*.flc=01;35:*.avi=01;35:*.fli=01;35:*.flv=01;35:*.gl=01;35:*.dl=01;35:*.xcf=01;35:*.xwd=01;35:*.yuv=01;35:*.cgm=01;35:*.emf=01;35:*.ogv=01;35:*.ogx=01;35:*.aac=00;36:*.au=00;36:*.flac=00;36:*.m4a=00;36:*.mid=00;36:*.midi=00;36:*.mka=00;36:*.mp3=00;36:*.mpc=00;36:*.ogg=00;36:*.ra=00;36:*.wav=00;36:*.oga=00;36:*.opus=00;36:*.spx=00;36:*.xspf=00;36:'), ('ROS_DOMAIN_ID', '1'), ('AMENT_PREFIX_PATH', '/home/student/ros2_ws/install/tuos_simulations:/opt/ros/humble'), ('SHELL', '/bin/bash'), ('LESSCLOSE', '/usr/bin/lesspipe %s %s'), ('GAZEBO_IP', '127.0.0.1'), ('GAZEBO_RESOURCE_PATH', '/usr/share/gazebo/../../share/gazebo-11:'), ('GAZEBO_MODEL_DATABASE_URI', 'http://models.gazebosim.org'), ('PWD', '/home/student/ros2_ws/build/com2009_simulations'), ('TURTLEBOT3_MODEL', 'waffle'), ('GAZEBO_PLUGIN_PATH', '/usr/share/gazebo/../../lib/x86_64-linux-gnu/gazebo-11/plugins:'), ('PYTHONPATH', '/opt/ros/humble/lib/python3.10/site-packages:/opt/ros/humble/local/lib/python3.10/dist-packages'), ('COLCON', '1'), ('WSL2_GUI_APPS_ENABLED', '1'), ('HOSTTYPE', 'x86_64'), ('WINUSER', 'eia21mw'), ('WSLENV', 'WT_SESSION:WT_PROFILE_ID:'), ('CMAKE_PREFIX_PATH', '/home/student/ros2_ws/install/tuos_simulations:/opt/ros/humble')]), 'shell': False}
[4.509162] (-) TimerEvent: {}
[4.528792] (tuos_interfaces) StdoutLine: {'line': b'[ 76%] Built target tuos_interfaces__rosidl_typesupport_fastrtps_c\n'}
[4.544370] (tuos_interfaces) StdoutLine: {'line': b'[ 76%] Built target tuos_interfaces\n'}
[4.559300] (tuos_interfaces) StdoutLine: {'line': b'[ 78%] \x1b[34m\x1b[1mGenerating Python code for ROS interfaces\x1b[0m\n'}
[4.594753] (com2009_simulations) StdoutLine: {'line': b'-- The C compiler identification is GNU 11.4.0\n'}
[4.609317] (-) TimerEvent: {}
[4.709663] (-) TimerEvent: {}
[4.810224] (-) TimerEvent: {}
[4.885160] (com2009_simulations) StdoutLine: {'line': b'-- The CXX compiler identification is GNU 11.4.0\n'}
[4.910331] (-) TimerEvent: {}
[5.010681] (-) TimerEvent: {}
[5.087629] (com2009_simulations) StdoutLine: {'line': b'-- Detecting C compiler ABI info\n'}
[5.110865] (-) TimerEvent: {}
[5.174077] (com2009_simulations) StdoutLine: {'line': b'-- Detecting C compiler ABI info - done\n'}
[5.179469] (com2009_simulations) StdoutLine: {'line': b'-- Check for working C compiler: /usr/bin/cc - skipped\n'}
[5.179744] (com2009_simulations) StdoutLine: {'line': b'-- Detecting C compile features\n'}
[5.179997] (com2009_simulations) StdoutLine: {'line': b'-- Detecting C compile features - done\n'}
[5.182117] (com2009_simulations) StdoutLine: {'line': b'-- Detecting CXX compiler ABI info\n'}
[5.211052] (-) TimerEvent: {}
[5.286138] (com2009_simulations) StdoutLine: {'line': b'-- Detecting CXX compiler ABI info - done\n'}
[5.291302] (com2009_simulations) StdoutLine: {'line': b'-- Check for working CXX compiler: /usr/bin/c++ - skipped\n'}
[5.291650] (com2009_simulations) StdoutLine: {'line': b'-- Detecting CXX compile features\n'}
[5.291955] (com2009_simulations) StdoutLine: {'line': b'-- Detecting CXX compile features - done\n'}
[5.293535] (com2009_simulations) StdoutLine: {'line': b'-- Found ament_cmake: 1.3.11 (/opt/ros/humble/share/ament_cmake/cmake)\n'}
[5.311265] (-) TimerEvent: {}
[5.394235] (com2009_simulations) StdoutLine: {'line': b'-- Found Python3: /usr/bin/python3 (found version "3.10.12") found components: Interpreter \n'}
[5.411510] (-) TimerEvent: {}
[5.467453] (com2009_simulations) StdoutLine: {'line': b'-- Found gazebo_ros_pkgs: 3.7.0 (/opt/ros/humble/share/gazebo_ros_pkgs/cmake)\n'}
[5.468551] (com2009_simulations) StdoutLine: {'line': b'-- Found turtlebot3_gazebo: 2.2.5 (/opt/ros/humble/share/turtlebot3_gazebo/cmake)\n'}
[5.503927] (tuos_interfaces) StdoutLine: {'line': b'[ 78%] Built target tuos_interfaces__py\n'}
[5.511646] (-) TimerEvent: {}
[5.518788] (tuos_interfaces) StdoutLine: {'line': b'[ 82%] \x1b[32mBuilding C object CMakeFiles/tuos_interfaces__rosidl_generator_py.dir/rosidl_generator_py/tuos_interfaces/action/_camera_sweep_s.c.o\x1b[0m\n'}
[5.519050] (tuos_interfaces) StdoutLine: {'line': b'[ 82%] \x1b[32mBuilding C object CMakeFiles/tuos_interfaces__rosidl_generator_py.dir/rosidl_generator_py/tuos_interfaces/msg/_num_s.c.o\x1b[0m\n'}
[5.519377] (tuos_interfaces) StdoutLine: {'line': b'[ 85%] \x1b[32mBuilding C object CMakeFiles/tuos_interfaces__rosidl_generator_py.dir/rosidl_generator_py/tuos_interfaces/srv/_number_game_s.c.o\x1b[0m\n'}
[5.592865] (com2009_simulations) StdoutLine: {'line': b'-- Found rosidl_generator_c: 3.1.6 (/opt/ros/humble/share/rosidl_generator_c/cmake)\n'}
[5.597914] (com2009_simulations) StdoutLine: {'line': b'-- Found rosidl_adapter: 3.1.6 (/opt/ros/humble/share/rosidl_adapter/cmake)\n'}
[5.605386] (com2009_simulations) StdoutLine: {'line': b'-- Found rosidl_generator_cpp: 3.1.6 (/opt/ros/humble/share/rosidl_generator_cpp/cmake)\n'}
[5.611827] (-) TimerEvent: {}
[5.616324] (com2009_simulations) StdoutLine: {'line': b'-- Using all available rosidl_typesupport_c: rosidl_typesupport_fastrtps_c;rosidl_typesupport_introspection_c\n'}
[5.630044] (com2009_simulations) StdoutLine: {'line': b'-- Using all available rosidl_typesupport_cpp: rosidl_typesupport_fastrtps_cpp;rosidl_typesupport_introspection_cpp\n'}
[5.679454] (tuos_interfaces) StdoutLine: {'line': b'[ 87%] \x1b[32m\x1b[1mLinking C shared library rosidl_generator_py/tuos_interfaces/libtuos_interfaces__rosidl_generator_py.so\x1b[0m\n'}
[5.703348] (com2009_simulations) StdoutLine: {'line': b'-- Found rmw_implementation_cmake: 6.1.2 (/opt/ros/humble/share/rmw_implementation_cmake/cmake)\n'}
[5.705287] (com2009_simulations) StdoutLine: {'line': b'-- Found rmw_fastrtps_cpp: 6.2.7 (/opt/ros/humble/share/rmw_fastrtps_cpp/cmake)\n'}
[5.711948] (-) TimerEvent: {}
[5.764350] (tuos_interfaces) StdoutLine: {'line': b'[ 87%] Built target tuos_interfaces__rosidl_generator_py\n'}
[5.780857] (tuos_interfaces) StdoutLine: {'line': b'[ 89%] \x1b[32mBuilding C object CMakeFiles/tuos_interfaces__rosidl_typesupport_c__pyext.dir/rosidl_generator_py/tuos_interfaces/_tuos_interfaces_s.ep.rosidl_typesupport_c.c.o\x1b[0m\n'}
[5.781147] (tuos_interfaces) StdoutLine: {'line': b'[ 91%] \x1b[32mBuilding C object CMakeFiles/tuos_interfaces__rosidl_typesupport_introspection_c__pyext.dir/rosidl_generator_py/tuos_interfaces/_tuos_interfaces_s.ep.rosidl_typesupport_introspection_c.c.o\x1b[0m\n'}
[5.781973] (tuos_interfaces) StdoutLine: {'line': b'[ 93%] \x1b[32mBuilding C object CMakeFiles/tuos_interfaces__rosidl_typesupport_fastrtps_c__pyext.dir/rosidl_generator_py/tuos_interfaces/_tuos_interfaces_s.ep.rosidl_typesupport_fastrtps_c.c.o\x1b[0m\n'}
[5.812273] (-) TimerEvent: {}
[5.887604] (tuos_interfaces) StdoutLine: {'line': b'[ 95%] \x1b[32m\x1b[1mLinking C shared library rosidl_generator_py/tuos_interfaces/tuos_interfaces_s__rosidl_typesupport_fastrtps_c.cpython-310-x86_64-linux-gnu.so\x1b[0m\n'}
[5.889800] (tuos_interfaces) StdoutLine: {'line': b'[ 97%] \x1b[32m\x1b[1mLinking C shared library rosidl_generator_py/tuos_interfaces/tuos_interfaces_s__rosidl_typesupport_c.cpython-310-x86_64-linux-gnu.so\x1b[0m\n'}
[5.890218] (tuos_interfaces) StdoutLine: {'line': b'[100%] \x1b[32m\x1b[1mLinking C shared library rosidl_generator_py/tuos_interfaces/tuos_interfaces_s__rosidl_typesupport_introspection_c.cpython-310-x86_64-linux-gnu.so\x1b[0m\n'}
[5.912370] (-) TimerEvent: {}
[5.939599] (tuos_interfaces) StdoutLine: {'line': b'[100%] Built target tuos_interfaces__rosidl_typesupport_introspection_c__pyext\n'}
[5.943676] (tuos_interfaces) StdoutLine: {'line': b'[100%] Built target tuos_interfaces__rosidl_typesupport_fastrtps_c__pyext\n'}
[5.950778] (tuos_interfaces) StdoutLine: {'line': b'[100%] Built target tuos_interfaces__rosidl_typesupport_c__pyext\n'}
[5.959370] (tuos_interfaces) CommandEnded: {'returncode': 0}
[5.960143] (tuos_interfaces) JobProgress: {'identifier': 'tuos_interfaces', 'progress': 'install'}
[5.960813] (tuos_interfaces) Command: {'cmd': ['/usr/bin/cmake', '--install', '/home/student/ros2_ws/build/tuos_interfaces'], 'cwd': '/home/student/ros2_ws/build/tuos_interfaces', 'env': OrderedDict([('LESSOPEN', '| /usr/bin/lesspipe %s'), ('USER', 'student'), ('WINHOMEDRIVE', 'U:'), ('SHLVL', '1'), ('LIBGL_ALWAYS_SOFTWARE', 'true'), ('LD_LIBRARY_PATH', '/usr/lib/x86_64-linux-gnu/gazebo-11/plugins:/opt/ros/humble/opt/rviz_ogre_vendor/lib:/opt/ros/humble/lib/x86_64-linux-gnu:/opt/ros/humble/lib:/usr/share/gazebo/../../lib/x86_64-linux-gnu/gazebo-11/plugins:'), ('WT_PROFILE_ID', '{cfe200f4-993a-5872-ad3b-a2178e70b07c}'), ('HOME', '/home/student'), ('OLDPWD', '/home/student/ros2_ws/src'), ('WSL_ROS_VER', '2425.01'), ('GAZEBO_MASTER_URI', 'http://localhost:11345'), ('ROS_PYTHON_VERSION', '3'), ('WSL_DISTRO_NAME', 'WSL-ROS2'), ('_colcon_cd_root', '/opt/ros/humble/'), ('MANWIN', 'true'), ('WAYLAND_DISPLAY', 'wayland-0'), ('ROS_DISTRO', 'humble'), ('LOGNAME', 'student'), ('NAME', 'UOS00BE4391A287'), ('WSL_INTEROP', '/run/WSL/10_interop'), ('PULSE_SERVER', 'unix:/mnt/wslg/PulseServer'), ('_', '/usr/bin/colcon'), ('ROS_VERSION', '2'), ('XSERVER', 'true'), ('TERM', 'xterm-256color'), ('GAZEBO_MODEL_PATH', '/usr/share/gazebo/../../share/gazebo-11/models:'), ('LIBGL_ALWAYS_INDIRECT', ''), ('ROS_LOCALHOST_ONLY', '1'), ('OGRE_RESOURCE_PATH', '/usr/lib/x86_64-linux-gnu/OGRE-1.9.0'), ('PATH', '/opt/ros/humble/bin:/usr/local/sbin:/usr/local/bin:/usr/sbin:/usr/bin:/sbin:/bin:/usr/games:/usr/local/games:/usr/lib/wsl/lib:/mnt/c/Program Files (x86)/Common Files/Oracle/Java/java8path:/mnt/c/Program Files (x86)/Common Files/Oracle/Java/javapath:/mnt/c/Windows/CCM/:/mnt/c/Windows/system32:/mnt/c/Windows:/mnt/c/Windows/System32/Wbem:/mnt/c/Windows/System32/WindowsPowerShell/v1.0/:/mnt/c/Windows/System32/OpenSSH/:/mnt/c/Windows/system32/config/systemprofile/AppData/Local/Microsoft/WindowsApps:/mnt/c/Program Files/Java/jdk-17.0.4/bin:/mnt/c/Program Files/Common Files/AspenTech Shared/:/mnt/c/Program Files/dotnet/:/mnt/c/Users/eia21mw/AppData/Local/Microsoft/WindowsApps'), ('WT_SESSION', '801c7dc4-bf87-413f-b917-5ade9b5ddcad'), ('XDG_RUNTIME_DIR', '/mnt/wslg/runtime-dir'), ('DISPLAY', '172.16.131.147:0.0'), ('LANG', 'en_GB.UTF-8'), ('LS_COLORS', 'rs=0:di=01;34:ln=01;36:mh=00:pi=40;33:so=01;35:do=01;35:bd=40;33;01:cd=40;33;01:or=40;31;01:mi=00:su=37;41:sg=30;43:ca=30;41:tw=30;42:ow=34;42:st=37;44:ex=01;32:*.tar=01;31:*.tgz=01;31:*.arc=01;31:*.arj=01;31:*.taz=01;31:*.lha=01;31:*.lz4=01;31:*.lzh=01;31:*.lzma=01;31:*.tlz=01;31:*.txz=01;31:*.tzo=01;31:*.t7z=01;31:*.zip=01;31:*.z=01;31:*.dz=01;31:*.gz=01;31:*.lrz=01;31:*.lz=01;31:*.lzo=01;31:*.xz=01;31:*.zst=01;31:*.tzst=01;31:*.bz2=01;31:*.bz=01;31:*.tbz=01;31:*.tbz2=01;31:*.tz=01;31:*.deb=01;31:*.rpm=01;31:*.jar=01;31:*.war=01;31:*.ear=01;31:*.sar=01;31:*.rar=01;31:*.alz=01;31:*.ace=01;31:*.zoo=01;31:*.cpio=01;31:*.7z=01;31:*.rz=01;31:*.cab=01;31:*.wim=01;31:*.swm=01;31:*.dwm=01;31:*.esd=01;31:*.jpg=01;35:*.jpeg=01;35:*.mjpg=01;35:*.mjpeg=01;35:*.gif=01;35:*.bmp=01;35:*.pbm=01;35:*.pgm=01;35:*.ppm=01;35:*.tga=01;35:*.xbm=01;35:*.xpm=01;35:*.tif=01;35:*.tiff=01;35:*.png=01;35:*.svg=01;35:*.svgz=01;35:*.mng=01;35:*.pcx=01;35:*.mov=01;35:*.mpg=01;35:*.mpeg=01;35:*.m2v=01;35:*.mkv=01;35:*.webm=01;35:*.webp=01;35:*.ogm=01;35:*.mp4=01;35:*.m4v=01;35:*.mp4v=01;35:*.vob=01;35:*.qt=01;35:*.nuv=01;35:*.wmv=01;35:*.asf=01;35:*.rm=01;35:*.rmvb=01;35:*.flc=01;35:*.avi=01;35:*.fli=01;35:*.flv=01;35:*.gl=01;35:*.dl=01;35:*.xcf=01;35:*.xwd=01;35:*.yuv=01;35:*.cgm=01;35:*.emf=01;35:*.ogv=01;35:*.ogx=01;35:*.aac=00;36:*.au=00;36:*.flac=00;36:*.m4a=00;36:*.mid=00;36:*.midi=00;36:*.mka=00;36:*.mp3=00;36:*.mpc=00;36:*.ogg=00;36:*.ra=00;36:*.wav=00;36:*.oga=00;36:*.opus=00;36:*.spx=00;36:*.xspf=00;36:'), ('ROS_DOMAIN_ID', '1'), ('AMENT_PREFIX_PATH', '/opt/ros/humble'), ('SHELL', '/bin/bash'), ('LESSCLOSE', '/usr/bin/lesspipe %s %s'), ('GAZEBO_IP', '127.0.0.1'), ('GAZEBO_RESOURCE_PATH', '/usr/share/gazebo/../../share/gazebo-11:'), ('GAZEBO_MODEL_DATABASE_URI', 'http://models.gazebosim.org'), ('PWD', '/home/student/ros2_ws/build/tuos_interfaces'), ('TURTLEBOT3_MODEL', 'waffle'), ('GAZEBO_PLUGIN_PATH', '/usr/share/gazebo/../../lib/x86_64-linux-gnu/gazebo-11/plugins:'), ('PYTHONPATH', '/opt/ros/humble/lib/python3.10/site-packages:/opt/ros/humble/local/lib/python3.10/dist-packages'), ('COLCON', '1'), ('WSL2_GUI_APPS_ENABLED', '1'), ('HOSTTYPE', 'x86_64'), ('WINUSER', 'eia21mw'), ('WSLENV', 'WT_SESSION:WT_PROFILE_ID:'), ('CMAKE_PREFIX_PATH', '/opt/ros/humble')]), 'shell': False}
[5.969266] (tuos_interfaces) StdoutLine: {'line': b'-- Install configuration: ""\n'}
[5.970149] (tuos_interfaces) StdoutLine: {'line': b'-- Installing: /home/student/ros2_ws/install/tuos_interfaces/share/ament_index/resource_index/rosidl_interfaces/tuos_interfaces\n'}
[5.970299] (tuos_interfaces) StdoutLine: {'line': b'-- Installing: /home/student/ros2_ws/install/tuos_interfaces/include/tuos_interfaces/tuos_interfaces\n'}
[5.970797] (tuos_interfaces) StdoutLine: {'line': b'-- Installing: /home/student/ros2_ws/install/tuos_interfaces/include/tuos_interfaces/tuos_interfaces/msg\n'}
[5.970960] (tuos_interfaces) StdoutLine: {'line': b'-- Installing: /home/student/ros2_ws/install/tuos_interfaces/include/tuos_interfaces/tuos_interfaces/msg/rosidl_generator_c__visibility_control.h\n'}
[5.971088] (tuos_interfaces) StdoutLine: {'line': b'-- Installing: /home/student/ros2_ws/install/tuos_interfaces/include/tuos_interfaces/tuos_interfaces/msg/detail\n'}
[5.971253] (tuos_interfaces) StdoutLine: {'line': b'-- Installing: /home/student/ros2_ws/install/tuos_interfaces/include/tuos_interfaces/tuos_interfaces/msg/detail/num__functions.h\n'}
[5.971448] (tuos_interfaces) StdoutLine: {'line': b'-- Installing: /home/student/ros2_ws/install/tuos_interfaces/include/tuos_interfaces/tuos_interfaces/msg/detail/num__functions.c\n'}
[5.971594] (tuos_interfaces) StdoutLine: {'line': b'-- Installing: /home/student/ros2_ws/install/tuos_interfaces/include/tuos_interfaces/tuos_interfaces/msg/detail/num__struct.h\n'}
[5.971836] (tuos_interfaces) StdoutLine: {'line': b'-- Installing: /home/student/ros2_ws/install/tuos_interfaces/include/tuos_interfaces/tuos_interfaces/msg/detail/num__type_support.h\n'}
[5.971908] (tuos_interfaces) StdoutLine: {'line': b'-- Installing: /home/student/ros2_ws/install/tuos_interfaces/include/tuos_interfaces/tuos_interfaces/msg/num.h\n'}
[5.971951] (tuos_interfaces) StdoutLine: {'line': b'-- Installing: /home/student/ros2_ws/install/tuos_interfaces/include/tuos_interfaces/tuos_interfaces/action\n'}
[5.972039] (tuos_interfaces) StdoutLine: {'line': b'-- Installing: /home/student/ros2_ws/install/tuos_interfaces/include/tuos_interfaces/tuos_interfaces/action/camera_sweep.h\n'}
[5.972231] (tuos_interfaces) StdoutLine: {'line': b'-- Installing: /home/student/ros2_ws/install/tuos_interfaces/include/tuos_interfaces/tuos_interfaces/action/detail\n'}
[5.972399] (tuos_interfaces) StdoutLine: {'line': b'-- Installing: /home/student/ros2_ws/install/tuos_interfaces/include/tuos_interfaces/tuos_interfaces/action/detail/camera_sweep__struct.h\n'}
[5.972546] (tuos_interfaces) StdoutLine: {'line': b'-- Installing: /home/student/ros2_ws/install/tuos_interfaces/include/tuos_interfaces/tuos_interfaces/action/detail/camera_sweep__functions.h\n'}
[5.972738] (tuos_interfaces) StdoutLine: {'line': b'-- Installing: /home/student/ros2_ws/install/tuos_interfaces/include/tuos_interfaces/tuos_interfaces/action/detail/camera_sweep__type_support.h\n'}
[5.972815] (tuos_interfaces) StdoutLine: {'line': b'-- Installing: /home/student/ros2_ws/install/tuos_interfaces/include/tuos_interfaces/tuos_interfaces/action/detail/camera_sweep__functions.c\n'}
[5.972986] (tuos_interfaces) StdoutLine: {'line': b'-- Installing: /home/student/ros2_ws/install/tuos_interfaces/include/tuos_interfaces/tuos_interfaces/srv\n'}
[5.973142] (tuos_interfaces) StdoutLine: {'line': b'-- Installing: /home/student/ros2_ws/install/tuos_interfaces/include/tuos_interfaces/tuos_interfaces/srv/number_game.h\n'}
[5.973189] (tuos_interfaces) StdoutLine: {'line': b'-- Installing: /home/student/ros2_ws/install/tuos_interfaces/include/tuos_interfaces/tuos_interfaces/srv/detail\n'}
[5.973382] (tuos_interfaces) StdoutLine: {'line': b'-- Installing: /home/student/ros2_ws/install/tuos_interfaces/include/tuos_interfaces/tuos_interfaces/srv/detail/number_game__type_support.h\n'}
[5.973444] (tuos_interfaces) StdoutLine: {'line': b'-- Installing: /home/student/ros2_ws/install/tuos_interfaces/include/tuos_interfaces/tuos_interfaces/srv/detail/number_game__functions.c\n'}
[5.973650] (tuos_interfaces) StdoutLine: {'line': b'-- Installing: /home/student/ros2_ws/install/tuos_interfaces/include/tuos_interfaces/tuos_interfaces/srv/detail/number_game__functions.h\n'}
[5.973705] (tuos_interfaces) StdoutLine: {'line': b'-- Installing: /home/student/ros2_ws/install/tuos_interfaces/include/tuos_interfaces/tuos_interfaces/srv/detail/number_game__struct.h\n'}
[5.974375] (tuos_interfaces) StdoutLine: {'line': b'-- Installing: /home/student/ros2_ws/install/tuos_interfaces/share/tuos_interfaces/environment/library_path.sh\n'}
[5.974577] (tuos_interfaces) StdoutLine: {'line': b'-- Installing: /home/student/ros2_ws/install/tuos_interfaces/share/tuos_interfaces/environment/library_path.dsv\n'}
[5.974755] (tuos_interfaces) StdoutLine: {'line': b'-- Installing: /home/student/ros2_ws/install/tuos_interfaces/lib/libtuos_interfaces__rosidl_generator_c.so\n'}
[5.975066] (tuos_interfaces) StdoutLine: {'line': b'-- Set runtime path of "/home/student/ros2_ws/install/tuos_interfaces/lib/libtuos_interfaces__rosidl_generator_c.so" to ""\n'}
[5.975314] (tuos_interfaces) StdoutLine: {'line': b'-- Up-to-date: /home/student/ros2_ws/install/tuos_interfaces/include/tuos_interfaces/tuos_interfaces\n'}
[5.975511] (tuos_interfaces) StdoutLine: {'line': b'-- Up-to-date: /home/student/ros2_ws/install/tuos_interfaces/include/tuos_interfaces/tuos_interfaces/msg\n'}
[5.975612] (tuos_interfaces) StdoutLine: {'line': b'-- Installing: /home/student/ros2_ws/install/tuos_interfaces/include/tuos_interfaces/tuos_interfaces/msg/rosidl_typesupport_fastrtps_c__visibility_control.h\n'}
[5.975746] (tuos_interfaces) StdoutLine: {'line': b'-- Up-to-date: /home/student/ros2_ws/install/tuos_interfaces/include/tuos_interfaces/tuos_interfaces/msg/detail\n'}
[5.975871] (tuos_interfaces) StdoutLine: {'line': b'-- Installing: /home/student/ros2_ws/install/tuos_interfaces/include/tuos_interfaces/tuos_interfaces/msg/detail/num__rosidl_typesupport_fastrtps_c.h\n'}
[5.975993] (tuos_interfaces) StdoutLine: {'line': b'-- Up-to-date: /home/student/ros2_ws/install/tuos_interfaces/include/tuos_interfaces/tuos_interfaces/action\n'}
[5.976115] (tuos_interfaces) StdoutLine: {'line': b'-- Up-to-date: /home/student/ros2_ws/install/tuos_interfaces/include/tuos_interfaces/tuos_interfaces/action/detail\n'}
[5.976236] (tuos_interfaces) StdoutLine: {'line': b'-- Installing: /home/student/ros2_ws/install/tuos_interfaces/include/tuos_interfaces/tuos_interfaces/action/detail/camera_sweep__rosidl_typesupport_fastrtps_c.h\n'}
[5.976435] (tuos_interfaces) StdoutLine: {'line': b'-- Up-to-date: /home/student/ros2_ws/install/tuos_interfaces/include/tuos_interfaces/tuos_interfaces/srv\n'}
[5.976701] (tuos_interfaces) StdoutLine: {'line': b'-- Up-to-date: /home/student/ros2_ws/install/tuos_interfaces/include/tuos_interfaces/tuos_interfaces/srv/detail\n'}
[5.976810] (tuos_interfaces) StdoutLine: {'line': b'-- Installing: /home/student/ros2_ws/install/tuos_interfaces/include/tuos_interfaces/tuos_interfaces/srv/detail/number_game__rosidl_typesupport_fastrtps_c.h\n'}
[5.976936] (tuos_interfaces) StdoutLine: {'line': b'-- Installing: /home/student/ros2_ws/install/tuos_interfaces/lib/libtuos_interfaces__rosidl_typesupport_fastrtps_c.so\n'}
[5.977059] (tuos_interfaces) StdoutLine: {'line': b'-- Set runtime path of "/home/student/ros2_ws/install/tuos_interfaces/lib/libtuos_interfaces__rosidl_typesupport_fastrtps_c.so" to ""\n'}
[5.977192] (tuos_interfaces) StdoutLine: {'line': b'-- Up-to-date: /home/student/ros2_ws/install/tuos_interfaces/include/tuos_interfaces/tuos_interfaces\n'}
[5.977314] (tuos_interfaces) StdoutLine: {'line': b'-- Up-to-date: /home/student/ros2_ws/install/tuos_interfaces/include/tuos_interfaces/tuos_interfaces/msg\n'}
[5.977580] (tuos_interfaces) StdoutLine: {'line': b'-- Installing: /home/student/ros2_ws/install/tuos_interfaces/include/tuos_interfaces/tuos_interfaces/msg/num.hpp\n'}
[5.977780] (tuos_interfaces) StdoutLine: {'line': b'-- Installing: /home/student/ros2_ws/install/tuos_interfaces/include/tuos_interfaces/tuos_interfaces/msg/rosidl_generator_cpp__visibility_control.hpp\n'}
[5.977907] (tuos_interfaces) StdoutLine: {'line': b'-- Up-to-date: /home/student/ros2_ws/install/tuos_interfaces/include/tuos_interfaces/tuos_interfaces/msg/detail\n'}
[5.978126] (tuos_interfaces) StdoutLine: {'line': b'-- Installing: /home/student/ros2_ws/install/tuos_interfaces/include/tuos_interfaces/tuos_interfaces/msg/detail/num__struct.hpp\n'}
[5.978340] (tuos_interfaces) StdoutLine: {'line': b'-- Installing: /home/student/ros2_ws/install/tuos_interfaces/include/tuos_interfaces/tuos_interfaces/msg/detail/num__builder.hpp\n'}
[5.978387] (tuos_interfaces) StdoutLine: {'line': b'-- Installing: /home/student/ros2_ws/install/tuos_interfaces/include/tuos_interfaces/tuos_interfaces/msg/detail/num__type_support.hpp\n'}
[5.978424] (tuos_interfaces) StdoutLine: {'line': b'-- Installing: /home/student/ros2_ws/install/tuos_interfaces/include/tuos_interfaces/tuos_interfaces/msg/detail/num__traits.hpp\n'}
[5.978462] (tuos_interfaces) StdoutLine: {'line': b'-- Up-to-date: /home/student/ros2_ws/install/tuos_interfaces/include/tuos_interfaces/tuos_interfaces/action\n'}
[5.978499] (tuos_interfaces) StdoutLine: {'line': b'-- Up-to-date: /home/student/ros2_ws/install/tuos_interfaces/include/tuos_interfaces/tuos_interfaces/action/detail\n'}
[5.978562] (tuos_interfaces) StdoutLine: {'line': b'-- Installing: /home/student/ros2_ws/install/tuos_interfaces/include/tuos_interfaces/tuos_interfaces/action/detail/camera_sweep__builder.hpp\n'}
[5.978611] (tuos_interfaces) StdoutLine: {'line': b'-- Installing: /home/student/ros2_ws/install/tuos_interfaces/include/tuos_interfaces/tuos_interfaces/action/detail/camera_sweep__struct.hpp\n'}
[5.978723] (tuos_interfaces) StdoutLine: {'line': b'-- Installing: /home/student/ros2_ws/install/tuos_interfaces/include/tuos_interfaces/tuos_interfaces/action/detail/camera_sweep__type_support.hpp\n'}
[5.978853] (tuos_interfaces) StdoutLine: {'line': b'-- Installing: /home/student/ros2_ws/install/tuos_interfaces/include/tuos_interfaces/tuos_interfaces/action/detail/camera_sweep__traits.hpp\n'}
[5.978977] (tuos_interfaces) StdoutLine: {'line': b'-- Installing: /home/student/ros2_ws/install/tuos_interfaces/include/tuos_interfaces/tuos_interfaces/action/camera_sweep.hpp\n'}
[5.979113] (tuos_interfaces) StdoutLine: {'line': b'-- Up-to-date: /home/student/ros2_ws/install/tuos_interfaces/include/tuos_interfaces/tuos_interfaces/srv\n'}
[5.979237] (tuos_interfaces) StdoutLine: {'line': b'-- Installing: /home/student/ros2_ws/install/tuos_interfaces/include/tuos_interfaces/tuos_interfaces/srv/number_game.hpp\n'}
[5.979364] (tuos_interfaces) StdoutLine: {'line': b'-- Up-to-date: /home/student/ros2_ws/install/tuos_interfaces/include/tuos_interfaces/tuos_interfaces/srv/detail\n'}
[5.979490] (tuos_interfaces) StdoutLine: {'line': b'-- Installing: /home/student/ros2_ws/install/tuos_interfaces/include/tuos_interfaces/tuos_interfaces/srv/detail/number_game__builder.hpp\n'}
[5.979614] (tuos_interfaces) StdoutLine: {'line': b'-- Installing: /home/student/ros2_ws/install/tuos_interfaces/include/tuos_interfaces/tuos_interfaces/srv/detail/number_game__struct.hpp\n'}
[5.979739] (tuos_interfaces) StdoutLine: {'line': b'-- Installing: /home/student/ros2_ws/install/tuos_interfaces/include/tuos_interfaces/tuos_interfaces/srv/detail/number_game__traits.hpp\n'}
[5.979866] (tuos_interfaces) StdoutLine: {'line': b'-- Installing: /home/student/ros2_ws/install/tuos_interfaces/include/tuos_interfaces/tuos_interfaces/srv/detail/number_game__type_support.hpp\n'}
[5.979993] (tuos_interfaces) StdoutLine: {'line': b'-- Up-to-date: /home/student/ros2_ws/install/tuos_interfaces/include/tuos_interfaces/tuos_interfaces\n'}
[5.980122] (tuos_interfaces) StdoutLine: {'line': b'-- Up-to-date: /home/student/ros2_ws/install/tuos_interfaces/include/tuos_interfaces/tuos_interfaces/msg\n'}
[5.980234] (tuos_interfaces) StdoutLine: {'line': b'-- Up-to-date: /home/student/ros2_ws/install/tuos_interfaces/include/tuos_interfaces/tuos_interfaces/msg/detail\n'}
[5.980361] (tuos_interfaces) StdoutLine: {'line': b'-- Installing: /home/student/ros2_ws/install/tuos_interfaces/include/tuos_interfaces/tuos_interfaces/msg/detail/dds_fastrtps\n'}
[5.980489] (tuos_interfaces) StdoutLine: {'line': b'-- Installing: /home/student/ros2_ws/install/tuos_interfaces/include/tuos_interfaces/tuos_interfaces/msg/detail/num__rosidl_typesupport_fastrtps_cpp.hpp\n'}
[5.980764] (tuos_interfaces) StdoutLine: {'line': b'-- Installing: /home/student/ros2_ws/install/tuos_interfaces/include/tuos_interfaces/tuos_interfaces/msg/rosidl_typesupport_fastrtps_cpp__visibility_control.h\n'}
[5.980865] (tuos_interfaces) StdoutLine: {'line': b'-- Up-to-date: /home/student/ros2_ws/install/tuos_interfaces/include/tuos_interfaces/tuos_interfaces/action\n'}
[5.980999] (tuos_interfaces) StdoutLine: {'line': b'-- Up-to-date: /home/student/ros2_ws/install/tuos_interfaces/include/tuos_interfaces/tuos_interfaces/action/detail\n'}
[5.981181] (tuos_interfaces) StdoutLine: {'line': b'-- Installing: /home/student/ros2_ws/install/tuos_interfaces/include/tuos_interfaces/tuos_interfaces/action/detail/dds_fastrtps\n'}
[5.981256] (tuos_interfaces) StdoutLine: {'line': b'-- Installing: /home/student/ros2_ws/install/tuos_interfaces/include/tuos_interfaces/tuos_interfaces/action/detail/camera_sweep__rosidl_typesupport_fastrtps_cpp.hpp\n'}
[5.981363] (tuos_interfaces) StdoutLine: {'line': b'-- Up-to-date: /home/student/ros2_ws/install/tuos_interfaces/include/tuos_interfaces/tuos_interfaces/srv\n'}
[5.981410] (tuos_interfaces) StdoutLine: {'line': b'-- Up-to-date: /home/student/ros2_ws/install/tuos_interfaces/include/tuos_interfaces/tuos_interfaces/srv/detail\n'}
[5.981455] (tuos_interfaces) StdoutLine: {'line': b'-- Installing: /home/student/ros2_ws/install/tuos_interfaces/include/tuos_interfaces/tuos_interfaces/srv/detail/dds_fastrtps\n'}
[5.981494] (tuos_interfaces) StdoutLine: {'line': b'-- Installing: /home/student/ros2_ws/install/tuos_interfaces/include/tuos_interfaces/tuos_interfaces/srv/detail/number_game__rosidl_typesupport_fastrtps_cpp.hpp\n'}
[5.981531] (tuos_interfaces) StdoutLine: {'line': b'-- Installing: /home/student/ros2_ws/install/tuos_interfaces/lib/libtuos_interfaces__rosidl_typesupport_fastrtps_cpp.so\n'}
[5.981677] (tuos_interfaces) StdoutLine: {'line': b'-- Set runtime path of "/home/student/ros2_ws/install/tuos_interfaces/lib/libtuos_interfaces__rosidl_typesupport_fastrtps_cpp.so" to ""\n'}
[5.981721] (tuos_interfaces) StdoutLine: {'line': b'-- Up-to-date: /home/student/ros2_ws/install/tuos_interfaces/include/tuos_interfaces/tuos_interfaces\n'}
[5.981758] (tuos_interfaces) StdoutLine: {'line': b'-- Up-to-date: /home/student/ros2_ws/install/tuos_interfaces/include/tuos_interfaces/tuos_interfaces/msg\n'}
[5.981795] (tuos_interfaces) StdoutLine: {'line': b'-- Up-to-date: /home/student/ros2_ws/install/tuos_interfaces/include/tuos_interfaces/tuos_interfaces/msg/detail\n'}
[5.981831] (tuos_interfaces) StdoutLine: {'line': b'-- Installing: /home/student/ros2_ws/install/tuos_interfaces/include/tuos_interfaces/tuos_interfaces/msg/detail/num__rosidl_typesupport_introspection_c.h\n'}
[5.981868] (tuos_interfaces) StdoutLine: {'line': b'-- Installing: /home/student/ros2_ws/install/tuos_interfaces/include/tuos_interfaces/tuos_interfaces/msg/detail/num__type_support.c\n'}
[5.981956] (tuos_interfaces) StdoutLine: {'line': b'-- Installing: /home/student/ros2_ws/install/tuos_interfaces/include/tuos_interfaces/tuos_interfaces/msg/rosidl_typesupport_introspection_c__visibility_control.h\n'}
[5.982087] (tuos_interfaces) StdoutLine: {'line': b'-- Up-to-date: /home/student/ros2_ws/install/tuos_interfaces/include/tuos_interfaces/tuos_interfaces/action\n'}
[5.982225] (tuos_interfaces) StdoutLine: {'line': b'-- Up-to-date: /home/student/ros2_ws/install/tuos_interfaces/include/tuos_interfaces/tuos_interfaces/action/detail\n'}
[5.982348] (tuos_interfaces) StdoutLine: {'line': b'-- Installing: /home/student/ros2_ws/install/tuos_interfaces/include/tuos_interfaces/tuos_interfaces/action/detail/camera_sweep__type_support.c\n'}
[5.982466] (tuos_interfaces) StdoutLine: {'line': b'-- Installing: /home/student/ros2_ws/install/tuos_interfaces/include/tuos_interfaces/tuos_interfaces/action/detail/camera_sweep__rosidl_typesupport_introspection_c.h\n'}
[5.982596] (tuos_interfaces) StdoutLine: {'line': b'-- Up-to-date: /home/student/ros2_ws/install/tuos_interfaces/include/tuos_interfaces/tuos_interfaces/srv\n'}
[5.982740] (tuos_interfaces) StdoutLine: {'line': b'-- Up-to-date: /home/student/ros2_ws/install/tuos_interfaces/include/tuos_interfaces/tuos_interfaces/srv/detail\n'}
[5.982866] (tuos_interfaces) StdoutLine: {'line': b'-- Installing: /home/student/ros2_ws/install/tuos_interfaces/include/tuos_interfaces/tuos_interfaces/srv/detail/number_game__type_support.c\n'}
[5.983103] (tuos_interfaces) StdoutLine: {'line': b'-- Installing: /home/student/ros2_ws/install/tuos_interfaces/include/tuos_interfaces/tuos_interfaces/srv/detail/number_game__rosidl_typesupport_introspection_c.h\n'}
[5.983166] (tuos_interfaces) StdoutLine: {'line': b'-- Installing: /home/student/ros2_ws/install/tuos_interfaces/lib/libtuos_interfaces__rosidl_typesupport_introspection_c.so\n'}
[5.983205] (tuos_interfaces) StdoutLine: {'line': b'-- Set runtime path of "/home/student/ros2_ws/install/tuos_interfaces/lib/libtuos_interfaces__rosidl_typesupport_introspection_c.so" to ""\n'}
[5.983243] (tuos_interfaces) StdoutLine: {'line': b'-- Installing: /home/student/ros2_ws/install/tuos_interfaces/lib/libtuos_interfaces__rosidl_typesupport_c.so\n'}
[5.983280] (tuos_interfaces) StdoutLine: {'line': b'-- Set runtime path of "/home/student/ros2_ws/install/tuos_interfaces/lib/libtuos_interfaces__rosidl_typesupport_c.so" to ""\n'}
[5.983435] (tuos_interfaces) StdoutLine: {'line': b'-- Up-to-date: /home/student/ros2_ws/install/tuos_interfaces/include/tuos_interfaces/tuos_interfaces\n'}
[5.983476] (tuos_interfaces) StdoutLine: {'line': b'-- Up-to-date: /home/student/ros2_ws/install/tuos_interfaces/include/tuos_interfaces/tuos_interfaces/msg\n'}
[5.983538] (tuos_interfaces) StdoutLine: {'line': b'-- Up-to-date: /home/student/ros2_ws/install/tuos_interfaces/include/tuos_interfaces/tuos_interfaces/msg/detail\n'}
[5.983579] (tuos_interfaces) StdoutLine: {'line': b'-- Installing: /home/student/ros2_ws/install/tuos_interfaces/include/tuos_interfaces/tuos_interfaces/msg/detail/num__rosidl_typesupport_introspection_cpp.hpp\n'}
[5.983617] (tuos_interfaces) StdoutLine: {'line': b'-- Installing: /home/student/ros2_ws/install/tuos_interfaces/include/tuos_interfaces/tuos_interfaces/msg/detail/num__type_support.cpp\n'}
[5.983808] (tuos_interfaces) StdoutLine: {'line': b'-- Up-to-date: /home/student/ros2_ws/install/tuos_interfaces/include/tuos_interfaces/tuos_interfaces/action\n'}
[5.983940] (tuos_interfaces) StdoutLine: {'line': b'-- Up-to-date: /home/student/ros2_ws/install/tuos_interfaces/include/tuos_interfaces/tuos_interfaces/action/detail\n'}
[5.984064] (tuos_interfaces) StdoutLine: {'line': b'-- Installing: /home/student/ros2_ws/install/tuos_interfaces/include/tuos_interfaces/tuos_interfaces/action/detail/camera_sweep__rosidl_typesupport_introspection_cpp.hpp\n'}
[5.984188] (tuos_interfaces) StdoutLine: {'line': b'-- Installing: /home/student/ros2_ws/install/tuos_interfaces/include/tuos_interfaces/tuos_interfaces/action/detail/camera_sweep__type_support.cpp\n'}
[5.984310] (tuos_interfaces) StdoutLine: {'line': b'-- Up-to-date: /home/student/ros2_ws/install/tuos_interfaces/include/tuos_interfaces/tuos_interfaces/srv\n'}
[5.984431] (tuos_interfaces) StdoutLine: {'line': b'-- Up-to-date: /home/student/ros2_ws/install/tuos_interfaces/include/tuos_interfaces/tuos_interfaces/srv/detail\n'}
[5.984553] (tuos_interfaces) StdoutLine: {'line': b'-- Installing: /home/student/ros2_ws/install/tuos_interfaces/include/tuos_interfaces/tuos_interfaces/srv/detail/number_game__type_support.cpp\n'}
[5.984687] (tuos_interfaces) StdoutLine: {'line': b'-- Installing: /home/student/ros2_ws/install/tuos_interfaces/include/tuos_interfaces/tuos_interfaces/srv/detail/number_game__rosidl_typesupport_introspection_cpp.hpp\n'}
[5.984874] (tuos_interfaces) StdoutLine: {'line': b'-- Installing: /home/student/ros2_ws/install/tuos_interfaces/lib/libtuos_interfaces__rosidl_typesupport_introspection_cpp.so\n'}
[5.984969] (tuos_interfaces) StdoutLine: {'line': b'-- Set runtime path of "/home/student/ros2_ws/install/tuos_interfaces/lib/libtuos_interfaces__rosidl_typesupport_introspection_cpp.so" to ""\n'}
[5.985101] (tuos_interfaces) StdoutLine: {'line': b'-- Installing: /home/student/ros2_ws/install/tuos_interfaces/lib/libtuos_interfaces__rosidl_typesupport_cpp.so\n'}
[5.985226] (tuos_interfaces) StdoutLine: {'line': b'-- Set runtime path of "/home/student/ros2_ws/install/tuos_interfaces/lib/libtuos_interfaces__rosidl_typesupport_cpp.so" to ""\n'}
[5.985350] (tuos_interfaces) StdoutLine: {'line': b'-- Installing: /home/student/ros2_ws/install/tuos_interfaces/share/tuos_interfaces/environment/pythonpath.sh\n'}
[5.985474] (tuos_interfaces) StdoutLine: {'line': b'-- Installing: /home/student/ros2_ws/install/tuos_interfaces/share/tuos_interfaces/environment/pythonpath.dsv\n'}
[5.985598] (tuos_interfaces) StdoutLine: {'line': b'-- Installing: /home/student/ros2_ws/install/tuos_interfaces/local/lib/python3.10/dist-packages/tuos_interfaces-0.0.0-py3.10.egg-info\n'}
[5.985733] (tuos_interfaces) StdoutLine: {'line': b'-- Installing: /home/student/ros2_ws/install/tuos_interfaces/local/lib/python3.10/dist-packages/tuos_interfaces-0.0.0-py3.10.egg-info/SOURCES.txt\n'}
[5.985943] (tuos_interfaces) StdoutLine: {'line': b'-- Installing: /home/student/ros2_ws/install/tuos_interfaces/local/lib/python3.10/dist-packages/tuos_interfaces-0.0.0-py3.10.egg-info/top_level.txt\n'}
[5.986012] (tuos_interfaces) StdoutLine: {'line': b'-- Installing: /home/student/ros2_ws/install/tuos_interfaces/local/lib/python3.10/dist-packages/tuos_interfaces-0.0.0-py3.10.egg-info/PKG-INFO\n'}
[5.986060] (tuos_interfaces) StdoutLine: {'line': b'-- Installing: /home/student/ros2_ws/install/tuos_interfaces/local/lib/python3.10/dist-packages/tuos_interfaces-0.0.0-py3.10.egg-info/dependency_links.txt\n'}
[5.986189] (tuos_interfaces) StdoutLine: {'line': b'-- Installing: /home/student/ros2_ws/install/tuos_interfaces/local/lib/python3.10/dist-packages/tuos_interfaces\n'}
[5.986312] (tuos_interfaces) StdoutLine: {'line': b'-- Installing: /home/student/ros2_ws/install/tuos_interfaces/local/lib/python3.10/dist-packages/tuos_interfaces/tuos_interfaces_s__rosidl_typesupport_introspection_c.cpython-310-x86_64-linux-gnu.so\n'}
[5.986436] (tuos_interfaces) StdoutLine: {'line': b'-- Installing: /home/student/ros2_ws/install/tuos_interfaces/local/lib/python3.10/dist-packages/tuos_interfaces/_tuos_interfaces_s.ep.rosidl_typesupport_fastrtps_c.c\n'}
[5.986559] (tuos_interfaces) StdoutLine: {'line': b'-- Installing: /home/student/ros2_ws/install/tuos_interfaces/local/lib/python3.10/dist-packages/tuos_interfaces/_tuos_interfaces_s.ep.rosidl_typesupport_c.c\n'}
[5.986683] (tuos_interfaces) StdoutLine: {'line': b'-- Installing: /home/student/ros2_ws/install/tuos_interfaces/local/lib/python3.10/dist-packages/tuos_interfaces/_tuos_interfaces_s.ep.rosidl_typesupport_introspection_c.c\n'}
[5.986910] (tuos_interfaces) StdoutLine: {'line': b'-- Installing: /home/student/ros2_ws/install/tuos_interfaces/local/lib/python3.10/dist-packages/tuos_interfaces/msg\n'}
[5.986973] (tuos_interfaces) StdoutLine: {'line': b'-- Installing: /home/student/ros2_ws/install/tuos_interfaces/local/lib/python3.10/dist-packages/tuos_interfaces/msg/_num_s.c\n'}
[5.987013] (tuos_interfaces) StdoutLine: {'line': b'-- Installing: /home/student/ros2_ws/install/tuos_interfaces/local/lib/python3.10/dist-packages/tuos_interfaces/msg/_num.py\n'}
[5.987051] (tuos_interfaces) StdoutLine: {'line': b'-- Installing: /home/student/ros2_ws/install/tuos_interfaces/local/lib/python3.10/dist-packages/tuos_interfaces/msg/__init__.py\n'}
[5.987168] (tuos_interfaces) StdoutLine: {'line': b'-- Installing: /home/student/ros2_ws/install/tuos_interfaces/local/lib/python3.10/dist-packages/tuos_interfaces/tuos_interfaces_s__rosidl_typesupport_c.cpython-310-x86_64-linux-gnu.so\n'}
[5.987228] (tuos_interfaces) StdoutLine: {'line': b'-- Installing: /home/student/ros2_ws/install/tuos_interfaces/local/lib/python3.10/dist-packages/tuos_interfaces/tuos_interfaces_s__rosidl_typesupport_fastrtps_c.cpython-310-x86_64-linux-gnu.so\n'}
[5.987316] (tuos_interfaces) StdoutLine: {'line': b'-- Installing: /home/student/ros2_ws/install/tuos_interfaces/local/lib/python3.10/dist-packages/tuos_interfaces/action\n'}
[5.987440] (tuos_interfaces) StdoutLine: {'line': b'-- Installing: /home/student/ros2_ws/install/tuos_interfaces/local/lib/python3.10/dist-packages/tuos_interfaces/action/_camera_sweep.py\n'}
[5.987625] (tuos_interfaces) StdoutLine: {'line': b'-- Installing: /home/student/ros2_ws/install/tuos_interfaces/local/lib/python3.10/dist-packages/tuos_interfaces/action/__init__.py\n'}
[5.987861] (tuos_interfaces) StdoutLine: {'line': b'-- Installing: /home/student/ros2_ws/install/tuos_interfaces/local/lib/python3.10/dist-packages/tuos_interfaces/action/_camera_sweep_s.c\n'}
[5.987915] (tuos_interfaces) StdoutLine: {'line': b'-- Installing: /home/student/ros2_ws/install/tuos_interfaces/local/lib/python3.10/dist-packages/tuos_interfaces/libtuos_interfaces__rosidl_generator_py.so\n'}
[5.988160] (tuos_interfaces) StdoutLine: {'line': b'-- Installing: /home/student/ros2_ws/install/tuos_interfaces/local/lib/python3.10/dist-packages/tuos_interfaces/__init__.py\n'}
[5.988283] (tuos_interfaces) StdoutLine: {'line': b'-- Installing: /home/student/ros2_ws/install/tuos_interfaces/local/lib/python3.10/dist-packages/tuos_interfaces/srv\n'}
[5.988417] (tuos_interfaces) StdoutLine: {'line': b'-- Installing: /home/student/ros2_ws/install/tuos_interfaces/local/lib/python3.10/dist-packages/tuos_interfaces/srv/_number_game.py\n'}
[5.988546] (tuos_interfaces) StdoutLine: {'line': b'-- Installing: /home/student/ros2_ws/install/tuos_interfaces/local/lib/python3.10/dist-packages/tuos_interfaces/srv/_number_game_s.c\n'}
[5.988767] (tuos_interfaces) StdoutLine: {'line': b'-- Installing: /home/student/ros2_ws/install/tuos_interfaces/local/lib/python3.10/dist-packages/tuos_interfaces/srv/__init__.py\n'}
[6.012490] (-) TimerEvent: {}
[6.020378] (tuos_interfaces) StdoutLine: {'line': b"Listing '/home/student/ros2_ws/install/tuos_interfaces/local/lib/python3.10/dist-packages/tuos_interfaces'...\n"}
[6.020631] (tuos_interfaces) StdoutLine: {'line': b"Compiling '/home/student/ros2_ws/install/tuos_interfaces/local/lib/python3.10/dist-packages/tuos_interfaces/__init__.py'...\n"}
[6.020730] (tuos_interfaces) StdoutLine: {'line': b"Listing '/home/student/ros2_ws/install/tuos_interfaces/local/lib/python3.10/dist-packages/tuos_interfaces/action'...\n"}
[6.020802] (tuos_interfaces) StdoutLine: {'line': b"Compiling '/home/student/ros2_ws/install/tuos_interfaces/local/lib/python3.10/dist-packages/tuos_interfaces/action/__init__.py'...\n"}
[6.020864] (tuos_interfaces) StdoutLine: {'line': b"Compiling '/home/student/ros2_ws/install/tuos_interfaces/local/lib/python3.10/dist-packages/tuos_interfaces/action/_camera_sweep.py'...\n"}
[6.020920] (tuos_interfaces) StdoutLine: {'line': b"Listing '/home/student/ros2_ws/install/tuos_interfaces/local/lib/python3.10/dist-packages/tuos_interfaces/msg'...\n"}
[6.020977] (tuos_interfaces) StdoutLine: {'line': b"Compiling '/home/student/ros2_ws/install/tuos_interfaces/local/lib/python3.10/dist-packages/tuos_interfaces/msg/__init__.py'...\n"}
[6.021035] (tuos_interfaces) StdoutLine: {'line': b"Compiling '/home/student/ros2_ws/install/tuos_interfaces/local/lib/python3.10/dist-packages/tuos_interfaces/msg/_num.py'...\n"}
[6.021091] (tuos_interfaces) StdoutLine: {'line': b"Listing '/home/student/ros2_ws/install/tuos_interfaces/local/lib/python3.10/dist-packages/tuos_interfaces/srv'...\n"}
[6.021147] (tuos_interfaces) StdoutLine: {'line': b"Compiling '/home/student/ros2_ws/install/tuos_interfaces/local/lib/python3.10/dist-packages/tuos_interfaces/srv/__init__.py'...\n"}
[6.021203] (tuos_interfaces) StdoutLine: {'line': b"Compiling '/home/student/ros2_ws/install/tuos_interfaces/local/lib/python3.10/dist-packages/tuos_interfaces/srv/_number_game.py'...\n"}
[6.024549] (tuos_interfaces) StdoutLine: {'line': b'-- Installing: /home/student/ros2_ws/install/tuos_interfaces/local/lib/python3.10/dist-packages/tuos_interfaces/tuos_interfaces_s__rosidl_typesupport_fastrtps_c.cpython-310-x86_64-linux-gnu.so\n'}
[6.024917] (tuos_interfaces) StdoutLine: {'line': b'-- Set runtime path of "/home/student/ros2_ws/install/tuos_interfaces/local/lib/python3.10/dist-packages/tuos_interfaces/tuos_interfaces_s__rosidl_typesupport_fastrtps_c.cpython-310-x86_64-linux-gnu.so" to ""\n'}
[6.025203] (tuos_interfaces) StdoutLine: {'line': b'-- Installing: /home/student/ros2_ws/install/tuos_interfaces/local/lib/python3.10/dist-packages/tuos_interfaces/tuos_interfaces_s__rosidl_typesupport_introspection_c.cpython-310-x86_64-linux-gnu.so\n'}
[6.025353] (tuos_interfaces) StdoutLine: {'line': b'-- Set runtime path of "/home/student/ros2_ws/install/tuos_interfaces/local/lib/python3.10/dist-packages/tuos_interfaces/tuos_interfaces_s__rosidl_typesupport_introspection_c.cpython-310-x86_64-linux-gnu.so" to ""\n'}
[6.025510] (tuos_interfaces) StdoutLine: {'line': b'-- Installing: /home/student/ros2_ws/install/tuos_interfaces/local/lib/python3.10/dist-packages/tuos_interfaces/tuos_interfaces_s__rosidl_typesupport_c.cpython-310-x86_64-linux-gnu.so\n'}
[6.025698] (tuos_interfaces) StdoutLine: {'line': b'-- Set runtime path of "/home/student/ros2_ws/install/tuos_interfaces/local/lib/python3.10/dist-packages/tuos_interfaces/tuos_interfaces_s__rosidl_typesupport_c.cpython-310-x86_64-linux-gnu.so" to ""\n'}
[6.025856] (tuos_interfaces) StdoutLine: {'line': b'-- Installing: /home/student/ros2_ws/install/tuos_interfaces/lib/libtuos_interfaces__rosidl_generator_py.so\n'}
[6.026158] (tuos_interfaces) StdoutLine: {'line': b'-- Set runtime path of "/home/student/ros2_ws/install/tuos_interfaces/lib/libtuos_interfaces__rosidl_generator_py.so" to ""\n'}
[6.026469] (tuos_interfaces) StdoutLine: {'line': b'-- Installing: /home/student/ros2_ws/install/tuos_interfaces/share/tuos_interfaces/msg/Num.idl\n'}
[6.026857] (tuos_interfaces) StdoutLine: {'line': b'-- Installing: /home/student/ros2_ws/install/tuos_interfaces/share/tuos_interfaces/action/CameraSweep.idl\n'}
[6.027109] (tuos_interfaces) StdoutLine: {'line': b'-- Installing: /home/student/ros2_ws/install/tuos_interfaces/share/tuos_interfaces/srv/NumberGame.idl\n'}
[6.027333] (tuos_interfaces) StdoutLine: {'line': b'-- Installing: /home/student/ros2_ws/install/tuos_interfaces/share/tuos_interfaces/msg/Num.msg\n'}
[6.027399] (tuos_interfaces) StdoutLine: {'line': b'-- Installing: /home/student/ros2_ws/install/tuos_interfaces/share/tuos_interfaces/action/CameraSweep.action\n'}
[6.027631] (tuos_interfaces) StdoutLine: {'line': b'-- Installing: /home/student/ros2_ws/install/tuos_interfaces/share/tuos_interfaces/srv/NumberGame.srv\n'}
[6.027727] (tuos_interfaces) StdoutLine: {'line': b'-- Installing: /home/student/ros2_ws/install/tuos_interfaces/share/tuos_interfaces/srv/NumberGame_Request.msg\n'}
[6.027770] (tuos_interfaces) StdoutLine: {'line': b'-- Installing: /home/student/ros2_ws/install/tuos_interfaces/share/tuos_interfaces/srv/NumberGame_Response.msg\n'}
[6.028174] (tuos_interfaces) StdoutLine: {'line': b'-- Installing: /home/student/ros2_ws/install/tuos_interfaces/share/ament_index/resource_index/package_run_dependencies/tuos_interfaces\n'}
[6.028515] (tuos_interfaces) StdoutLine: {'line': b'-- Installing: /home/student/ros2_ws/install/tuos_interfaces/share/ament_index/resource_index/parent_prefix_path/tuos_interfaces\n'}
[6.028736] (tuos_interfaces) StdoutLine: {'line': b'-- Installing: /home/student/ros2_ws/install/tuos_interfaces/share/tuos_interfaces/environment/ament_prefix_path.sh\n'}
[6.028828] (tuos_interfaces) StdoutLine: {'line': b'-- Installing: /home/student/ros2_ws/install/tuos_interfaces/share/tuos_interfaces/environment/ament_prefix_path.dsv\n'}
[6.029166] (tuos_interfaces) StdoutLine: {'line': b'-- Installing: /home/student/ros2_ws/install/tuos_interfaces/share/tuos_interfaces/environment/path.sh\n'}
[6.029430] (tuos_interfaces) StdoutLine: {'line': b'-- Installing: /home/student/ros2_ws/install/tuos_interfaces/share/tuos_interfaces/environment/path.dsv\n'}
[6.029570] (tuos_interfaces) StdoutLine: {'line': b'-- Installing: /home/student/ros2_ws/install/tuos_interfaces/share/tuos_interfaces/local_setup.bash\n'}
[6.029710] (tuos_interfaces) StdoutLine: {'line': b'-- Installing: /home/student/ros2_ws/install/tuos_interfaces/share/tuos_interfaces/local_setup.sh\n'}
[6.029849] (tuos_interfaces) StdoutLine: {'line': b'-- Installing: /home/student/ros2_ws/install/tuos_interfaces/share/tuos_interfaces/local_setup.zsh\n'}
[6.029999] (tuos_interfaces) StdoutLine: {'line': b'-- Installing: /home/student/ros2_ws/install/tuos_interfaces/share/tuos_interfaces/local_setup.dsv\n'}
[6.030251] (tuos_interfaces) StdoutLine: {'line': b'-- Installing: /home/student/ros2_ws/install/tuos_interfaces/share/tuos_interfaces/package.dsv\n'}
[6.030482] (tuos_interfaces) StdoutLine: {'line': b'-- Installing: /home/student/ros2_ws/install/tuos_interfaces/share/ament_index/resource_index/packages/tuos_interfaces\n'}
[6.030637] (tuos_interfaces) StdoutLine: {'line': b'-- Installing: /home/student/ros2_ws/install/tuos_interfaces/share/tuos_interfaces/cmake/export_tuos_interfaces__rosidl_generator_cExport.cmake\n'}
[6.030793] (tuos_interfaces) StdoutLine: {'line': b'-- Installing: /home/student/ros2_ws/install/tuos_interfaces/share/tuos_interfaces/cmake/export_tuos_interfaces__rosidl_generator_cExport-noconfig.cmake\n'}
[6.030964] (tuos_interfaces) StdoutLine: {'line': b'-- Installing: /home/student/ros2_ws/install/tuos_interfaces/share/tuos_interfaces/cmake/export_tuos_interfaces__rosidl_typesupport_fastrtps_cExport.cmake\n'}
[6.031156] (tuos_interfaces) StdoutLine: {'line': b'-- Installing: /home/student/ros2_ws/install/tuos_interfaces/share/tuos_interfaces/cmake/export_tuos_interfaces__rosidl_typesupport_fastrtps_cExport-noconfig.cmake\n'}
[6.031359] (tuos_interfaces) StdoutLine: {'line': b'-- Installing: /home/student/ros2_ws/install/tuos_interfaces/share/tuos_interfaces/cmake/export_tuos_interfaces__rosidl_generator_cppExport.cmake\n'}
[6.031506] (tuos_interfaces) StdoutLine: {'line': b'-- Installing: /home/student/ros2_ws/install/tuos_interfaces/share/tuos_interfaces/cmake/export_tuos_interfaces__rosidl_typesupport_fastrtps_cppExport.cmake\n'}
[6.031634] (tuos_interfaces) StdoutLine: {'line': b'-- Installing: /home/student/ros2_ws/install/tuos_interfaces/share/tuos_interfaces/cmake/export_tuos_interfaces__rosidl_typesupport_fastrtps_cppExport-noconfig.cmake\n'}
[6.031759] (tuos_interfaces) StdoutLine: {'line': b'-- Installing: /home/student/ros2_ws/install/tuos_interfaces/share/tuos_interfaces/cmake/tuos_interfaces__rosidl_typesupport_introspection_cExport.cmake\n'}
[6.031883] (tuos_interfaces) StdoutLine: {'line': b'-- Installing: /home/student/ros2_ws/install/tuos_interfaces/share/tuos_interfaces/cmake/tuos_interfaces__rosidl_typesupport_introspection_cExport-noconfig.cmake\n'}
[6.032122] (tuos_interfaces) StdoutLine: {'line': b'-- Installing: /home/student/ros2_ws/install/tuos_interfaces/share/tuos_interfaces/cmake/tuos_interfaces__rosidl_typesupport_cExport.cmake\n'}
[6.032206] (tuos_interfaces) StdoutLine: {'line': b'-- Installing: /home/student/ros2_ws/install/tuos_interfaces/share/tuos_interfaces/cmake/tuos_interfaces__rosidl_typesupport_cExport-noconfig.cmake\n'}
[6.032343] (tuos_interfaces) StdoutLine: {'line': b'-- Installing: /home/student/ros2_ws/install/tuos_interfaces/share/tuos_interfaces/cmake/tuos_interfaces__rosidl_typesupport_introspection_cppExport.cmake\n'}
[6.032480] (tuos_interfaces) StdoutLine: {'line': b'-- Installing: /home/student/ros2_ws/install/tuos_interfaces/share/tuos_interfaces/cmake/tuos_interfaces__rosidl_typesupport_introspection_cppExport-noconfig.cmake\n'}
[6.032625] (tuos_interfaces) StdoutLine: {'line': b'-- Installing: /home/student/ros2_ws/install/tuos_interfaces/share/tuos_interfaces/cmake/tuos_interfaces__rosidl_typesupport_cppExport.cmake\n'}
[6.032762] (tuos_interfaces) StdoutLine: {'line': b'-- Installing: /home/student/ros2_ws/install/tuos_interfaces/share/tuos_interfaces/cmake/tuos_interfaces__rosidl_typesupport_cppExport-noconfig.cmake\n'}
[6.032969] (tuos_interfaces) StdoutLine: {'line': b'-- Installing: /home/student/ros2_ws/install/tuos_interfaces/share/tuos_interfaces/cmake/export_tuos_interfaces__rosidl_generator_pyExport.cmake\n'}
[6.033017] (tuos_interfaces) StdoutLine: {'line': b'-- Installing: /home/student/ros2_ws/install/tuos_interfaces/share/tuos_interfaces/cmake/export_tuos_interfaces__rosidl_generator_pyExport-noconfig.cmake\n'}
[6.033077] (tuos_interfaces) StdoutLine: {'line': b'-- Installing: /home/student/ros2_ws/install/tuos_interfaces/share/tuos_interfaces/cmake/rosidl_cmake-extras.cmake\n'}
[6.033125] (tuos_interfaces) StdoutLine: {'line': b'-- Installing: /home/student/ros2_ws/install/tuos_interfaces/share/tuos_interfaces/cmake/ament_cmake_export_dependencies-extras.cmake\n'}
[6.033165] (tuos_interfaces) StdoutLine: {'line': b'-- Installing: /home/student/ros2_ws/install/tuos_interfaces/share/tuos_interfaces/cmake/ament_cmake_export_include_directories-extras.cmake\n'}
[6.033210] (tuos_interfaces) StdoutLine: {'line': b'-- Installing: /home/student/ros2_ws/install/tuos_interfaces/share/tuos_interfaces/cmake/ament_cmake_export_libraries-extras.cmake\n'}
[6.033253] (tuos_interfaces) StdoutLine: {'line': b'-- Installing: /home/student/ros2_ws/install/tuos_interfaces/share/tuos_interfaces/cmake/ament_cmake_export_targets-extras.cmake\n'}
[6.033291] (tuos_interfaces) StdoutLine: {'line': b'-- Installing: /home/student/ros2_ws/install/tuos_interfaces/share/tuos_interfaces/cmake/rosidl_cmake_export_typesupport_targets-extras.cmake\n'}
[6.033327] (tuos_interfaces) StdoutLine: {'line': b'-- Installing: /home/student/ros2_ws/install/tuos_interfaces/share/tuos_interfaces/cmake/rosidl_cmake_export_typesupport_libraries-extras.cmake\n'}
[6.033369] (tuos_interfaces) StdoutLine: {'line': b'-- Installing: /home/student/ros2_ws/install/tuos_interfaces/share/tuos_interfaces/cmake/tuos_interfacesConfig.cmake\n'}
[6.033407] (tuos_interfaces) StdoutLine: {'line': b'-- Installing: /home/student/ros2_ws/install/tuos_interfaces/share/tuos_interfaces/cmake/tuos_interfacesConfig-version.cmake\n'}
[6.033476] (tuos_interfaces) StdoutLine: {'line': b'-- Installing: /home/student/ros2_ws/install/tuos_interfaces/share/tuos_interfaces/package.xml\n'}
[6.034654] (tuos_interfaces) CommandEnded: {'returncode': 0}
[6.048108] (tuos_interfaces) JobEnded: {'identifier': 'tuos_interfaces', 'rc': 0}
[6.112630] (-) TimerEvent: {}
[6.212945] (-) TimerEvent: {}
[6.313306] (-) TimerEvent: {}
[6.352839] (com2009_simulations) StdoutLine: {'line': b'-- Found OpenSSL: /usr/lib/x86_64-linux-gnu/libcrypto.so (found version "3.0.2")  \n'}
[6.413423] (-) TimerEvent: {}
[6.513797] (-) TimerEvent: {}
[6.614089] (tuos_examples) StdoutLine: {'line': b'[100%] \x1b[32m\x1b[1mLinking CXX executable cpp_executable\x1b[0m\n'}
[6.614377] (-) TimerEvent: {}
[6.674094] (tuos_tb3_tools) StdoutLine: {'line': b'[100%] \x1b[32m\x1b[1mLinking CXX executable cpp_executable\x1b[0m\n'}
[6.714495] (-) TimerEvent: {}
[6.767672] (tuos_examples) StdoutLine: {'line': b'[100%] Built target cpp_executable\n'}
[6.775315] (tuos_examples) CommandEnded: {'returncode': 0}
[6.776260] (tuos_examples) JobProgress: {'identifier': 'tuos_examples', 'progress': 'install'}
[6.776711] (tuos_examples) Command: {'cmd': ['/usr/bin/cmake', '--install', '/home/student/ros2_ws/build/tuos_examples'], 'cwd': '/home/student/ros2_ws/build/tuos_examples', 'env': OrderedDict([('LESSOPEN', '| /usr/bin/lesspipe %s'), ('USER', 'student'), ('WINHOMEDRIVE', 'U:'), ('SHLVL', '1'), ('LIBGL_ALWAYS_SOFTWARE', 'true'), ('LD_LIBRARY_PATH', '/usr/lib/x86_64-linux-gnu/gazebo-11/plugins:/opt/ros/humble/opt/rviz_ogre_vendor/lib:/opt/ros/humble/lib/x86_64-linux-gnu:/opt/ros/humble/lib:/usr/share/gazebo/../../lib/x86_64-linux-gnu/gazebo-11/plugins:'), ('WT_PROFILE_ID', '{cfe200f4-993a-5872-ad3b-a2178e70b07c}'), ('HOME', '/home/student'), ('OLDPWD', '/home/student/ros2_ws/src'), ('WSL_ROS_VER', '2425.01'), ('GAZEBO_MASTER_URI', 'http://localhost:11345'), ('ROS_PYTHON_VERSION', '3'), ('WSL_DISTRO_NAME', 'WSL-ROS2'), ('_colcon_cd_root', '/opt/ros/humble/'), ('MANWIN', 'true'), ('WAYLAND_DISPLAY', 'wayland-0'), ('ROS_DISTRO', 'humble'), ('LOGNAME', 'student'), ('NAME', 'UOS00BE4391A287'), ('WSL_INTEROP', '/run/WSL/10_interop'), ('PULSE_SERVER', 'unix:/mnt/wslg/PulseServer'), ('_', '/usr/bin/colcon'), ('ROS_VERSION', '2'), ('XSERVER', 'true'), ('TERM', 'xterm-256color'), ('GAZEBO_MODEL_PATH', '/usr/share/gazebo/../../share/gazebo-11/models:'), ('LIBGL_ALWAYS_INDIRECT', ''), ('ROS_LOCALHOST_ONLY', '1'), ('OGRE_RESOURCE_PATH', '/usr/lib/x86_64-linux-gnu/OGRE-1.9.0'), ('PATH', '/opt/ros/humble/bin:/usr/local/sbin:/usr/local/bin:/usr/sbin:/usr/bin:/sbin:/bin:/usr/games:/usr/local/games:/usr/lib/wsl/lib:/mnt/c/Program Files (x86)/Common Files/Oracle/Java/java8path:/mnt/c/Program Files (x86)/Common Files/Oracle/Java/javapath:/mnt/c/Windows/CCM/:/mnt/c/Windows/system32:/mnt/c/Windows:/mnt/c/Windows/System32/Wbem:/mnt/c/Windows/System32/WindowsPowerShell/v1.0/:/mnt/c/Windows/System32/OpenSSH/:/mnt/c/Windows/system32/config/systemprofile/AppData/Local/Microsoft/WindowsApps:/mnt/c/Program Files/Java/jdk-17.0.4/bin:/mnt/c/Program Files/Common Files/AspenTech Shared/:/mnt/c/Program Files/dotnet/:/mnt/c/Users/eia21mw/AppData/Local/Microsoft/WindowsApps'), ('WT_SESSION', '801c7dc4-bf87-413f-b917-5ade9b5ddcad'), ('XDG_RUNTIME_DIR', '/mnt/wslg/runtime-dir'), ('DISPLAY', '172.16.131.147:0.0'), ('LANG', 'en_GB.UTF-8'), ('LS_COLORS', 'rs=0:di=01;34:ln=01;36:mh=00:pi=40;33:so=01;35:do=01;35:bd=40;33;01:cd=40;33;01:or=40;31;01:mi=00:su=37;41:sg=30;43:ca=30;41:tw=30;42:ow=34;42:st=37;44:ex=01;32:*.tar=01;31:*.tgz=01;31:*.arc=01;31:*.arj=01;31:*.taz=01;31:*.lha=01;31:*.lz4=01;31:*.lzh=01;31:*.lzma=01;31:*.tlz=01;31:*.txz=01;31:*.tzo=01;31:*.t7z=01;31:*.zip=01;31:*.z=01;31:*.dz=01;31:*.gz=01;31:*.lrz=01;31:*.lz=01;31:*.lzo=01;31:*.xz=01;31:*.zst=01;31:*.tzst=01;31:*.bz2=01;31:*.bz=01;31:*.tbz=01;31:*.tbz2=01;31:*.tz=01;31:*.deb=01;31:*.rpm=01;31:*.jar=01;31:*.war=01;31:*.ear=01;31:*.sar=01;31:*.rar=01;31:*.alz=01;31:*.ace=01;31:*.zoo=01;31:*.cpio=01;31:*.7z=01;31:*.rz=01;31:*.cab=01;31:*.wim=01;31:*.swm=01;31:*.dwm=01;31:*.esd=01;31:*.jpg=01;35:*.jpeg=01;35:*.mjpg=01;35:*.mjpeg=01;35:*.gif=01;35:*.bmp=01;35:*.pbm=01;35:*.pgm=01;35:*.ppm=01;35:*.tga=01;35:*.xbm=01;35:*.xpm=01;35:*.tif=01;35:*.tiff=01;35:*.png=01;35:*.svg=01;35:*.svgz=01;35:*.mng=01;35:*.pcx=01;35:*.mov=01;35:*.mpg=01;35:*.mpeg=01;35:*.m2v=01;35:*.mkv=01;35:*.webm=01;35:*.webp=01;35:*.ogm=01;35:*.mp4=01;35:*.m4v=01;35:*.mp4v=01;35:*.vob=01;35:*.qt=01;35:*.nuv=01;35:*.wmv=01;35:*.asf=01;35:*.rm=01;35:*.rmvb=01;35:*.flc=01;35:*.avi=01;35:*.fli=01;35:*.flv=01;35:*.gl=01;35:*.dl=01;35:*.xcf=01;35:*.xwd=01;35:*.yuv=01;35:*.cgm=01;35:*.emf=01;35:*.ogv=01;35:*.ogx=01;35:*.aac=00;36:*.au=00;36:*.flac=00;36:*.m4a=00;36:*.mid=00;36:*.midi=00;36:*.mka=00;36:*.mp3=00;36:*.mpc=00;36:*.ogg=00;36:*.ra=00;36:*.wav=00;36:*.oga=00;36:*.opus=00;36:*.spx=00;36:*.xspf=00;36:'), ('ROS_DOMAIN_ID', '1'), ('AMENT_PREFIX_PATH', '/opt/ros/humble'), ('SHELL', '/bin/bash'), ('LESSCLOSE', '/usr/bin/lesspipe %s %s'), ('GAZEBO_IP', '127.0.0.1'), ('GAZEBO_RESOURCE_PATH', '/usr/share/gazebo/../../share/gazebo-11:'), ('GAZEBO_MODEL_DATABASE_URI', 'http://models.gazebosim.org'), ('PWD', '/home/student/ros2_ws/build/tuos_examples'), ('TURTLEBOT3_MODEL', 'waffle'), ('GAZEBO_PLUGIN_PATH', '/usr/share/gazebo/../../lib/x86_64-linux-gnu/gazebo-11/plugins:'), ('PYTHONPATH', '/opt/ros/humble/lib/python3.10/site-packages:/opt/ros/humble/local/lib/python3.10/dist-packages'), ('COLCON', '1'), ('WSL2_GUI_APPS_ENABLED', '1'), ('HOSTTYPE', 'x86_64'), ('WINUSER', 'eia21mw'), ('WSLENV', 'WT_SESSION:WT_PROFILE_ID:'), ('CMAKE_PREFIX_PATH', '/opt/ros/humble')]), 'shell': False}
[6.782750] (tuos_examples) StdoutLine: {'line': b'-- Install configuration: ""\n'}
[6.783122] (tuos_examples) StdoutLine: {'line': b'-- Installing: /home/student/ros2_ws/install/tuos_examples/lib/tuos_examples/cpp_executable\n'}
[6.783460] (tuos_examples) StdoutLine: {'line': b'-- Set runtime path of "/home/student/ros2_ws/install/tuos_examples/lib/tuos_examples/cpp_executable" to ""\n'}
[6.783967] (tuos_examples) StdoutLine: {'line': b'-- Installing: /home/student/ros2_ws/install/tuos_examples/share/tuos_examples/environment/pythonpath.sh\n'}
[6.784174] (tuos_examples) StdoutLine: {'line': b'-- Installing: /home/student/ros2_ws/install/tuos_examples/share/tuos_examples/environment/pythonpath.dsv\n'}
[6.784225] (tuos_examples) StdoutLine: {'line': b'-- Installing: /home/student/ros2_ws/install/tuos_examples/local/lib/python3.10/dist-packages/tuos_examples-0.0.0-py3.10.egg-info\n'}
[6.784850] (tuos_examples) StdoutLine: {'line': b'-- Installing: /home/student/ros2_ws/install/tuos_examples/local/lib/python3.10/dist-packages/tuos_examples-0.0.0-py3.10.egg-info/SOURCES.txt\n'}
[6.785191] (tuos_examples) StdoutLine: {'line': b'-- Installing: /home/student/ros2_ws/install/tuos_examples/local/lib/python3.10/dist-packages/tuos_examples-0.0.0-py3.10.egg-info/top_level.txt\n'}
[6.785391] (tuos_examples) StdoutLine: {'line': b'-- Installing: /home/student/ros2_ws/install/tuos_examples/local/lib/python3.10/dist-packages/tuos_examples-0.0.0-py3.10.egg-info/PKG-INFO\n'}
[6.785520] (tuos_examples) StdoutLine: {'line': b'-- Installing: /home/student/ros2_ws/install/tuos_examples/local/lib/python3.10/dist-packages/tuos_examples-0.0.0-py3.10.egg-info/dependency_links.txt\n'}
[6.785649] (tuos_examples) StdoutLine: {'line': b'-- Installing: /home/student/ros2_ws/install/tuos_examples/local/lib/python3.10/dist-packages/tuos_examples\n'}
[6.785775] (tuos_examples) StdoutLine: {'line': b'-- Installing: /home/student/ros2_ws/install/tuos_examples/local/lib/python3.10/dist-packages/tuos_examples/tb3_tools.py\n'}
[6.785983] (tuos_examples) StdoutLine: {'line': b'-- Installing: /home/student/ros2_ws/install/tuos_examples/local/lib/python3.10/dist-packages/tuos_examples/__init__.py\n'}
[6.801972] (tuos_tb3_tools) StdoutLine: {'line': b'[100%] Built target cpp_executable\n'}
[6.808419] (tuos_examples) StdoutLine: {'line': b"Listing '/home/student/ros2_ws/install/tuos_examples/local/lib/python3.10/dist-packages/tuos_examples'...\n"}
[6.809032] (tuos_examples) StdoutLine: {'line': b"Compiling '/home/student/ros2_ws/install/tuos_examples/local/lib/python3.10/dist-packages/tuos_examples/__init__.py'...\n"}
[6.809363] (tuos_examples) StdoutLine: {'line': b"Compiling '/home/student/ros2_ws/install/tuos_examples/local/lib/python3.10/dist-packages/tuos_examples/tb3_tools.py'...\n"}
[6.810142] (tuos_tb3_tools) CommandEnded: {'returncode': 0}
[6.810757] (tuos_tb3_tools) JobProgress: {'identifier': 'tuos_tb3_tools', 'progress': 'install'}
[6.811521] (tuos_tb3_tools) Command: {'cmd': ['/usr/bin/cmake', '--install', '/home/student/ros2_ws/build/tuos_tb3_tools'], 'cwd': '/home/student/ros2_ws/build/tuos_tb3_tools', 'env': OrderedDict([('LESSOPEN', '| /usr/bin/lesspipe %s'), ('USER', 'student'), ('WINHOMEDRIVE', 'U:'), ('SHLVL', '1'), ('LIBGL_ALWAYS_SOFTWARE', 'true'), ('LD_LIBRARY_PATH', '/usr/lib/x86_64-linux-gnu/gazebo-11/plugins:/opt/ros/humble/opt/rviz_ogre_vendor/lib:/opt/ros/humble/lib/x86_64-linux-gnu:/opt/ros/humble/lib:/usr/share/gazebo/../../lib/x86_64-linux-gnu/gazebo-11/plugins:'), ('WT_PROFILE_ID', '{cfe200f4-993a-5872-ad3b-a2178e70b07c}'), ('HOME', '/home/student'), ('OLDPWD', '/home/student/ros2_ws/src'), ('WSL_ROS_VER', '2425.01'), ('GAZEBO_MASTER_URI', 'http://localhost:11345'), ('ROS_PYTHON_VERSION', '3'), ('WSL_DISTRO_NAME', 'WSL-ROS2'), ('_colcon_cd_root', '/opt/ros/humble/'), ('MANWIN', 'true'), ('WAYLAND_DISPLAY', 'wayland-0'), ('ROS_DISTRO', 'humble'), ('LOGNAME', 'student'), ('NAME', 'UOS00BE4391A287'), ('WSL_INTEROP', '/run/WSL/10_interop'), ('PULSE_SERVER', 'unix:/mnt/wslg/PulseServer'), ('_', '/usr/bin/colcon'), ('ROS_VERSION', '2'), ('XSERVER', 'true'), ('TERM', 'xterm-256color'), ('GAZEBO_MODEL_PATH', '/usr/share/gazebo/../../share/gazebo-11/models:'), ('LIBGL_ALWAYS_INDIRECT', ''), ('ROS_LOCALHOST_ONLY', '1'), ('OGRE_RESOURCE_PATH', '/usr/lib/x86_64-linux-gnu/OGRE-1.9.0'), ('PATH', '/opt/ros/humble/bin:/usr/local/sbin:/usr/local/bin:/usr/sbin:/usr/bin:/sbin:/bin:/usr/games:/usr/local/games:/usr/lib/wsl/lib:/mnt/c/Program Files (x86)/Common Files/Oracle/Java/java8path:/mnt/c/Program Files (x86)/Common Files/Oracle/Java/javapath:/mnt/c/Windows/CCM/:/mnt/c/Windows/system32:/mnt/c/Windows:/mnt/c/Windows/System32/Wbem:/mnt/c/Windows/System32/WindowsPowerShell/v1.0/:/mnt/c/Windows/System32/OpenSSH/:/mnt/c/Windows/system32/config/systemprofile/AppData/Local/Microsoft/WindowsApps:/mnt/c/Program Files/Java/jdk-17.0.4/bin:/mnt/c/Program Files/Common Files/AspenTech Shared/:/mnt/c/Program Files/dotnet/:/mnt/c/Users/eia21mw/AppData/Local/Microsoft/WindowsApps'), ('WT_SESSION', '801c7dc4-bf87-413f-b917-5ade9b5ddcad'), ('XDG_RUNTIME_DIR', '/mnt/wslg/runtime-dir'), ('DISPLAY', '172.16.131.147:0.0'), ('LANG', 'en_GB.UTF-8'), ('LS_COLORS', 'rs=0:di=01;34:ln=01;36:mh=00:pi=40;33:so=01;35:do=01;35:bd=40;33;01:cd=40;33;01:or=40;31;01:mi=00:su=37;41:sg=30;43:ca=30;41:tw=30;42:ow=34;42:st=37;44:ex=01;32:*.tar=01;31:*.tgz=01;31:*.arc=01;31:*.arj=01;31:*.taz=01;31:*.lha=01;31:*.lz4=01;31:*.lzh=01;31:*.lzma=01;31:*.tlz=01;31:*.txz=01;31:*.tzo=01;31:*.t7z=01;31:*.zip=01;31:*.z=01;31:*.dz=01;31:*.gz=01;31:*.lrz=01;31:*.lz=01;31:*.lzo=01;31:*.xz=01;31:*.zst=01;31:*.tzst=01;31:*.bz2=01;31:*.bz=01;31:*.tbz=01;31:*.tbz2=01;31:*.tz=01;31:*.deb=01;31:*.rpm=01;31:*.jar=01;31:*.war=01;31:*.ear=01;31:*.sar=01;31:*.rar=01;31:*.alz=01;31:*.ace=01;31:*.zoo=01;31:*.cpio=01;31:*.7z=01;31:*.rz=01;31:*.cab=01;31:*.wim=01;31:*.swm=01;31:*.dwm=01;31:*.esd=01;31:*.jpg=01;35:*.jpeg=01;35:*.mjpg=01;35:*.mjpeg=01;35:*.gif=01;35:*.bmp=01;35:*.pbm=01;35:*.pgm=01;35:*.ppm=01;35:*.tga=01;35:*.xbm=01;35:*.xpm=01;35:*.tif=01;35:*.tiff=01;35:*.png=01;35:*.svg=01;35:*.svgz=01;35:*.mng=01;35:*.pcx=01;35:*.mov=01;35:*.mpg=01;35:*.mpeg=01;35:*.m2v=01;35:*.mkv=01;35:*.webm=01;35:*.webp=01;35:*.ogm=01;35:*.mp4=01;35:*.m4v=01;35:*.mp4v=01;35:*.vob=01;35:*.qt=01;35:*.nuv=01;35:*.wmv=01;35:*.asf=01;35:*.rm=01;35:*.rmvb=01;35:*.flc=01;35:*.avi=01;35:*.fli=01;35:*.flv=01;35:*.gl=01;35:*.dl=01;35:*.xcf=01;35:*.xwd=01;35:*.yuv=01;35:*.cgm=01;35:*.emf=01;35:*.ogv=01;35:*.ogx=01;35:*.aac=00;36:*.au=00;36:*.flac=00;36:*.m4a=00;36:*.mid=00;36:*.midi=00;36:*.mka=00;36:*.mp3=00;36:*.mpc=00;36:*.ogg=00;36:*.ra=00;36:*.wav=00;36:*.oga=00;36:*.opus=00;36:*.spx=00;36:*.xspf=00;36:'), ('ROS_DOMAIN_ID', '1'), ('AMENT_PREFIX_PATH', '/opt/ros/humble'), ('SHELL', '/bin/bash'), ('LESSCLOSE', '/usr/bin/lesspipe %s %s'), ('GAZEBO_IP', '127.0.0.1'), ('GAZEBO_RESOURCE_PATH', '/usr/share/gazebo/../../share/gazebo-11:'), ('GAZEBO_MODEL_DATABASE_URI', 'http://models.gazebosim.org'), ('PWD', '/home/student/ros2_ws/build/tuos_tb3_tools'), ('TURTLEBOT3_MODEL', 'waffle'), ('GAZEBO_PLUGIN_PATH', '/usr/share/gazebo/../../lib/x86_64-linux-gnu/gazebo-11/plugins:'), ('PYTHONPATH', '/opt/ros/humble/lib/python3.10/site-packages:/opt/ros/humble/local/lib/python3.10/dist-packages'), ('COLCON', '1'), ('WSL2_GUI_APPS_ENABLED', '1'), ('HOSTTYPE', 'x86_64'), ('WINUSER', 'eia21mw'), ('WSLENV', 'WT_SESSION:WT_PROFILE_ID:'), ('CMAKE_PREFIX_PATH', '/opt/ros/humble')]), 'shell': False}
[6.812315] (tuos_examples) StdoutLine: {'line': b'-- Installing: /home/student/ros2_ws/install/tuos_examples/lib/tuos_examples/odom_subscriber_template.py\n'}
[6.812771] (tuos_examples) StdoutLine: {'line': b'-- Installing: /home/student/ros2_ws/install/tuos_examples/lib/tuos_examples/robot_pose.py\n'}
[6.812953] (tuos_examples) StdoutLine: {'line': b'-- Installing: /home/student/ros2_ws/install/tuos_examples/lib/tuos_examples/camera_sweep_action_server.py\n'}
[6.813032] (tuos_examples) StdoutLine: {'line': b'-- Installing: /home/student/ros2_ws/install/tuos_examples/lib/tuos_examples/waffle_yaw_action_server.py\n'}
[6.813177] (tuos_examples) StdoutLine: {'line': b'-- Installing: /home/student/ros2_ws/install/tuos_examples/lib/tuos_examples/image_colours.py\n'}
[6.813395] (tuos_examples) StdoutLine: {'line': b'-- Installing: /home/student/ros2_ws/install/tuos_examples/lib/tuos_examples/colour_search.py\n'}
[6.813481] (tuos_examples) StdoutLine: {'line': b'-- Installing: /home/student/ros2_ws/install/tuos_examples/lib/tuos_examples/number_game.py\n'}
[6.813578] (tuos_examples) StdoutLine: {'line': b'-- Installing: /home/student/ros2_ws/install/tuos_examples/share/ament_index/resource_index/package_run_dependencies/tuos_examples\n'}
[6.813653] (tuos_examples) StdoutLine: {'line': b'-- Installing: /home/student/ros2_ws/install/tuos_examples/share/ament_index/resource_index/parent_prefix_path/tuos_examples\n'}
[6.813806] (tuos_examples) StdoutLine: {'line': b'-- Installing: /home/student/ros2_ws/install/tuos_examples/share/tuos_examples/environment/ament_prefix_path.sh\n'}
[6.813932] (tuos_examples) StdoutLine: {'line': b'-- Installing: /home/student/ros2_ws/install/tuos_examples/share/tuos_examples/environment/ament_prefix_path.dsv\n'}
[6.814092] (tuos_examples) StdoutLine: {'line': b'-- Installing: /home/student/ros2_ws/install/tuos_examples/share/tuos_examples/environment/path.sh\n'}
[6.814236] (tuos_examples) StdoutLine: {'line': b'-- Installing: /home/student/ros2_ws/install/tuos_examples/share/tuos_examples/environment/path.dsv\n'}
[6.814279] (tuos_examples) StdoutLine: {'line': b'-- Installing: /home/student/ros2_ws/install/tuos_examples/share/tuos_examples/local_setup.bash\n'}
[6.814363] (tuos_examples) StdoutLine: {'line': b'-- Installing: /home/student/ros2_ws/install/tuos_examples/share/tuos_examples/local_setup.sh\n'}
[6.814510] (-) TimerEvent: {}
[6.814627] (tuos_examples) StdoutLine: {'line': b'-- Installing: /home/student/ros2_ws/install/tuos_examples/share/tuos_examples/local_setup.zsh\n'}
[6.814745] (tuos_examples) StdoutLine: {'line': b'-- Installing: /home/student/ros2_ws/install/tuos_examples/share/tuos_examples/local_setup.dsv\n'}
[6.814870] (tuos_examples) StdoutLine: {'line': b'-- Installing: /home/student/ros2_ws/install/tuos_examples/share/tuos_examples/package.dsv\n'}
[6.814916] (tuos_examples) StdoutLine: {'line': b'-- Installing: /home/student/ros2_ws/install/tuos_examples/share/ament_index/resource_index/packages/tuos_examples\n'}
[6.814963] (tuos_examples) StdoutLine: {'line': b'-- Installing: /home/student/ros2_ws/install/tuos_examples/share/tuos_examples/cmake/tuos_examplesConfig.cmake\n'}
[6.815003] (tuos_examples) StdoutLine: {'line': b'-- Installing: /home/student/ros2_ws/install/tuos_examples/share/tuos_examples/cmake/tuos_examplesConfig-version.cmake\n'}
[6.815041] (tuos_examples) StdoutLine: {'line': b'-- Installing: /home/student/ros2_ws/install/tuos_examples/share/tuos_examples/package.xml\n'}
[6.816985] (tuos_examples) CommandEnded: {'returncode': 0}
[6.817918] (tuos_tb3_tools) StdoutLine: {'line': b'-- Install configuration: ""\n'}
[6.818647] (tuos_tb3_tools) StdoutLine: {'line': b'-- Installing: /home/student/ros2_ws/install/tuos_tb3_tools/lib/tuos_tb3_tools/cpp_executable\n'}
[6.818793] (tuos_tb3_tools) StdoutLine: {'line': b'-- Set runtime path of "/home/student/ros2_ws/install/tuos_tb3_tools/lib/tuos_tb3_tools/cpp_executable" to ""\n'}
[6.818971] (tuos_tb3_tools) StdoutLine: {'line': b'-- Installing: /home/student/ros2_ws/install/tuos_tb3_tools/lib/tuos_tb3_tools/tb3_status.py\n'}
[6.819126] (tuos_tb3_tools) StdoutLine: {'line': b'-- Installing: /home/student/ros2_ws/install/tuos_tb3_tools/share/tuos_tb3_tools/launch\n'}
[6.819331] (tuos_tb3_tools) StdoutLine: {'line': b'-- Installing: /home/student/ros2_ws/install/tuos_tb3_tools/share/tuos_tb3_tools/launch/rviz.launch.py\n'}
[6.819881] (tuos_tb3_tools) StdoutLine: {'line': b'-- Installing: /home/student/ros2_ws/install/tuos_tb3_tools/share/tuos_tb3_tools/launch/slam.launch.py\n'}
[6.820136] (tuos_tb3_tools) StdoutLine: {'line': b'-- Installing: /home/student/ros2_ws/install/tuos_tb3_tools/share/tuos_tb3_tools/launch/ros.launch.py\n'}
[6.820287] (tuos_tb3_tools) StdoutLine: {'line': b'-- Installing: /home/student/ros2_ws/install/tuos_tb3_tools/share/tuos_tb3_tools/rviz\n'}
[6.820413] (tuos_tb3_tools) StdoutLine: {'line': b'-- Installing: /home/student/ros2_ws/install/tuos_tb3_tools/share/tuos_tb3_tools/rviz/waffle.rviz\n'}
[6.820547] (tuos_tb3_tools) StdoutLine: {'line': b'-- Installing: /home/student/ros2_ws/install/tuos_tb3_tools/share/tuos_tb3_tools/rviz/waffle_slam.rviz\n'}
[6.820692] (tuos_tb3_tools) StdoutLine: {'line': b'-- Installing: /home/student/ros2_ws/install/tuos_tb3_tools/share/ament_index/resource_index/package_run_dependencies/tuos_tb3_tools\n'}
[6.820831] (tuos_tb3_tools) StdoutLine: {'line': b'-- Installing: /home/student/ros2_ws/install/tuos_tb3_tools/share/ament_index/resource_index/parent_prefix_path/tuos_tb3_tools\n'}
[6.820967] (tuos_tb3_tools) StdoutLine: {'line': b'-- Installing: /home/student/ros2_ws/install/tuos_tb3_tools/share/tuos_tb3_tools/environment/ament_prefix_path.sh\n'}
[6.821116] (tuos_tb3_tools) StdoutLine: {'line': b'-- Installing: /home/student/ros2_ws/install/tuos_tb3_tools/share/tuos_tb3_tools/environment/ament_prefix_path.dsv\n'}
[6.821252] (tuos_tb3_tools) StdoutLine: {'line': b'-- Installing: /home/student/ros2_ws/install/tuos_tb3_tools/share/tuos_tb3_tools/environment/path.sh\n'}
[6.821390] (tuos_tb3_tools) StdoutLine: {'line': b'-- Installing: /home/student/ros2_ws/install/tuos_tb3_tools/share/tuos_tb3_tools/environment/path.dsv\n'}
[6.821525] (tuos_tb3_tools) StdoutLine: {'line': b'-- Installing: /home/student/ros2_ws/install/tuos_tb3_tools/share/tuos_tb3_tools/local_setup.bash\n'}
[6.821880] (tuos_tb3_tools) StdoutLine: {'line': b'-- Installing: /home/student/ros2_ws/install/tuos_tb3_tools/share/tuos_tb3_tools/local_setup.sh\n'}
[6.822016] (tuos_tb3_tools) StdoutLine: {'line': b'-- Installing: /home/student/ros2_ws/install/tuos_tb3_tools/share/tuos_tb3_tools/local_setup.zsh\n'}
[6.822190] (tuos_tb3_tools) StdoutLine: {'line': b'-- Installing: /home/student/ros2_ws/install/tuos_tb3_tools/share/tuos_tb3_tools/local_setup.dsv\n'}
[6.822610] (tuos_tb3_tools) StdoutLine: {'line': b'-- Installing: /home/student/ros2_ws/install/tuos_tb3_tools/share/tuos_tb3_tools/package.dsv\n'}
[6.822751] (tuos_tb3_tools) StdoutLine: {'line': b'-- Installing: /home/student/ros2_ws/install/tuos_tb3_tools/share/ament_index/resource_index/packages/tuos_tb3_tools\n'}
[6.822887] (tuos_tb3_tools) StdoutLine: {'line': b'-- Installing: /home/student/ros2_ws/install/tuos_tb3_tools/share/tuos_tb3_tools/cmake/tuos_tb3_toolsConfig.cmake\n'}
[6.823020] (tuos_tb3_tools) StdoutLine: {'line': b'-- Installing: /home/student/ros2_ws/install/tuos_tb3_tools/share/tuos_tb3_tools/cmake/tuos_tb3_toolsConfig-version.cmake\n'}
[6.823156] (tuos_tb3_tools) StdoutLine: {'line': b'-- Installing: /home/student/ros2_ws/install/tuos_tb3_tools/share/tuos_tb3_tools/package.xml\n'}
[6.831287] (tuos_examples) JobEnded: {'identifier': 'tuos_examples', 'rc': 0}
[6.833157] (tuos_tb3_tools) CommandEnded: {'returncode': 0}
[6.841153] (tuos_tb3_tools) JobEnded: {'identifier': 'tuos_tb3_tools', 'rc': 0}
[6.914694] (-) TimerEvent: {}
[7.015025] (-) TimerEvent: {}
[7.086152] (com2009_simulations) StdoutLine: {'line': b'-- Found FastRTPS: /opt/ros/humble/include  \n'}
[7.115145] (-) TimerEvent: {}
[7.215442] (-) TimerEvent: {}
[7.315799] (-) TimerEvent: {}
[7.416165] (-) TimerEvent: {}
[7.516479] (-) TimerEvent: {}
[7.616862] (-) TimerEvent: {}
[7.717280] (-) TimerEvent: {}
[7.817984] (-) TimerEvent: {}
[7.918417] (-) TimerEvent: {}
[8.018767] (-) TimerEvent: {}
[8.119085] (-) TimerEvent: {}
[8.219484] (-) TimerEvent: {}
[8.309247] (com2009_simulations) StdoutLine: {'line': b"-- Using RMW implementation 'rmw_fastrtps_cpp' as default\n"}
[8.314843] (com2009_simulations) StdoutLine: {'line': b'-- Looking for pthread.h\n'}
[8.319722] (-) TimerEvent: {}
[8.404356] (com2009_simulations) StdoutLine: {'line': b'-- Looking for pthread.h - found\n'}
[8.404509] (com2009_simulations) StdoutLine: {'line': b'-- Performing Test CMAKE_HAVE_LIBC_PTHREAD\n'}
[8.419909] (-) TimerEvent: {}
[8.502601] (com2009_simulations) StdoutLine: {'line': b'-- Performing Test CMAKE_HAVE_LIBC_PTHREAD - Success\n'}
[8.503334] (com2009_simulations) StdoutLine: {'line': b'-- Found Threads: TRUE  \n'}
[8.520099] (-) TimerEvent: {}
[8.547897] (com2009_simulations) StdoutLine: {'line': b'-- Found tuos_simulations: 0.0.1 (/home/student/ros2_ws/install/tuos_simulations/share/tuos_simulations/cmake)\n'}
[8.591460] (com2009_simulations) StdoutLine: {'line': b'-- Configuring done\n'}
[8.594493] (com2009_simulations) StdoutLine: {'line': b'-- Generating done\n'}
[8.595926] (com2009_simulations) StdoutLine: {'line': b'-- Build files have been written to: /home/student/ros2_ws/build/com2009_simulations\n'}
[8.602873] (com2009_simulations) CommandEnded: {'returncode': 0}
[8.604410] (com2009_simulations) JobProgress: {'identifier': 'com2009_simulations', 'progress': 'build'}
[8.607014] (com2009_simulations) Command: {'cmd': ['/usr/bin/cmake', '--build', '/home/student/ros2_ws/build/com2009_simulations', '--', '-j12', '-l12'], 'cwd': '/home/student/ros2_ws/build/com2009_simulations', 'env': OrderedDict([('LESSOPEN', '| /usr/bin/lesspipe %s'), ('USER', 'student'), ('WINHOMEDRIVE', 'U:'), ('SHLVL', '1'), ('LIBGL_ALWAYS_SOFTWARE', 'true'), ('LD_LIBRARY_PATH', '/usr/lib/x86_64-linux-gnu/gazebo-11/plugins:/opt/ros/humble/opt/rviz_ogre_vendor/lib:/opt/ros/humble/lib/x86_64-linux-gnu:/opt/ros/humble/lib:/usr/share/gazebo/../../lib/x86_64-linux-gnu/gazebo-11/plugins:'), ('WT_PROFILE_ID', '{cfe200f4-993a-5872-ad3b-a2178e70b07c}'), ('HOME', '/home/student'), ('OLDPWD', '/home/student/ros2_ws/src'), ('WSL_ROS_VER', '2425.01'), ('GAZEBO_MASTER_URI', 'http://localhost:11345'), ('ROS_PYTHON_VERSION', '3'), ('WSL_DISTRO_NAME', 'WSL-ROS2'), ('_colcon_cd_root', '/opt/ros/humble/'), ('MANWIN', 'true'), ('WAYLAND_DISPLAY', 'wayland-0'), ('ROS_DISTRO', 'humble'), ('LOGNAME', 'student'), ('NAME', 'UOS00BE4391A287'), ('WSL_INTEROP', '/run/WSL/10_interop'), ('PULSE_SERVER', 'unix:/mnt/wslg/PulseServer'), ('_', '/usr/bin/colcon'), ('ROS_VERSION', '2'), ('XSERVER', 'true'), ('TERM', 'xterm-256color'), ('GAZEBO_MODEL_PATH', '/usr/share/gazebo/../../share/gazebo-11/models:'), ('LIBGL_ALWAYS_INDIRECT', ''), ('ROS_LOCALHOST_ONLY', '1'), ('OGRE_RESOURCE_PATH', '/usr/lib/x86_64-linux-gnu/OGRE-1.9.0'), ('PATH', '/opt/ros/humble/bin:/usr/local/sbin:/usr/local/bin:/usr/sbin:/usr/bin:/sbin:/bin:/usr/games:/usr/local/games:/usr/lib/wsl/lib:/mnt/c/Program Files (x86)/Common Files/Oracle/Java/java8path:/mnt/c/Program Files (x86)/Common Files/Oracle/Java/javapath:/mnt/c/Windows/CCM/:/mnt/c/Windows/system32:/mnt/c/Windows:/mnt/c/Windows/System32/Wbem:/mnt/c/Windows/System32/WindowsPowerShell/v1.0/:/mnt/c/Windows/System32/OpenSSH/:/mnt/c/Windows/system32/config/systemprofile/AppData/Local/Microsoft/WindowsApps:/mnt/c/Program Files/Java/jdk-17.0.4/bin:/mnt/c/Program Files/Common Files/AspenTech Shared/:/mnt/c/Program Files/dotnet/:/mnt/c/Users/eia21mw/AppData/Local/Microsoft/WindowsApps'), ('WT_SESSION', '801c7dc4-bf87-413f-b917-5ade9b5ddcad'), ('XDG_RUNTIME_DIR', '/mnt/wslg/runtime-dir'), ('DISPLAY', '172.16.131.147:0.0'), ('LANG', 'en_GB.UTF-8'), ('LS_COLORS', 'rs=0:di=01;34:ln=01;36:mh=00:pi=40;33:so=01;35:do=01;35:bd=40;33;01:cd=40;33;01:or=40;31;01:mi=00:su=37;41:sg=30;43:ca=30;41:tw=30;42:ow=34;42:st=37;44:ex=01;32:*.tar=01;31:*.tgz=01;31:*.arc=01;31:*.arj=01;31:*.taz=01;31:*.lha=01;31:*.lz4=01;31:*.lzh=01;31:*.lzma=01;31:*.tlz=01;31:*.txz=01;31:*.tzo=01;31:*.t7z=01;31:*.zip=01;31:*.z=01;31:*.dz=01;31:*.gz=01;31:*.lrz=01;31:*.lz=01;31:*.lzo=01;31:*.xz=01;31:*.zst=01;31:*.tzst=01;31:*.bz2=01;31:*.bz=01;31:*.tbz=01;31:*.tbz2=01;31:*.tz=01;31:*.deb=01;31:*.rpm=01;31:*.jar=01;31:*.war=01;31:*.ear=01;31:*.sar=01;31:*.rar=01;31:*.alz=01;31:*.ace=01;31:*.zoo=01;31:*.cpio=01;31:*.7z=01;31:*.rz=01;31:*.cab=01;31:*.wim=01;31:*.swm=01;31:*.dwm=01;31:*.esd=01;31:*.jpg=01;35:*.jpeg=01;35:*.mjpg=01;35:*.mjpeg=01;35:*.gif=01;35:*.bmp=01;35:*.pbm=01;35:*.pgm=01;35:*.ppm=01;35:*.tga=01;35:*.xbm=01;35:*.xpm=01;35:*.tif=01;35:*.tiff=01;35:*.png=01;35:*.svg=01;35:*.svgz=01;35:*.mng=01;35:*.pcx=01;35:*.mov=01;35:*.mpg=01;35:*.mpeg=01;35:*.m2v=01;35:*.mkv=01;35:*.webm=01;35:*.webp=01;35:*.ogm=01;35:*.mp4=01;35:*.m4v=01;35:*.mp4v=01;35:*.vob=01;35:*.qt=01;35:*.nuv=01;35:*.wmv=01;35:*.asf=01;35:*.rm=01;35:*.rmvb=01;35:*.flc=01;35:*.avi=01;35:*.fli=01;35:*.flv=01;35:*.gl=01;35:*.dl=01;35:*.xcf=01;35:*.xwd=01;35:*.yuv=01;35:*.cgm=01;35:*.emf=01;35:*.ogv=01;35:*.ogx=01;35:*.aac=00;36:*.au=00;36:*.flac=00;36:*.m4a=00;36:*.mid=00;36:*.midi=00;36:*.mka=00;36:*.mp3=00;36:*.mpc=00;36:*.ogg=00;36:*.ra=00;36:*.wav=00;36:*.oga=00;36:*.opus=00;36:*.spx=00;36:*.xspf=00;36:'), ('ROS_DOMAIN_ID', '1'), ('AMENT_PREFIX_PATH', '/home/student/ros2_ws/install/tuos_simulations:/opt/ros/humble'), ('SHELL', '/bin/bash'), ('LESSCLOSE', '/usr/bin/lesspipe %s %s'), ('GAZEBO_IP', '127.0.0.1'), ('GAZEBO_RESOURCE_PATH', '/usr/share/gazebo/../../share/gazebo-11:'), ('GAZEBO_MODEL_DATABASE_URI', 'http://models.gazebosim.org'), ('PWD', '/home/student/ros2_ws/build/com2009_simulations'), ('TURTLEBOT3_MODEL', 'waffle'), ('GAZEBO_PLUGIN_PATH', '/usr/share/gazebo/../../lib/x86_64-linux-gnu/gazebo-11/plugins:'), ('PYTHONPATH', '/opt/ros/humble/lib/python3.10/site-packages:/opt/ros/humble/local/lib/python3.10/dist-packages'), ('COLCON', '1'), ('WSL2_GUI_APPS_ENABLED', '1'), ('HOSTTYPE', 'x86_64'), ('WINUSER', 'eia21mw'), ('WSLENV', 'WT_SESSION:WT_PROFILE_ID:'), ('CMAKE_PREFIX_PATH', '/home/student/ros2_ws/install/tuos_simulations:/opt/ros/humble')]), 'shell': False}
[8.620343] (-) TimerEvent: {}
[8.633912] (com2009_simulations) CommandEnded: {'returncode': 0}
[8.636047] (com2009_simulations) JobProgress: {'identifier': 'com2009_simulations', 'progress': 'install'}
[8.636188] (com2009_simulations) Command: {'cmd': ['/usr/bin/cmake', '--install', '/home/student/ros2_ws/build/com2009_simulations'], 'cwd': '/home/student/ros2_ws/build/com2009_simulations', 'env': OrderedDict([('LESSOPEN', '| /usr/bin/lesspipe %s'), ('USER', 'student'), ('WINHOMEDRIVE', 'U:'), ('SHLVL', '1'), ('LIBGL_ALWAYS_SOFTWARE', 'true'), ('LD_LIBRARY_PATH', '/usr/lib/x86_64-linux-gnu/gazebo-11/plugins:/opt/ros/humble/opt/rviz_ogre_vendor/lib:/opt/ros/humble/lib/x86_64-linux-gnu:/opt/ros/humble/lib:/usr/share/gazebo/../../lib/x86_64-linux-gnu/gazebo-11/plugins:'), ('WT_PROFILE_ID', '{cfe200f4-993a-5872-ad3b-a2178e70b07c}'), ('HOME', '/home/student'), ('OLDPWD', '/home/student/ros2_ws/src'), ('WSL_ROS_VER', '2425.01'), ('GAZEBO_MASTER_URI', 'http://localhost:11345'), ('ROS_PYTHON_VERSION', '3'), ('WSL_DISTRO_NAME', 'WSL-ROS2'), ('_colcon_cd_root', '/opt/ros/humble/'), ('MANWIN', 'true'), ('WAYLAND_DISPLAY', 'wayland-0'), ('ROS_DISTRO', 'humble'), ('LOGNAME', 'student'), ('NAME', 'UOS00BE4391A287'), ('WSL_INTEROP', '/run/WSL/10_interop'), ('PULSE_SERVER', 'unix:/mnt/wslg/PulseServer'), ('_', '/usr/bin/colcon'), ('ROS_VERSION', '2'), ('XSERVER', 'true'), ('TERM', 'xterm-256color'), ('GAZEBO_MODEL_PATH', '/usr/share/gazebo/../../share/gazebo-11/models:'), ('LIBGL_ALWAYS_INDIRECT', ''), ('ROS_LOCALHOST_ONLY', '1'), ('OGRE_RESOURCE_PATH', '/usr/lib/x86_64-linux-gnu/OGRE-1.9.0'), ('PATH', '/opt/ros/humble/bin:/usr/local/sbin:/usr/local/bin:/usr/sbin:/usr/bin:/sbin:/bin:/usr/games:/usr/local/games:/usr/lib/wsl/lib:/mnt/c/Program Files (x86)/Common Files/Oracle/Java/java8path:/mnt/c/Program Files (x86)/Common Files/Oracle/Java/javapath:/mnt/c/Windows/CCM/:/mnt/c/Windows/system32:/mnt/c/Windows:/mnt/c/Windows/System32/Wbem:/mnt/c/Windows/System32/WindowsPowerShell/v1.0/:/mnt/c/Windows/System32/OpenSSH/:/mnt/c/Windows/system32/config/systemprofile/AppData/Local/Microsoft/WindowsApps:/mnt/c/Program Files/Java/jdk-17.0.4/bin:/mnt/c/Program Files/Common Files/AspenTech Shared/:/mnt/c/Program Files/dotnet/:/mnt/c/Users/eia21mw/AppData/Local/Microsoft/WindowsApps'), ('WT_SESSION', '801c7dc4-bf87-413f-b917-5ade9b5ddcad'), ('XDG_RUNTIME_DIR', '/mnt/wslg/runtime-dir'), ('DISPLAY', '172.16.131.147:0.0'), ('LANG', 'en_GB.UTF-8'), ('LS_COLORS', 'rs=0:di=01;34:ln=01;36:mh=00:pi=40;33:so=01;35:do=01;35:bd=40;33;01:cd=40;33;01:or=40;31;01:mi=00:su=37;41:sg=30;43:ca=30;41:tw=30;42:ow=34;42:st=37;44:ex=01;32:*.tar=01;31:*.tgz=01;31:*.arc=01;31:*.arj=01;31:*.taz=01;31:*.lha=01;31:*.lz4=01;31:*.lzh=01;31:*.lzma=01;31:*.tlz=01;31:*.txz=01;31:*.tzo=01;31:*.t7z=01;31:*.zip=01;31:*.z=01;31:*.dz=01;31:*.gz=01;31:*.lrz=01;31:*.lz=01;31:*.lzo=01;31:*.xz=01;31:*.zst=01;31:*.tzst=01;31:*.bz2=01;31:*.bz=01;31:*.tbz=01;31:*.tbz2=01;31:*.tz=01;31:*.deb=01;31:*.rpm=01;31:*.jar=01;31:*.war=01;31:*.ear=01;31:*.sar=01;31:*.rar=01;31:*.alz=01;31:*.ace=01;31:*.zoo=01;31:*.cpio=01;31:*.7z=01;31:*.rz=01;31:*.cab=01;31:*.wim=01;31:*.swm=01;31:*.dwm=01;31:*.esd=01;31:*.jpg=01;35:*.jpeg=01;35:*.mjpg=01;35:*.mjpeg=01;35:*.gif=01;35:*.bmp=01;35:*.pbm=01;35:*.pgm=01;35:*.ppm=01;35:*.tga=01;35:*.xbm=01;35:*.xpm=01;35:*.tif=01;35:*.tiff=01;35:*.png=01;35:*.svg=01;35:*.svgz=01;35:*.mng=01;35:*.pcx=01;35:*.mov=01;35:*.mpg=01;35:*.mpeg=01;35:*.m2v=01;35:*.mkv=01;35:*.webm=01;35:*.webp=01;35:*.ogm=01;35:*.mp4=01;35:*.m4v=01;35:*.mp4v=01;35:*.vob=01;35:*.qt=01;35:*.nuv=01;35:*.wmv=01;35:*.asf=01;35:*.rm=01;35:*.rmvb=01;35:*.flc=01;35:*.avi=01;35:*.fli=01;35:*.flv=01;35:*.gl=01;35:*.dl=01;35:*.xcf=01;35:*.xwd=01;35:*.yuv=01;35:*.cgm=01;35:*.emf=01;35:*.ogv=01;35:*.ogx=01;35:*.aac=00;36:*.au=00;36:*.flac=00;36:*.m4a=00;36:*.mid=00;36:*.midi=00;36:*.mka=00;36:*.mp3=00;36:*.mpc=00;36:*.ogg=00;36:*.ra=00;36:*.wav=00;36:*.oga=00;36:*.opus=00;36:*.spx=00;36:*.xspf=00;36:'), ('ROS_DOMAIN_ID', '1'), ('AMENT_PREFIX_PATH', '/home/student/ros2_ws/install/tuos_simulations:/opt/ros/humble'), ('SHELL', '/bin/bash'), ('LESSCLOSE', '/usr/bin/lesspipe %s %s'), ('GAZEBO_IP', '127.0.0.1'), ('GAZEBO_RESOURCE_PATH', '/usr/share/gazebo/../../share/gazebo-11:'), ('GAZEBO_MODEL_DATABASE_URI', 'http://models.gazebosim.org'), ('PWD', '/home/student/ros2_ws/build/com2009_simulations'), ('TURTLEBOT3_MODEL', 'waffle'), ('GAZEBO_PLUGIN_PATH', '/usr/share/gazebo/../../lib/x86_64-linux-gnu/gazebo-11/plugins:'), ('PYTHONPATH', '/opt/ros/humble/lib/python3.10/site-packages:/opt/ros/humble/local/lib/python3.10/dist-packages'), ('COLCON', '1'), ('WSL2_GUI_APPS_ENABLED', '1'), ('HOSTTYPE', 'x86_64'), ('WINUSER', 'eia21mw'), ('WSLENV', 'WT_SESSION:WT_PROFILE_ID:'), ('CMAKE_PREFIX_PATH', '/home/student/ros2_ws/install/tuos_simulations:/opt/ros/humble')]), 'shell': False}
[8.640274] (com2009_simulations) StdoutLine: {'line': b'-- Install configuration: ""\n'}
[8.640399] (com2009_simulations) StdoutLine: {'line': b'-- Installing: /home/student/ros2_ws/install/com2009_simulations/share/com2009_simulations/launch\n'}
[8.640749] (com2009_simulations) StdoutLine: {'line': b'-- Installing: /home/student/ros2_ws/install/com2009_simulations/share/com2009_simulations/launch/task1.launch.py\n'}
[8.640830] (com2009_simulations) StdoutLine: {'line': b'-- Installing: /home/student/ros2_ws/install/com2009_simulations/share/com2009_simulations/launch/task2.launch.py\n'}
[8.640869] (com2009_simulations) StdoutLine: {'line': b'-- Installing: /home/student/ros2_ws/install/com2009_simulations/share/com2009_simulations/models\n'}
[8.641097] (com2009_simulations) StdoutLine: {'line': b'-- Installing: /home/student/ros2_ws/install/com2009_simulations/share/com2009_simulations/models/cr5_arena_walls\n'}
[8.641270] (com2009_simulations) StdoutLine: {'line': b'-- Installing: /home/student/ros2_ws/install/com2009_simulations/share/com2009_simulations/models/cr5_arena_walls/model.sdf\n'}
[8.641514] (com2009_simulations) StdoutLine: {'line': b'-- Installing: /home/student/ros2_ws/install/com2009_simulations/share/com2009_simulations/models/cr5_arena_walls/model.config\n'}
[8.641634] (com2009_simulations) StdoutLine: {'line': b'-- Installing: /home/student/ros2_ws/install/com2009_simulations/share/com2009_simulations/models/task2\n'}
[8.641687] (com2009_simulations) StdoutLine: {'line': b'-- Installing: /home/student/ros2_ws/install/com2009_simulations/share/com2009_simulations/models/task2/model.sdf\n'}
[8.641822] (com2009_simulations) StdoutLine: {'line': b'-- Installing: /home/student/ros2_ws/install/com2009_simulations/share/com2009_simulations/models/task2/materials\n'}
[8.642042] (com2009_simulations) StdoutLine: {'line': b'-- Installing: /home/student/ros2_ws/install/com2009_simulations/share/com2009_simulations/models/task2/materials/scripts\n'}
[8.642194] (com2009_simulations) StdoutLine: {'line': b'-- Installing: /home/student/ros2_ws/install/com2009_simulations/share/com2009_simulations/models/task2/materials/scripts/floor.material\n'}
[8.642425] (com2009_simulations) StdoutLine: {'line': b'-- Installing: /home/student/ros2_ws/install/com2009_simulations/share/com2009_simulations/models/task2/materials/textures\n'}
[8.642707] (com2009_simulations) StdoutLine: {'line': b'-- Installing: /home/student/ros2_ws/install/com2009_simulations/share/com2009_simulations/models/task2/materials/textures/task2_floor.png\n'}
[8.643026] (com2009_simulations) StdoutLine: {'line': b'-- Installing: /home/student/ros2_ws/install/com2009_simulations/share/com2009_simulations/models/task2/materials/textures/task2_floor.svg\n'}
[8.643103] (com2009_simulations) StdoutLine: {'line': b'-- Installing: /home/student/ros2_ws/install/com2009_simulations/share/com2009_simulations/models/task2/model.config\n'}
[8.643223] (com2009_simulations) StdoutLine: {'line': b'-- Installing: /home/student/ros2_ws/install/com2009_simulations/share/com2009_simulations/models/task1\n'}
[8.643342] (com2009_simulations) StdoutLine: {'line': b'-- Installing: /home/student/ros2_ws/install/com2009_simulations/share/com2009_simulations/models/task1/model.sdf\n'}
[8.643490] (com2009_simulations) StdoutLine: {'line': b'-- Installing: /home/student/ros2_ws/install/com2009_simulations/share/com2009_simulations/models/task1/materials\n'}
[8.643724] (com2009_simulations) StdoutLine: {'line': b'-- Installing: /home/student/ros2_ws/install/com2009_simulations/share/com2009_simulations/models/task1/materials/scripts\n'}
[8.643973] (com2009_simulations) StdoutLine: {'line': b'-- Installing: /home/student/ros2_ws/install/com2009_simulations/share/com2009_simulations/models/task1/materials/scripts/floor.material\n'}
[8.644130] (com2009_simulations) StdoutLine: {'line': b'-- Installing: /home/student/ros2_ws/install/com2009_simulations/share/com2009_simulations/models/task1/materials/textures\n'}
[8.644271] (com2009_simulations) StdoutLine: {'line': b'-- Installing: /home/student/ros2_ws/install/com2009_simulations/share/com2009_simulations/models/task1/materials/textures/task1_floor.png\n'}
[8.644384] (com2009_simulations) StdoutLine: {'line': b'-- Installing: /home/student/ros2_ws/install/com2009_simulations/share/com2009_simulations/models/task1/materials/textures/task1_floor.svg\n'}
[8.644674] (com2009_simulations) StdoutLine: {'line': b'-- Installing: /home/student/ros2_ws/install/com2009_simulations/share/com2009_simulations/models/task1/model.config\n'}
[8.644960] (com2009_simulations) StdoutLine: {'line': b'-- Installing: /home/student/ros2_ws/install/com2009_simulations/share/com2009_simulations/worlds\n'}
[8.645291] (com2009_simulations) StdoutLine: {'line': b'-- Installing: /home/student/ros2_ws/install/com2009_simulations/share/com2009_simulations/worlds/task2.world\n'}
[8.645505] (com2009_simulations) StdoutLine: {'line': b'-- Installing: /home/student/ros2_ws/install/com2009_simulations/share/com2009_simulations/worlds/task1.world\n'}
[8.645563] (com2009_simulations) StdoutLine: {'line': b'-- Installing: /home/student/ros2_ws/install/com2009_simulations/share/ament_index/resource_index/package_run_dependencies/com2009_simulations\n'}
[8.645778] (com2009_simulations) StdoutLine: {'line': b'-- Installing: /home/student/ros2_ws/install/com2009_simulations/share/ament_index/resource_index/parent_prefix_path/com2009_simulations\n'}
[8.645915] (com2009_simulations) StdoutLine: {'line': b'-- Installing: /home/student/ros2_ws/install/com2009_simulations/share/com2009_simulations/environment/ament_prefix_path.sh\n'}
[8.646103] (com2009_simulations) StdoutLine: {'line': b'-- Installing: /home/student/ros2_ws/install/com2009_simulations/share/com2009_simulations/environment/ament_prefix_path.dsv\n'}
[8.646207] (com2009_simulations) StdoutLine: {'line': b'-- Installing: /home/student/ros2_ws/install/com2009_simulations/share/com2009_simulations/environment/path.sh\n'}
[8.646367] (com2009_simulations) StdoutLine: {'line': b'-- Installing: /home/student/ros2_ws/install/com2009_simulations/share/com2009_simulations/environment/path.dsv\n'}
[8.646480] (com2009_simulations) StdoutLine: {'line': b'-- Installing: /home/student/ros2_ws/install/com2009_simulations/share/com2009_simulations/local_setup.bash\n'}
[8.646592] (com2009_simulations) StdoutLine: {'line': b'-- Installing: /home/student/ros2_ws/install/com2009_simulations/share/com2009_simulations/local_setup.sh\n'}
[8.646690] (com2009_simulations) StdoutLine: {'line': b'-- Installing: /home/student/ros2_ws/install/com2009_simulations/share/com2009_simulations/local_setup.zsh\n'}
[8.646730] (com2009_simulations) StdoutLine: {'line': b'-- Installing: /home/student/ros2_ws/install/com2009_simulations/share/com2009_simulations/local_setup.dsv\n'}
[8.646941] (com2009_simulations) StdoutLine: {'line': b'-- Installing: /home/student/ros2_ws/install/com2009_simulations/share/com2009_simulations/package.dsv\n'}
[8.647219] (com2009_simulations) StdoutLine: {'line': b'-- Installing: /home/student/ros2_ws/install/com2009_simulations/share/ament_index/resource_index/packages/com2009_simulations\n'}
[8.647536] (com2009_simulations) StdoutLine: {'line': b'-- Installing: /home/student/ros2_ws/install/com2009_simulations/share/com2009_simulations/cmake/ament_cmake_export_dependencies-extras.cmake\n'}
[8.647686] (com2009_simulations) StdoutLine: {'line': b'-- Installing: /home/student/ros2_ws/install/com2009_simulations/share/com2009_simulations/cmake/com2009_simulationsConfig.cmake\n'}
[8.647765] (com2009_simulations) StdoutLine: {'line': b'-- Installing: /home/student/ros2_ws/install/com2009_simulations/share/com2009_simulations/cmake/com2009_simulationsConfig-version.cmake\n'}
[8.648026] (com2009_simulations) StdoutLine: {'line': b'-- Installing: /home/student/ros2_ws/install/com2009_simulations/share/com2009_simulations/package.xml\n'}
[8.649001] (com2009_simulations) CommandEnded: {'returncode': 0}
[8.657834] (com2009_simulations) JobEnded: {'identifier': 'com2009_simulations', 'rc': 0}
[8.659571] (tuos_ros) JobStarted: {'identifier': 'tuos_ros'}
[8.720504] (-) TimerEvent: {}
[8.773682] (tuos_ros) JobProgress: {'identifier': 'tuos_ros', 'progress': 'cmake'}
[8.774862] (tuos_ros) Command: {'cmd': ['/usr/bin/cmake', '/home/student/ros2_ws/src/tuos_ros/tuos_ros', '-DCMAKE_INSTALL_PREFIX=/home/student/ros2_ws/install/tuos_ros'], 'cwd': '/home/student/ros2_ws/build/tuos_ros', 'env': OrderedDict([('LESSOPEN', '| /usr/bin/lesspipe %s'), ('USER', 'student'), ('WINHOMEDRIVE', 'U:'), ('SHLVL', '1'), ('LIBGL_ALWAYS_SOFTWARE', 'true'), ('LD_LIBRARY_PATH', '/home/student/ros2_ws/install/tuos_interfaces/lib:/usr/lib/x86_64-linux-gnu/gazebo-11/plugins:/opt/ros/humble/opt/rviz_ogre_vendor/lib:/opt/ros/humble/lib/x86_64-linux-gnu:/opt/ros/humble/lib:/usr/share/gazebo/../../lib/x86_64-linux-gnu/gazebo-11/plugins'), ('WT_PROFILE_ID', '{cfe200f4-993a-5872-ad3b-a2178e70b07c}'), ('HOME', '/home/student'), ('OLDPWD', '/home/student/ros2_ws/src'), ('WSL_ROS_VER', '2425.01'), ('GAZEBO_MASTER_URI', 'http://localhost:11345'), ('ROS_PYTHON_VERSION', '3'), ('WSL_DISTRO_NAME', 'WSL-ROS2'), ('_colcon_cd_root', '/opt/ros/humble/'), ('MANWIN', 'true'), ('WAYLAND_DISPLAY', 'wayland-0'), ('ROS_DISTRO', 'humble'), ('LOGNAME', 'student'), ('NAME', 'UOS00BE4391A287'), ('WSL_INTEROP', '/run/WSL/10_interop'), ('PULSE_SERVER', 'unix:/mnt/wslg/PulseServer'), ('_', '/usr/bin/colcon'), ('ROS_VERSION', '2'), ('XSERVER', 'true'), ('TERM', 'xterm-256color'), ('GAZEBO_MODEL_PATH', '/usr/share/gazebo/../../share/gazebo-11/models:'), ('LIBGL_ALWAYS_INDIRECT', ''), ('ROS_LOCALHOST_ONLY', '1'), ('OGRE_RESOURCE_PATH', '/usr/lib/x86_64-linux-gnu/OGRE-1.9.0'), ('PATH', '/opt/ros/humble/bin:/usr/local/sbin:/usr/local/bin:/usr/sbin:/usr/bin:/sbin:/bin:/usr/games:/usr/local/games:/usr/lib/wsl/lib:/mnt/c/Program Files (x86)/Common Files/Oracle/Java/java8path:/mnt/c/Program Files (x86)/Common Files/Oracle/Java/javapath:/mnt/c/Windows/CCM/:/mnt/c/Windows/system32:/mnt/c/Windows:/mnt/c/Windows/System32/Wbem:/mnt/c/Windows/System32/WindowsPowerShell/v1.0/:/mnt/c/Windows/System32/OpenSSH/:/mnt/c/Windows/system32/config/systemprofile/AppData/Local/Microsoft/WindowsApps:/mnt/c/Program Files/Java/jdk-17.0.4/bin:/mnt/c/Program Files/Common Files/AspenTech Shared/:/mnt/c/Program Files/dotnet/:/mnt/c/Users/eia21mw/AppData/Local/Microsoft/WindowsApps'), ('WT_SESSION', '801c7dc4-bf87-413f-b917-5ade9b5ddcad'), ('XDG_RUNTIME_DIR', '/mnt/wslg/runtime-dir'), ('DISPLAY', '172.16.131.147:0.0'), ('LANG', 'en_GB.UTF-8'), ('LS_COLORS', 'rs=0:di=01;34:ln=01;36:mh=00:pi=40;33:so=01;35:do=01;35:bd=40;33;01:cd=40;33;01:or=40;31;01:mi=00:su=37;41:sg=30;43:ca=30;41:tw=30;42:ow=34;42:st=37;44:ex=01;32:*.tar=01;31:*.tgz=01;31:*.arc=01;31:*.arj=01;31:*.taz=01;31:*.lha=01;31:*.lz4=01;31:*.lzh=01;31:*.lzma=01;31:*.tlz=01;31:*.txz=01;31:*.tzo=01;31:*.t7z=01;31:*.zip=01;31:*.z=01;31:*.dz=01;31:*.gz=01;31:*.lrz=01;31:*.lz=01;31:*.lzo=01;31:*.xz=01;31:*.zst=01;31:*.tzst=01;31:*.bz2=01;31:*.bz=01;31:*.tbz=01;31:*.tbz2=01;31:*.tz=01;31:*.deb=01;31:*.rpm=01;31:*.jar=01;31:*.war=01;31:*.ear=01;31:*.sar=01;31:*.rar=01;31:*.alz=01;31:*.ace=01;31:*.zoo=01;31:*.cpio=01;31:*.7z=01;31:*.rz=01;31:*.cab=01;31:*.wim=01;31:*.swm=01;31:*.dwm=01;31:*.esd=01;31:*.jpg=01;35:*.jpeg=01;35:*.mjpg=01;35:*.mjpeg=01;35:*.gif=01;35:*.bmp=01;35:*.pbm=01;35:*.pgm=01;35:*.ppm=01;35:*.tga=01;35:*.xbm=01;35:*.xpm=01;35:*.tif=01;35:*.tiff=01;35:*.png=01;35:*.svg=01;35:*.svgz=01;35:*.mng=01;35:*.pcx=01;35:*.mov=01;35:*.mpg=01;35:*.mpeg=01;35:*.m2v=01;35:*.mkv=01;35:*.webm=01;35:*.webp=01;35:*.ogm=01;35:*.mp4=01;35:*.m4v=01;35:*.mp4v=01;35:*.vob=01;35:*.qt=01;35:*.nuv=01;35:*.wmv=01;35:*.asf=01;35:*.rm=01;35:*.rmvb=01;35:*.flc=01;35:*.avi=01;35:*.fli=01;35:*.flv=01;35:*.gl=01;35:*.dl=01;35:*.xcf=01;35:*.xwd=01;35:*.yuv=01;35:*.cgm=01;35:*.emf=01;35:*.ogv=01;35:*.ogx=01;35:*.aac=00;36:*.au=00;36:*.flac=00;36:*.m4a=00;36:*.mid=00;36:*.midi=00;36:*.mka=00;36:*.mp3=00;36:*.mpc=00;36:*.ogg=00;36:*.ra=00;36:*.wav=00;36:*.oga=00;36:*.opus=00;36:*.spx=00;36:*.xspf=00;36:'), ('ROS_DOMAIN_ID', '1'), ('AMENT_PREFIX_PATH', '/home/student/ros2_ws/install/com2009_simulations:/home/student/ros2_ws/install/tuos_tb3_tools:/home/student/ros2_ws/install/tuos_simulations:/home/student/ros2_ws/install/tuos_interfaces:/home/student/ros2_ws/install/tuos_examples:/opt/ros/humble'), ('SHELL', '/bin/bash'), ('LESSCLOSE', '/usr/bin/lesspipe %s %s'), ('GAZEBO_IP', '127.0.0.1'), ('GAZEBO_RESOURCE_PATH', '/usr/share/gazebo/../../share/gazebo-11:'), ('GAZEBO_MODEL_DATABASE_URI', 'http://models.gazebosim.org'), ('PWD', '/home/student/ros2_ws/build/tuos_ros'), ('TURTLEBOT3_MODEL', 'waffle'), ('GAZEBO_PLUGIN_PATH', '/usr/share/gazebo/../../lib/x86_64-linux-gnu/gazebo-11/plugins:'), ('PYTHONPATH', '/home/student/ros2_ws/install/tuos_interfaces/local/lib/python3.10/dist-packages:/home/student/ros2_ws/install/tuos_examples/local/lib/python3.10/dist-packages:/opt/ros/humble/lib/python3.10/site-packages:/opt/ros/humble/local/lib/python3.10/dist-packages'), ('COLCON', '1'), ('WSL2_GUI_APPS_ENABLED', '1'), ('HOSTTYPE', 'x86_64'), ('WINUSER', 'eia21mw'), ('WSLENV', 'WT_SESSION:WT_PROFILE_ID:'), ('CMAKE_PREFIX_PATH', '/home/student/ros2_ws/install/com2009_simulations:/home/student/ros2_ws/install/tuos_tb3_tools:/home/student/ros2_ws/install/tuos_simulations:/home/student/ros2_ws/install/tuos_interfaces:/home/student/ros2_ws/install/tuos_examples:/opt/ros/humble')]), 'shell': False}
[8.820598] (-) TimerEvent: {}
[8.849525] (tuos_ros) StdoutLine: {'line': b'-- The C compiler identification is GNU 11.4.0\n'}
[8.920712] (-) TimerEvent: {}
[9.021048] (-) TimerEvent: {}
[9.082521] (tuos_ros) StdoutLine: {'line': b'-- The CXX compiler identification is GNU 11.4.0\n'}
[9.121163] (-) TimerEvent: {}
[9.221543] (-) TimerEvent: {}
[9.298077] (tuos_ros) StdoutLine: {'line': b'-- Detecting C compiler ABI info\n'}
[9.321722] (-) TimerEvent: {}
[9.385648] (tuos_ros) StdoutLine: {'line': b'-- Detecting C compiler ABI info - done\n'}
[9.390429] (tuos_ros) StdoutLine: {'line': b'-- Check for working C compiler: /usr/bin/cc - skipped\n'}
[9.390684] (tuos_ros) StdoutLine: {'line': b'-- Detecting C compile features\n'}
[9.391054] (tuos_ros) StdoutLine: {'line': b'-- Detecting C compile features - done\n'}
[9.393454] (tuos_ros) StdoutLine: {'line': b'-- Detecting CXX compiler ABI info\n'}
[9.421928] (-) TimerEvent: {}
[9.500394] (tuos_ros) StdoutLine: {'line': b'-- Detecting CXX compiler ABI info - done\n'}
[9.504964] (tuos_ros) StdoutLine: {'line': b'-- Check for working CXX compiler: /usr/bin/c++ - skipped\n'}
[9.505239] (tuos_ros) StdoutLine: {'line': b'-- Detecting CXX compile features\n'}
[9.505486] (tuos_ros) StdoutLine: {'line': b'-- Detecting CXX compile features - done\n'}
[9.507109] (tuos_ros) StdoutLine: {'line': b'-- Found ament_cmake: 1.3.11 (/opt/ros/humble/share/ament_cmake/cmake)\n'}
[9.522109] (-) TimerEvent: {}
[9.617903] (tuos_ros) StdoutLine: {'line': b'-- Found Python3: /usr/bin/python3 (found version "3.10.12") found components: Interpreter \n'}
[9.622399] (-) TimerEvent: {}
[9.722891] (-) TimerEvent: {}
[9.725497] (tuos_ros) StdoutLine: {'line': b'-- Configuring done\n'}
[9.728164] (tuos_ros) StdoutLine: {'line': b'-- Generating done\n'}
[9.729288] (tuos_ros) StdoutLine: {'line': b'-- Build files have been written to: /home/student/ros2_ws/build/tuos_ros\n'}
[9.731826] (tuos_ros) CommandEnded: {'returncode': 0}
[9.733655] (tuos_ros) JobProgress: {'identifier': 'tuos_ros', 'progress': 'build'}
[9.733685] (tuos_ros) Command: {'cmd': ['/usr/bin/cmake', '--build', '/home/student/ros2_ws/build/tuos_ros', '--', '-j12', '-l12'], 'cwd': '/home/student/ros2_ws/build/tuos_ros', 'env': OrderedDict([('LESSOPEN', '| /usr/bin/lesspipe %s'), ('USER', 'student'), ('WINHOMEDRIVE', 'U:'), ('SHLVL', '1'), ('LIBGL_ALWAYS_SOFTWARE', 'true'), ('LD_LIBRARY_PATH', '/home/student/ros2_ws/install/tuos_interfaces/lib:/usr/lib/x86_64-linux-gnu/gazebo-11/plugins:/opt/ros/humble/opt/rviz_ogre_vendor/lib:/opt/ros/humble/lib/x86_64-linux-gnu:/opt/ros/humble/lib:/usr/share/gazebo/../../lib/x86_64-linux-gnu/gazebo-11/plugins'), ('WT_PROFILE_ID', '{cfe200f4-993a-5872-ad3b-a2178e70b07c}'), ('HOME', '/home/student'), ('OLDPWD', '/home/student/ros2_ws/src'), ('WSL_ROS_VER', '2425.01'), ('GAZEBO_MASTER_URI', 'http://localhost:11345'), ('ROS_PYTHON_VERSION', '3'), ('WSL_DISTRO_NAME', 'WSL-ROS2'), ('_colcon_cd_root', '/opt/ros/humble/'), ('MANWIN', 'true'), ('WAYLAND_DISPLAY', 'wayland-0'), ('ROS_DISTRO', 'humble'), ('LOGNAME', 'student'), ('NAME', 'UOS00BE4391A287'), ('WSL_INTEROP', '/run/WSL/10_interop'), ('PULSE_SERVER', 'unix:/mnt/wslg/PulseServer'), ('_', '/usr/bin/colcon'), ('ROS_VERSION', '2'), ('XSERVER', 'true'), ('TERM', 'xterm-256color'), ('GAZEBO_MODEL_PATH', '/usr/share/gazebo/../../share/gazebo-11/models:'), ('LIBGL_ALWAYS_INDIRECT', ''), ('ROS_LOCALHOST_ONLY', '1'), ('OGRE_RESOURCE_PATH', '/usr/lib/x86_64-linux-gnu/OGRE-1.9.0'), ('PATH', '/opt/ros/humble/bin:/usr/local/sbin:/usr/local/bin:/usr/sbin:/usr/bin:/sbin:/bin:/usr/games:/usr/local/games:/usr/lib/wsl/lib:/mnt/c/Program Files (x86)/Common Files/Oracle/Java/java8path:/mnt/c/Program Files (x86)/Common Files/Oracle/Java/javapath:/mnt/c/Windows/CCM/:/mnt/c/Windows/system32:/mnt/c/Windows:/mnt/c/Windows/System32/Wbem:/mnt/c/Windows/System32/WindowsPowerShell/v1.0/:/mnt/c/Windows/System32/OpenSSH/:/mnt/c/Windows/system32/config/systemprofile/AppData/Local/Microsoft/WindowsApps:/mnt/c/Program Files/Java/jdk-17.0.4/bin:/mnt/c/Program Files/Common Files/AspenTech Shared/:/mnt/c/Program Files/dotnet/:/mnt/c/Users/eia21mw/AppData/Local/Microsoft/WindowsApps'), ('WT_SESSION', '801c7dc4-bf87-413f-b917-5ade9b5ddcad'), ('XDG_RUNTIME_DIR', '/mnt/wslg/runtime-dir'), ('DISPLAY', '172.16.131.147:0.0'), ('LANG', 'en_GB.UTF-8'), ('LS_COLORS', 'rs=0:di=01;34:ln=01;36:mh=00:pi=40;33:so=01;35:do=01;35:bd=40;33;01:cd=40;33;01:or=40;31;01:mi=00:su=37;41:sg=30;43:ca=30;41:tw=30;42:ow=34;42:st=37;44:ex=01;32:*.tar=01;31:*.tgz=01;31:*.arc=01;31:*.arj=01;31:*.taz=01;31:*.lha=01;31:*.lz4=01;31:*.lzh=01;31:*.lzma=01;31:*.tlz=01;31:*.txz=01;31:*.tzo=01;31:*.t7z=01;31:*.zip=01;31:*.z=01;31:*.dz=01;31:*.gz=01;31:*.lrz=01;31:*.lz=01;31:*.lzo=01;31:*.xz=01;31:*.zst=01;31:*.tzst=01;31:*.bz2=01;31:*.bz=01;31:*.tbz=01;31:*.tbz2=01;31:*.tz=01;31:*.deb=01;31:*.rpm=01;31:*.jar=01;31:*.war=01;31:*.ear=01;31:*.sar=01;31:*.rar=01;31:*.alz=01;31:*.ace=01;31:*.zoo=01;31:*.cpio=01;31:*.7z=01;31:*.rz=01;31:*.cab=01;31:*.wim=01;31:*.swm=01;31:*.dwm=01;31:*.esd=01;31:*.jpg=01;35:*.jpeg=01;35:*.mjpg=01;35:*.mjpeg=01;35:*.gif=01;35:*.bmp=01;35:*.pbm=01;35:*.pgm=01;35:*.ppm=01;35:*.tga=01;35:*.xbm=01;35:*.xpm=01;35:*.tif=01;35:*.tiff=01;35:*.png=01;35:*.svg=01;35:*.svgz=01;35:*.mng=01;35:*.pcx=01;35:*.mov=01;35:*.mpg=01;35:*.mpeg=01;35:*.m2v=01;35:*.mkv=01;35:*.webm=01;35:*.webp=01;35:*.ogm=01;35:*.mp4=01;35:*.m4v=01;35:*.mp4v=01;35:*.vob=01;35:*.qt=01;35:*.nuv=01;35:*.wmv=01;35:*.asf=01;35:*.rm=01;35:*.rmvb=01;35:*.flc=01;35:*.avi=01;35:*.fli=01;35:*.flv=01;35:*.gl=01;35:*.dl=01;35:*.xcf=01;35:*.xwd=01;35:*.yuv=01;35:*.cgm=01;35:*.emf=01;35:*.ogv=01;35:*.ogx=01;35:*.aac=00;36:*.au=00;36:*.flac=00;36:*.m4a=00;36:*.mid=00;36:*.midi=00;36:*.mka=00;36:*.mp3=00;36:*.mpc=00;36:*.ogg=00;36:*.ra=00;36:*.wav=00;36:*.oga=00;36:*.opus=00;36:*.spx=00;36:*.xspf=00;36:'), ('ROS_DOMAIN_ID', '1'), ('AMENT_PREFIX_PATH', '/home/student/ros2_ws/install/com2009_simulations:/home/student/ros2_ws/install/tuos_tb3_tools:/home/student/ros2_ws/install/tuos_simulations:/home/student/ros2_ws/install/tuos_interfaces:/home/student/ros2_ws/install/tuos_examples:/opt/ros/humble'), ('SHELL', '/bin/bash'), ('LESSCLOSE', '/usr/bin/lesspipe %s %s'), ('GAZEBO_IP', '127.0.0.1'), ('GAZEBO_RESOURCE_PATH', '/usr/share/gazebo/../../share/gazebo-11:'), ('GAZEBO_MODEL_DATABASE_URI', 'http://models.gazebosim.org'), ('PWD', '/home/student/ros2_ws/build/tuos_ros'), ('TURTLEBOT3_MODEL', 'waffle'), ('GAZEBO_PLUGIN_PATH', '/usr/share/gazebo/../../lib/x86_64-linux-gnu/gazebo-11/plugins:'), ('PYTHONPATH', '/home/student/ros2_ws/install/tuos_interfaces/local/lib/python3.10/dist-packages:/home/student/ros2_ws/install/tuos_examples/local/lib/python3.10/dist-packages:/opt/ros/humble/lib/python3.10/site-packages:/opt/ros/humble/local/lib/python3.10/dist-packages'), ('COLCON', '1'), ('WSL2_GUI_APPS_ENABLED', '1'), ('HOSTTYPE', 'x86_64'), ('WINUSER', 'eia21mw'), ('WSLENV', 'WT_SESSION:WT_PROFILE_ID:'), ('CMAKE_PREFIX_PATH', '/home/student/ros2_ws/install/com2009_simulations:/home/student/ros2_ws/install/tuos_tb3_tools:/home/student/ros2_ws/install/tuos_simulations:/home/student/ros2_ws/install/tuos_interfaces:/home/student/ros2_ws/install/tuos_examples:/opt/ros/humble')]), 'shell': False}
[9.759455] (tuos_ros) CommandEnded: {'returncode': 0}
[9.761638] (tuos_ros) JobProgress: {'identifier': 'tuos_ros', 'progress': 'install'}
[9.761760] (tuos_ros) Command: {'cmd': ['/usr/bin/cmake', '--install', '/home/student/ros2_ws/build/tuos_ros'], 'cwd': '/home/student/ros2_ws/build/tuos_ros', 'env': OrderedDict([('LESSOPEN', '| /usr/bin/lesspipe %s'), ('USER', 'student'), ('WINHOMEDRIVE', 'U:'), ('SHLVL', '1'), ('LIBGL_ALWAYS_SOFTWARE', 'true'), ('LD_LIBRARY_PATH', '/home/student/ros2_ws/install/tuos_interfaces/lib:/usr/lib/x86_64-linux-gnu/gazebo-11/plugins:/opt/ros/humble/opt/rviz_ogre_vendor/lib:/opt/ros/humble/lib/x86_64-linux-gnu:/opt/ros/humble/lib:/usr/share/gazebo/../../lib/x86_64-linux-gnu/gazebo-11/plugins'), ('WT_PROFILE_ID', '{cfe200f4-993a-5872-ad3b-a2178e70b07c}'), ('HOME', '/home/student'), ('OLDPWD', '/home/student/ros2_ws/src'), ('WSL_ROS_VER', '2425.01'), ('GAZEBO_MASTER_URI', 'http://localhost:11345'), ('ROS_PYTHON_VERSION', '3'), ('WSL_DISTRO_NAME', 'WSL-ROS2'), ('_colcon_cd_root', '/opt/ros/humble/'), ('MANWIN', 'true'), ('WAYLAND_DISPLAY', 'wayland-0'), ('ROS_DISTRO', 'humble'), ('LOGNAME', 'student'), ('NAME', 'UOS00BE4391A287'), ('WSL_INTEROP', '/run/WSL/10_interop'), ('PULSE_SERVER', 'unix:/mnt/wslg/PulseServer'), ('_', '/usr/bin/colcon'), ('ROS_VERSION', '2'), ('XSERVER', 'true'), ('TERM', 'xterm-256color'), ('GAZEBO_MODEL_PATH', '/usr/share/gazebo/../../share/gazebo-11/models:'), ('LIBGL_ALWAYS_INDIRECT', ''), ('ROS_LOCALHOST_ONLY', '1'), ('OGRE_RESOURCE_PATH', '/usr/lib/x86_64-linux-gnu/OGRE-1.9.0'), ('PATH', '/opt/ros/humble/bin:/usr/local/sbin:/usr/local/bin:/usr/sbin:/usr/bin:/sbin:/bin:/usr/games:/usr/local/games:/usr/lib/wsl/lib:/mnt/c/Program Files (x86)/Common Files/Oracle/Java/java8path:/mnt/c/Program Files (x86)/Common Files/Oracle/Java/javapath:/mnt/c/Windows/CCM/:/mnt/c/Windows/system32:/mnt/c/Windows:/mnt/c/Windows/System32/Wbem:/mnt/c/Windows/System32/WindowsPowerShell/v1.0/:/mnt/c/Windows/System32/OpenSSH/:/mnt/c/Windows/system32/config/systemprofile/AppData/Local/Microsoft/WindowsApps:/mnt/c/Program Files/Java/jdk-17.0.4/bin:/mnt/c/Program Files/Common Files/AspenTech Shared/:/mnt/c/Program Files/dotnet/:/mnt/c/Users/eia21mw/AppData/Local/Microsoft/WindowsApps'), ('WT_SESSION', '801c7dc4-bf87-413f-b917-5ade9b5ddcad'), ('XDG_RUNTIME_DIR', '/mnt/wslg/runtime-dir'), ('DISPLAY', '172.16.131.147:0.0'), ('LANG', 'en_GB.UTF-8'), ('LS_COLORS', 'rs=0:di=01;34:ln=01;36:mh=00:pi=40;33:so=01;35:do=01;35:bd=40;33;01:cd=40;33;01:or=40;31;01:mi=00:su=37;41:sg=30;43:ca=30;41:tw=30;42:ow=34;42:st=37;44:ex=01;32:*.tar=01;31:*.tgz=01;31:*.arc=01;31:*.arj=01;31:*.taz=01;31:*.lha=01;31:*.lz4=01;31:*.lzh=01;31:*.lzma=01;31:*.tlz=01;31:*.txz=01;31:*.tzo=01;31:*.t7z=01;31:*.zip=01;31:*.z=01;31:*.dz=01;31:*.gz=01;31:*.lrz=01;31:*.lz=01;31:*.lzo=01;31:*.xz=01;31:*.zst=01;31:*.tzst=01;31:*.bz2=01;31:*.bz=01;31:*.tbz=01;31:*.tbz2=01;31:*.tz=01;31:*.deb=01;31:*.rpm=01;31:*.jar=01;31:*.war=01;31:*.ear=01;31:*.sar=01;31:*.rar=01;31:*.alz=01;31:*.ace=01;31:*.zoo=01;31:*.cpio=01;31:*.7z=01;31:*.rz=01;31:*.cab=01;31:*.wim=01;31:*.swm=01;31:*.dwm=01;31:*.esd=01;31:*.jpg=01;35:*.jpeg=01;35:*.mjpg=01;35:*.mjpeg=01;35:*.gif=01;35:*.bmp=01;35:*.pbm=01;35:*.pgm=01;35:*.ppm=01;35:*.tga=01;35:*.xbm=01;35:*.xpm=01;35:*.tif=01;35:*.tiff=01;35:*.png=01;35:*.svg=01;35:*.svgz=01;35:*.mng=01;35:*.pcx=01;35:*.mov=01;35:*.mpg=01;35:*.mpeg=01;35:*.m2v=01;35:*.mkv=01;35:*.webm=01;35:*.webp=01;35:*.ogm=01;35:*.mp4=01;35:*.m4v=01;35:*.mp4v=01;35:*.vob=01;35:*.qt=01;35:*.nuv=01;35:*.wmv=01;35:*.asf=01;35:*.rm=01;35:*.rmvb=01;35:*.flc=01;35:*.avi=01;35:*.fli=01;35:*.flv=01;35:*.gl=01;35:*.dl=01;35:*.xcf=01;35:*.xwd=01;35:*.yuv=01;35:*.cgm=01;35:*.emf=01;35:*.ogv=01;35:*.ogx=01;35:*.aac=00;36:*.au=00;36:*.flac=00;36:*.m4a=00;36:*.mid=00;36:*.midi=00;36:*.mka=00;36:*.mp3=00;36:*.mpc=00;36:*.ogg=00;36:*.ra=00;36:*.wav=00;36:*.oga=00;36:*.opus=00;36:*.spx=00;36:*.xspf=00;36:'), ('ROS_DOMAIN_ID', '1'), ('AMENT_PREFIX_PATH', '/home/student/ros2_ws/install/com2009_simulations:/home/student/ros2_ws/install/tuos_tb3_tools:/home/student/ros2_ws/install/tuos_simulations:/home/student/ros2_ws/install/tuos_interfaces:/home/student/ros2_ws/install/tuos_examples:/opt/ros/humble'), ('SHELL', '/bin/bash'), ('LESSCLOSE', '/usr/bin/lesspipe %s %s'), ('GAZEBO_IP', '127.0.0.1'), ('GAZEBO_RESOURCE_PATH', '/usr/share/gazebo/../../share/gazebo-11:'), ('GAZEBO_MODEL_DATABASE_URI', 'http://models.gazebosim.org'), ('PWD', '/home/student/ros2_ws/build/tuos_ros'), ('TURTLEBOT3_MODEL', 'waffle'), ('GAZEBO_PLUGIN_PATH', '/usr/share/gazebo/../../lib/x86_64-linux-gnu/gazebo-11/plugins:'), ('PYTHONPATH', '/home/student/ros2_ws/install/tuos_interfaces/local/lib/python3.10/dist-packages:/home/student/ros2_ws/install/tuos_examples/local/lib/python3.10/dist-packages:/opt/ros/humble/lib/python3.10/site-packages:/opt/ros/humble/local/lib/python3.10/dist-packages'), ('COLCON', '1'), ('WSL2_GUI_APPS_ENABLED', '1'), ('HOSTTYPE', 'x86_64'), ('WINUSER', 'eia21mw'), ('WSLENV', 'WT_SESSION:WT_PROFILE_ID:'), ('CMAKE_PREFIX_PATH', '/home/student/ros2_ws/install/com2009_simulations:/home/student/ros2_ws/install/tuos_tb3_tools:/home/student/ros2_ws/install/tuos_simulations:/home/student/ros2_ws/install/tuos_interfaces:/home/student/ros2_ws/install/tuos_examples:/opt/ros/humble')]), 'shell': False}
[9.765829] (tuos_ros) StdoutLine: {'line': b'-- Install configuration: ""\n'}
[9.766398] (tuos_ros) StdoutLine: {'line': b'-- Installing: /home/student/ros2_ws/install/tuos_ros/share/ament_index/resource_index/package_run_dependencies/tuos_ros\n'}
[9.766754] (tuos_ros) StdoutLine: {'line': b'-- Installing: /home/student/ros2_ws/install/tuos_ros/share/ament_index/resource_index/parent_prefix_path/tuos_ros\n'}
[9.766827] (tuos_ros) StdoutLine: {'line': b'-- Installing: /home/student/ros2_ws/install/tuos_ros/share/tuos_ros/environment/ament_prefix_path.sh\n'}
[9.767064] (tuos_ros) StdoutLine: {'line': b'-- Installing: /home/student/ros2_ws/install/tuos_ros/share/tuos_ros/environment/ament_prefix_path.dsv\n'}
[9.767278] (tuos_ros) StdoutLine: {'line': b'-- Installing: /home/student/ros2_ws/install/tuos_ros/share/tuos_ros/environment/path.sh\n'}
[9.767495] (tuos_ros) StdoutLine: {'line': b'-- Installing: /home/student/ros2_ws/install/tuos_ros/share/tuos_ros/environment/path.dsv\n'}
[9.767684] (tuos_ros) StdoutLine: {'line': b'-- Installing: /home/student/ros2_ws/install/tuos_ros/share/tuos_ros/local_setup.bash\n'}
[9.767794] (tuos_ros) StdoutLine: {'line': b'-- Installing: /home/student/ros2_ws/install/tuos_ros/share/tuos_ros/local_setup.sh\n'}
[9.767859] (tuos_ros) StdoutLine: {'line': b'-- Installing: /home/student/ros2_ws/install/tuos_ros/share/tuos_ros/local_setup.zsh\n'}
[9.768049] (tuos_ros) StdoutLine: {'line': b'-- Installing: /home/student/ros2_ws/install/tuos_ros/share/tuos_ros/local_setup.dsv\n'}
[9.768215] (tuos_ros) StdoutLine: {'line': b'-- Installing: /home/student/ros2_ws/install/tuos_ros/share/tuos_ros/package.dsv\n'}
[9.768428] (tuos_ros) StdoutLine: {'line': b'-- Installing: /home/student/ros2_ws/install/tuos_ros/share/ament_index/resource_index/packages/tuos_ros\n'}
[9.768600] (tuos_ros) StdoutLine: {'line': b'-- Installing: /home/student/ros2_ws/install/tuos_ros/share/tuos_ros/cmake/tuos_rosConfig.cmake\n'}
[9.768708] (tuos_ros) StdoutLine: {'line': b'-- Installing: /home/student/ros2_ws/install/tuos_ros/share/tuos_ros/cmake/tuos_rosConfig-version.cmake\n'}
[9.768826] (tuos_ros) StdoutLine: {'line': b'-- Installing: /home/student/ros2_ws/install/tuos_ros/share/tuos_ros/package.xml\n'}
[9.769797] (tuos_ros) CommandEnded: {'returncode': 0}
[9.779316] (tuos_ros) JobEnded: {'identifier': 'tuos_ros', 'rc': 0}
[9.780076] (-) EventReactorShutdown: {}
